:020000040800F2
:108000000000022029A400086D9500087195000861
:1080100075950008799500087D950008000000001E
:108020000000000000000000000000008195000832
:108030008595000800000000899500088D950008CE
:108040006DA400086DA400086DA400086DA40008CC
:108050006DA400086DA400086DA400086DA40008BC
:108060006DA400086DA400086DA400086DA40008AC
:108070006DA400086DA400085DD101086DA400087E
:108080006DA400086DA400086DA400086DA400088C
:108090006DA400086DA400086DA400086DA400087C
:1080A0006DA400086DA400086DA400086DA400086C
:1080B0006DA400086DA400086DA400086DA400085C
:1080C0006DA400086DA400086DA400086DA400084C
:1080D0006DA400086DA400086DA400086DA400083C
:1080E0006DA400086DA400086DA400086DA400082C
:1080F0006DA400086DA400086DA400086DA400081C
:108100006DA400086DA400086DA400086DA400080B
:108110006DA400086DA400086DA400086DA40008FB
:108120006DA400086DA400086DA400086DA40008EB
:108130006DA400086DA400086DA400086DA40008DB
:108140006DA400086DA400086DA400086DA40008CB
:108150006DA400086DA400086DA400086DA40008BB
:108160006DA400086DA400086DA400086DA40008AB
:108170006DA400086DA400086DA400086DA400089B
:108180006DA400086DA400080000000000000000BD
:10819000830730B548D0541E002A3FD0CAB20346E8
:1081A00001E0013C3AD303F8012B9D07F9D1032CE0
:1081B0002DD9CDB245EA05250F2C45EA054536D91E
:1081C000A4F1100222F00F0C03F1200EE6444FEA56
:1081D000121C03F1100242E9045542E90255103223
:1081E0007245F8D10CF1010214F00C0F03EB0212EE
:1081F00004F00F0C13D0ACF1040323F00303043399
:10820000134442F8045B9342FBD10CF003042CB1FD
:10821000CAB21C4403F8012B9C42FBD130BD64461A
:108220001346002CF4D1F9E703461446BFE71A467B
:10823000A446E0E710EE103AC3F3C7527F3A162A7D
:1082400010EE101A15DC002A0CDB0C48104103421A
:1082500005D04FF4800313410B4423EA000300EEE2
:10826000103A7047013203F00043F8D143F07E53D7
:10827000F5E7802AF3D130EE000A7047FFFF7F0058
:1082800008B52DED048BF0EE408AB0EE608A00F068
:1082900097F8474B93F900300133B0EE409A1FD066
:1082A000B4EE488AF1EE10FA1AD6F4EE688AF1EECE
:1082B00010FA59D6DFED3F9AF4EE698AF1EE10FA22
:1082C00013D1B4EE698AF1EE10FA29D0B0EE480A63
:1082D00000F07CFB20B1B4EEE98AF1EE10FA4DD447
:1082E000B0EE490ABDEC048B08BD00F06FFBF0B1A5
:1082F000B5EE409AF1EE10FAF2D1B0EE680A00F055
:1083000065FB0028ECD0B0EE480A00F05FFB0028C7
:10831000E6D024F03EE922239FED269A0360DFE7B2
:10832000B7EE009AB0EE490ABDEC048B08BDB0EE82
:10833000680A00F04BFB0028DAD0B0EE480A00F0E3
:1083400045FB0028D4D0B4EE499AF1EE10FA28D6B5
:1083500024F01EE9F5EEC08A2223F1EE10FA036044
:1083600013D49FED159ABBE7B5EE408AF7EE007A7D
:10837000F1EE10FA08BFB0EE679AB1E724F008E911
:1083800021239FED0E9A0360AAE7B0EE480A00F0A1
:1083900031FBB4EE480AF1EE10FAE2D09FED079AF5
:1083A0009EE724F0F6E8212389EEA99A036097E777
:1083B00064020020000000000000807F000080FFB9
:1083C0002DE9F04710EE904A34F000482DED028B75
:1083D00015D010EE105A25F00047B7F1FF4F10EE00
:1083E000109A06DDBDEC028BB948BDE8F04700F0FD
:1083F000FBBAB8F1FF4F08DDB7F17E5FF2D1B7EEFF
:10840000000ABDEC028BBDE8F087002D10EE906AEB
:10841000C0F2F4804FF0000AB8F1FF4F00F0028183
:10842000B8F17E5F00F02881B6F1804F00F03D8109
:10843000B6F17C5F00EE105A40F00181B9F1000FF7
:1084400080F2388100F0BAFAB7F1FF4F00F00981ED
:10845000002F00F00281B7F17E5F00F0F8804FEA54
:10846000D973013B5AEA030200F02A81B8F19A4F0E
:1084700040F35081974A974240F35982964A974277
:1084800000F3FF80F7EE007A30EE670A9FED936A03
:10849000DFED935AF5EE007AA0EE676AF6EE006A19
:1084A000E6EE406A20EE007ADFED8E7A9FED8E6A6E
:1084B00027EE267A67EEC77AE0EE257AF0EE676A55
:1084C000E0EE066A16EE902A22F47F6222F00F0296
:1084D00007EE102AA0EE467A06EE902A77EEC77ACB
:1084E00026F47F6626F00F0607EE104A06EE106AA5
:1084F00067EE877A37EE466A07EE106AE6EE267A6E
:108500000AF1FF3A5AEA030326EE877AB7EE000A29
:1085100077EE876ABFEE006A16EE903A0CBFB0EEB7
:10852000468AB0EE408A002B23F0004240F3B5812A
:10853000B2F1864F00F3F48100F0E781B2F17C5F85
:1085400000F3B7810022104623F47F6323F00F036A
:1085500006EE103ADFED656A9FED655A9FED652ADC
:108560009FED653ADFED653A9FED654ADFED654ABF
:1085700036EE477AF0EE002A77EEC77A26EE267AB4
:10858000DFED616AA7EEA67AF0EE476AE6EE056ACD
:1085900066EEA65AF0EE667AA5EE823AE6EE457AE7
:1085A000B0EE636AA3EE256A77EE677AB0EE447A9E
:1085B000A6EE257AB0EE646AA7EE256AB0EE667A7A
:1085C000A6EE657AE6EEA77A66EE875A37EE626A1D
:1085D000B7EE005A85EE867A77EE677A77EEE66A2E
:1085E00035EE660A10EE103A1344B3F5000FC0F2F0
:1085F000B68100EE103A20EE080A02E7B8F1974F74
:108600001ADAB8F17E5F0ADB4FEAE853C3F196034A
:1086100048FA03F202FA03F3434500F039814FF0C0
:10862000000AFDE6B7F17E5F3FF4E9AE2FDD002ED4
:108630002ADB00EE104AE4E64FF0020AECE600F016
:10864000BDF9B7F1FF4F02D0002F7FF404AF002E29
:10865000BCBFF7EE007A87EE800AB9F1000FBFF6D3
:10866000D0AEA7F17E5757EA0A0340F00A8170EEB8
:10867000407A87EEA70AC4E6002E0FDB00EE105A00
:10868000BFE6002E00F356819FED200AB9E6002ECA
:10869000FADA07EE904AB1EE670AB2E607EE105A30
:1086A000F7EE007A87EE870AABE607EE905A27EEE0
:1086B000A70AA6E6BDEC028BBDE8F04700F07AB948
:1086C00007EE905A77EEE77A87EEA70A99E600BFA1
:1086D00070C50208F7FF7F3F0700803FABAAAA3EA4
:1086E00070A5EC363BAAB83F00AAB83F8CBEBF3598
:1086F0000072313F4CBB31330EEADDB555B38A38D9
:10870000610B36BBABAA2A3E1872313F0000000055
:108710000000804B19F0FF4F40F0F5805FED047AC8
:1087200060EE277A6FF0170217EE907A8D48F915F0
:10873000C7F316077F398742114447F07E5240F352
:10874000DA808948874240F3FA809FED885A0131E8
:10875000B0EE453AA2F50002F7EE005A002006EE10
:10876000102A76EE257AB7EE007A87EE270A5210A5
:1087700042F0005202F58022024476EE656A07EE6E
:10878000901A66EE803AB8EEE77A13EE901A07EE8A
:10879000902A774ADFED770A9FED778A9FED771A67
:1087A000DFED772ADFED771A9FED772A77EEE55A2E
:1087B000114004EE901A36EE656A63EEA35AE4EEB9
:1087C000E76AF0EE607AE5EE887AE4EEC66AA7EE34
:1087D000A51A66EE806AE1EE252A73EEA47AE2EE2F
:1087E000A51A25EEA58AA1EEA52A67EEA67AB0EE17
:1087F000084AB0EE446AE8EE027AA4EEA46ADFED1D
:10880000630A9FED631ADFED632A36EE276A16EEE0
:10881000101A114006EE101A76EE445AE4EEE45AAD
:1088200077EEE57A67EEA37AE6EE867AF0EE675A9F
:10883000E4EE865A15EE901A114006EE901AE4EE18
:10884000C66A05EE901A77EEE67A67EEA07AE5EE54
:10885000817A77EE837AF0EE676AE5EEA26A76EEC9
:10886000856A76EE876A16EE901A114006EE901A27
:1088700036EEC77A37EE457AA5EEE27A77EEC77A1A
:108880002EE6BAF1010F7FF4BCADB1EE400AB8E5B7
:1088900002F00102C2F1020AC2E53F498A4257DCF6
:1088A0007FF44CAE76EEC76AF4EEE76AF1EE10FAAA
:1088B0004EDAD2154FF400017E3A41FA02F21A4420
:1088C000C2F3C751354C7F390C41C2F3160022EA7E
:1088D000040206EE902A37EE667A40F40000C1F1F9
:1088E00017010841002B77EE876AB8BF404216EEA9
:1088F000903AC20528E69FED1D5AF7EE005AB0EEF9
:10890000453A00202BE7002210E79FED256A76EE1E
:10891000C76A37EE866AB4EEE66AF1EE10FAC8DD91
:10892000DFED207A28EE270A20EE270A69E5002EDF
:10893000BFF6AAAE9FED1B0A20EE000A61E59FED8F
:108940001A5A9FED1A3AF7EE085A4FF4001006E74C
:10895000DFED177A28EE270A20EE270A51E500F00E
:10896000A7F848E671C41C00D6B35D000000000003
:1089700000F0FFFF55326C3E42F1533E05A38B3EA3
:10898000ABAAAA3EB76DDB3E9A99193F4F38763FA6
:10899000A0C39D360038763F00001643FFFF7F00DE
:1089A0003CAA3833CAF2497100C0153FDCCFD1353B
:1089B0006042A20DB1EEC00A704700BF10EE103A3F
:1089C00023F0004300EE103A704700BF82B08DEDF7
:1089D000010A019820F00040B0F1FF4FACBF002029
:1089E000012002B0704700BF9FED010A704700BF31
:1089F0000000C07F10EE101AC1F3C753A3F17F022D
:108A0000162A21F0004325DC53B3002A82B04FEA36
:108A1000D17026DB244B1341194219D04FEA530C75
:108A200011EA530307D04FF4001321EA0C0113415C
:108A30000B4300EE103A1D4B03EB8003D3ED007A9D
:108A400037EE800A8DED010A9DED010A30EE670ACE
:108A500002B07047B3F1FF4F02D330EE000A704707
:108A60007047124AC1F316035B4202EB80005B0AB7
:108A70000A0D03F480031205134307EE903AD0ED7C
:108A8000006A36EEA77A01F000418DED017ADDED46
:108A9000017A77EEE67A17EE903A23F000430B4323
:108AA00000EE103AD4E700BFFFFF7F007007020816
:108AB00082B08DED010A019B33F000422AD0B2F161
:108AC000FF4F23D213F0FF4F28D19DED017ADFED48
:108AD0002A7A2A4B67EE277A9842CDED017A37DB66
:108AE000019BC3F3C752193A0244FE2A1ADD9FEDD7
:108AF000240A9FED247A019B002BF0EE407AB8BF48
:108B0000B0EE470A20EE270A02B0704730EE000AA6
:108B100002B070479DED010A02B07047D20D0244C9
:108B2000FE2AE4DC002A0BDC12F1160F17DA4CF2F5
:108B300050339842DBDC9FED140A9FED147ADAE79C
:108B400023F0FF4343EAC25300EE103A02B07047ED
:108B50009FED0D0ADDED017A27EE800AD8E7193284
:108B600023F0FF4343EAC253DFED097A07EE103AE0
:108B700027EE270ACCE700BF0000004CB03CFFFF07
:108B8000CAF24971CAF249F16042A20D6042A28D57
:108B90000000003370B54FF0FF0C4CF4E06C1CEAA1
:108BA00011541DBF1CEA135594EA0C0F95EA0C0FE3
:108BB00000F0DEF82C4481EA030621EA4C5123EA56
:108BC0004C5350EA013518BF52EA033541F4801185
:108BD00043F4801338D0A0FB02CE4FF00005E1FB38
:108BE00002E506F00042E0FB03E54FF00006E1FB82
:108BF00003569CF0000F18BF4EF0010EA4F1FF04C5
:108C0000B6F5007F64F5407404D25FEA4E0E6D4104
:108C100046EB060642EAC62141EA55514FEAC52015
:108C200040EA5E504FEACE2EB4F1FD0C88BFBCF591
:108C3000E06F1ED8BEF1004F08BF5FEA500E50F142
:108C4000000041EB045170BD06F0004646EA010108
:108C500040EA020081EA0301B4EB5C04C2BFD4EB3A
:108C60000C0541EA045170BD41F480114FF0000E33
:108C7000013C00F3AB8014F1360FDEBF002001F0A1
:108C8000004170BDC4F10004203C35DA0C341BDC1B
:108C900004F11404C4F1200500FA05F320FA04F0ED
:108CA00001FA05F240EA020001F0004221F0004121
:108CB00010EBD37021FA04F642EB06015EEA430E94
:108CC00008BF20EAD37070BDC4F10C04C4F12005C4
:108CD00000FA04F320FA05F001FA04F240EA020077
:108CE00001F0004110EBD37041F100015EEA430E48
:108CF00008BF20EAD37070BDC4F1200500FA05F268
:108D00004EEA020E20FA04F301FA05F243EA0203E6
:108D100021FA04F001F0004121FA04F220EA0200F5
:108D200000EBD3705EEA430E08BF20EAD37070BD3B
:108D300094F0000F0FD101F00046400041EB01011B
:108D400011F4801F08BF013CF7D041EA060195F0FD
:108D5000000F18BF704703F00046520043EB0303B7
:108D600013F4801F08BF013DF7D043EA06037047A4
:108D700094EA0C0F0CEA135518BF95EA0C0F0CD0AF
:108D800050EA410618BF52EA4306D1D181EA0301F5
:108D900001F000414FF0000070BD50EA410606BFEF
:108DA0001046194652EA430619D094EA0C0F02D134
:108DB00050EA013613D195EA0C0F05D152EA033679
:108DC0001CBF104619460AD181EA030101F0004197
:108DD00041F0FE4141F470014FF0000070BD41F0E0
:108DE000FE4141F4780170BD81F0004102E000BF16
:108DF00083F0004330B54FEA41044FEA430594EA5B
:108E0000050F08BF90EA020F1FBF54EA000C55EA95
:108E1000020C7FEA645C7FEA655C00F0E2804FEA66
:108E20005454D4EB5555B8BF6D420CDD2C4480EA48
:108E3000020281EA030382EA000083EA010180EA78
:108E4000020281EA0303362D88BF30BD11F0004FC6
:108E50004FEA01314FF4801C4CEA113102D04042FC
:108E600061EB410113F0004F4FEA03334CEA133337
:108E700002D0524263EB430394EA050F00F0A7804F
:108E8000A4F10104D5F1200E0DDB02FA0EFC22FA4A
:108E900005F2801841F1000103FA0EF2801843FA3E
:108EA00005F359410EE0A5F120050EF1200E012A2F
:108EB00003FA0EFC28BF4CF0020C43FA05F3C0186D
:108EC00051EBE37101F0004507D54FF0000EDCF1E6
:108ED000000C7EEB00006EEB0101B1F5801F1BD38F
:108EE000B1F5001F0CD349085FEA30004FEA3C0C93
:108EF00004F101044FEA445212F5800F80F09A8089
:108F0000BCF1004F08BF5FEA500C50F1000041EB8C
:108F1000045141EA050130BD5FEA4C0C404141EB90
:108F20000101013C28BFB1F5801FE9D291F0000F8B
:108F300004BF01460020B1FA81F308BF2033A3F13A
:108F40000B03B3F120020CDA0C3208DD02F1140C31
:108F5000C2F10C0201FA0CF021FA02F10CE002F16C
:108F60001402D8BFC2F1200C01FA02F120FA0CFC65
:108F7000DCBF41EA0C019040E41AA2BF01EB0451AE
:108F8000294330BD6FEA04041F3C1CDA0C340EDCAC
:108F900004F11404C4F1200220FA04F001FA02F3EF
:108FA00040EA030021FA04F345EA030130BDC4F1AD
:108FB0000C04C4F1200220FA02F001FA04F340EAA2
:108FC0000300294630BD21FA04F0294630BD94F053
:108FD000000F83F4801306BF81F480110134013D3A
:108FE0004EE77FEA645C18BF7FEA655C29D094EAAB
:108FF000050F08BF90EA020F05D054EA000C04BF29
:109000001946104630BD91EA030F1EBF0021002013
:1090100030BD5FEA545C05D14000494128BF41F0B2
:10902000004130BD14F580043CBF01F5801130BD16
:1090300001F0004545F0FE4141F470014FF00000A1
:1090400030BD7FEA645C1ABF194610467FEA655C52
:109050001CBF0B46024650EA013406BF52EA0335F4
:1090600091EA030F41F4002130BD00BF90F0000FE2
:1090700004BF0021704730B54FF4806404F132041E
:109080004FF000054FF0000150E700BF90F0000FD7
:1090900004BF0021704730B54FF4806404F13204FE
:1090A00010F0004548BF40424FF000013EE700BFCE
:1090B00042004FEAE2014FEA31014FEA02701FBF5E
:1090C00012F07F4393F07F4F81F06051704732F090
:1090D0007F4208BF704793F07F4F04BF41F40021E7
:1090E000704730B54FF4607401F0004521F0004145
:1090F0001CE700BF50EA010208BF704730B54FF0CF
:1091000000050AE050EA010208BF704730B511F0CF
:10911000004502D5404261EB41014FF4806404F107
:1091200032045FEA915C3FF4D8AE4FF003025FEA8D
:10913000DC0C18BF03325FEADC0C18BF033202EB11
:10914000DC02C2F1200300FA03FC20FA02F001FA6B
:1091500003FE40EA0E0021FA02F11444BDE600BF0E
:109160004FEA4102B2F1E04324BFB3F5001CDCF149
:10917000FE5C0DD901F0004C4FEAC0024CEA507081
:10918000B2F1004F40EB830008BF20F001007047B0
:1091900011F0804F21D113F13872BCBF01F00040B3
:1091A000704741F480114FEA5252C2F11802C2F1E5
:1091B000200C10FA0CF320FA02F018BF40F0010066
:1091C0004FEAC1234FEAD32303FA0CFC40EA0C0018
:1091D00023FA02F34FEA4303CCE77FEA625307D155
:1091E00050EA01331EBF4FF0FE4040F4400070478C
:1091F00001F0004040F0FE4040F40000704700BF26
:10920000844641EA000313F003036DD1403A41D391
:1092100051F8043B40F8043B51F8043B40F8043B50
:1092200051F8043B40F8043B51F8043B40F8043B40
:1092300051F8043B40F8043B51F8043B40F8043B30
:1092400051F8043B40F8043B51F8043B40F8043B20
:1092500051F8043B40F8043B51F8043B40F8043B10
:1092600051F8043B40F8043B51F8043B40F8043B00
:1092700051F8043B40F8043B51F8043B40F8043BF0
:1092800051F8043B40F8043B51F8043B40F8043BE0
:10929000403ABDD2303211D351F8043B40F8043B80
:1092A00051F8043B40F8043B51F8043B40F8043BC0
:1092B00051F8043B40F8043B103AEDD20C3205D390
:1092C00051F8043B40F8043B043AF9D2043208D088
:1092D000D2071CBF11F8013B00F8013B01D30B88FA
:1092E00003806046704700BF082A13D38B078DD0D8
:1092F00010F003038AD0C3F10403D21ADB071CBFAA
:1093000011F8013B00F8013B80D331F8023B20F813
:10931000023B7BE7043AD9D3013A11F8013B00F84C
:10932000013BF9D20B7803704B7843708B788370D4
:109330006046704788420DD98B1883420AD900EBEA
:10934000020CBAB1624613F801CD02F801CD994280
:10935000F9D170470F2A0ED8034602F1FF3C4AB1FB
:109360000CF1010C013B8C4411F8012B03F8012F87
:109370006145F9D1704740EA01039B0750D1A2F142
:10938000100370B501F1200C23F00F0501F1100E50
:1093900000F11004AC441B095EF8105C44F8105C4A
:1093A0005EF80C5C44F80C5C5EF8085C44F8085C01
:1093B0005EF8045C44F8045C0EF1100EE64504F11E
:1093C0001004E9D1013312F00C0F01EB031102F08C
:1093D0000F0400EB031327D0043C24F003064FEAEC
:1093E000940C1E441C1F8E465EF8045B44F8045F18
:1093F000B442F9D10CF1010402F0030203EB84033F
:1094000001EB840102F1FF3C4AB10CF1010C013B7C
:109410008C4411F8012B03F8012F6145F9D170BD7F
:1094200002F1FF3C03469BE72246EBE72DE9F041C2
:1094300005460C4690464848484916F079FD48488C
:1094400043462946224610F0BBFE464B93F8C4071C
:10945000002814BF21462946B8F1000F79D0424EAA
:1094600018F0010F01F10402D6E90245376871686E
:1094700008F1FF3E24D032F9043C002BB8BF5B4218
:1094800098B232F9023C002BB8BF5B42C01B9BB2C2
:109490005B1A0028D4BFAC46A4460CFB00F80EF1C2
:1094A000FF3E002BD4BF2846204600FB03F3BEF14D
:1094B000FF3F02F1040207EBE83701EBE33146D04E
:1094C00032F9040C32F9023C0028B8BF4042002BAC
:1094D000B8BF5B429BB25B1A80B2A0EB070C002BBB
:1094E000D4BF28462046BCF1000FD4BFA846A046F2
:1094F00000FB03F332F9040B08FB0CFC07EBEC3C1C
:1095000032F9027C0028B8BF4042002FB8BF7F422A
:1095100001EBE3311FFA80F8BBB25B1AA8EB0C0039
:10952000002BD4BF2F4627460028D4BFA846A0460C
:10953000AEF1020E07FB03F308FB00F0BEF1FF3FA4
:109540000CEBE03701EBE33102F10402B8D1C6E9DC
:109550000071BDE8F08100BF04D9012044F1012071
:10956000A4D90120A4E9012094D90120704700BFAB
:10957000FEE700BFFEE700BFFEE700BFFEE700BF5B
:10958000704700BF704700BF704700BF094810B563
:1095900015F0FCFF084B187818B1084C21888B0691
:1095A00000D410BDA2880348D1B216F0E7FA83B206
:1095B000A38010BDF0F80120A8F8012000100140A0
:1095C00030B587B0012103A800F0F0F90121022095
:1095D00000F068FA01254FF001232848284C04A91F
:1095E000CDE9045300F072F84FF68071254B264800
:1095F00000914FF4E832254907F0C0F9244800F003
:1096000053FC2449244816F06FFB2448009066223E
:1096100004230021C0E900118260C3601E4A1A4B76
:109620001B49204615F04AFC2946144800F066F90B
:109630000546291E18BF012119484FF4FA4213F0BC
:10964000C3FB10B9072084F8BC00164A1448202137
:1096500013F004FC10B9072284F8BC200C4C2378CA
:1096600023B903A800F0AAF907B030BD0E4800F0F6
:1096700065F903A800F0A2F907B030BD000402406C
:10968000F0F8012000000010A4D901207802002089
:10969000A8F80120ACF8012004D9012094D90120B8
:1096A00078D201202D94000890D9012008B5FFF749
:1096B00087FF044D044C284616F0D8F9204607F0E1
:1096C0004DFAF8E7F0F80120A4D9012000232DE994
:1096D000F0434FF0010C9E46032423E00D680EF189
:1096E00001020CFA02F838EA050503F1020300F062
:1096F000D3800D68561C0CFA06F737EA050503F10E
:10970000020E00F08C800F68951C0CFA05F636EA04
:10971000070703F1040E3DD00D2A02F1030E03F1F9
:1097200006037AD00D680CFA0EF232EA0505D5D19F
:10973000076804FA03F627EA060505600D7907684D
:109740009D403D43056091F8048008F1FF35012DEF
:109750006FEA060612D887683E4086604D798668B3
:109760009D4035438560476827EA020242608D7953
:10977000426805FA0EF6B7B217434760C66804FAA6
:1097800003F926EA0905C560CF79C2689F401743EF
:10979000C760A3E7076804FA0EF827EA080707601E
:1097A00091F8049009FA0EF7D0F8009047EA0907FB
:1097B000076091F8049009F1FF37012F6FEA08085C
:1097C00017D8876808EA0707876091F8058008FAC4
:1097D0000EF9D0F8088049EA08078760476827EA49
:1097E000060646608F79466807FA05F5AFB237433B
:1097F0004760C56804FA0EF725EA0706C66091F8C7
:109800000790C76809FA0EF545EA07060D2AC660F3
:1098100002F1030E03F1060384D1BDE8F08305686D
:1098200004FA0EF825EA0805056091F8049009FA93
:109830000EF5D0F8009045EA0905056091F804900E
:1098400009F1FF35012D6FEA080816D8856808EA86
:109850000505856091F8058008FA0EF9D0F80880B2
:1098600049EA08058560456825EA070747608D795C
:10987000B5404668AFB237434760C56804FA0EF793
:1098800025EA0706C66091F80790C76809FA0EF541
:1098900045EA0706C66036E7066804FA03F726EAD3
:1098A00007050560FE430F79D0F800E09F4047EAC6
:1098B0000E05056091F8049009F1FF37012F11D8CA
:1098C00085682E4086604E7987689E403E4386605C
:1098D000456825EA080646608F7946689740BDB21C
:1098E00035434560C76804FA03F527EA0506C660F4
:1098F000CF79C5689F402F43C760FAE603691942D4
:1099000014BF0120002070470AB1018370474183D2
:10991000704700BFCB0800EB830001F00701036A2A
:1099200089004FF00F0C0CFA01FC23EA0C030362D0
:10993000036A8A401A430262704700BF30B50121B2
:1099400087B0102000F0C6F8164C174D01210846CC
:1099500000F0A8F840F20223694620464FF4C062A6
:10996000CDE90023FFF7B2FE204607220921FFF7C9
:10997000D1FF204607220A21FFF7CCFF00244FF435
:1099800016524FF4402302A92846CDE90343029220
:10999000ADF8144000F0DCF80121284600F03CF955
:1099A00007B030BD000002400010014001B970470F
:1099B0004FF400414FF0006000F05ABD4FF0E0233B
:1099C000064A10B4F020064C5C61002182F82300A6
:1099D000072299615DF8044B1A61704700ED00E0C1
:1099E0003F900200034B090741EA8010C3F884004E
:1099F000704700BF00380240014B9866704700BFB7
:109A00000000474210B4204A936803F00C01042977
:109A10001DD008291ED01D4B03601B4A1C499468A9
:109A2000C4F3031C11F80C40E34043609468C4F392
:109A3000822C11F80C4023FA04F484609268C2F37B
:109A40004234095D5DF8044BCB40C3607047114B55
:109A50000360E2E754685368516803F03F0C0A4B17
:109A600014F4800FC1F38814596814BF094A074AD7
:109A7000B2FBFCF202FB04F4C1F3014201325300D9
:109A8000B4FBF3F30360C8E7003802400024F4009D
:109A90000000002000127A00014BC3F85C017047FF
:109AA00000004742044A136B11B11843106370471A
:109AB00023EA00001063704700380240044A136C28
:109AC00011B118431064704723EA00001064704716
:109AD00000380240044A536C11B118435064704777
:109AE00023EA00005064704700380240044A136AB9
:109AF00011B118431062704723EA000010627047EA
:109B000000380240044A536A11B11843506270474A
:109B100023EA000050627047003802404309012BDD
:109B20000BD00A49022B0CBF096F496F00F01F00D0
:109B300021FA00F303F001007047044A116800F0B5
:109B40001F0021FA00F303F00100704700380240C3
:109B500030B5038ACA881FFA83FC2CF440531343A0
:109B60000382B0F80CE08B880D4609892EF4B05CB6
:109B70000B4369892CF00C0212040B439BB2110CAD
:109B80000B438381818AAA891FFA81FE2EF44073D8
:109B900085B01343044683826846FFF733FF1C48B1
:109BA000844205D000F580618C4201D0029A00E029
:109BB000039AB4F80CC02D68164802EB820E1CF410
:109BC000004F14BF6D00AD000EEB8E03B3FBF5FE2E
:109BD000A589A0FB0E214B0964211A0101FB13E3A7
:109BE00029040AD41D013235A0FB0510C0F343112E
:109BF00011438AB2228105B030BDDB003233A0FBB5
:109C00000315C5F3421111438AB2228105B030BD5C
:109C1000001001401F85EB51838921B199B241F4B5
:109C200000528281704723F400510A04130C83818F
:109C3000704700BF044B1A69002A03DA034904483D
:109C400059605860704700BF003C024023016745DF
:109C5000AB89EFCD014BD860704700BF003C02409C
:109C60000E4BDA68D20310D4D968C9060FD4DA686B
:109C7000D20510D4D96811F0E00F0AD1DB6813F0D7
:109C8000020F14BF082009207047012070470620EA
:109C90007047072070470220704700BF003C024019
:109CA00000B583B009238DF80730FFF7D9FF8DF891
:109CB00007009DF80700012823D1164A12E0D0685A
:109CC000C30523D4D16811F0E00F21D1D36813F07C
:109CD000020F14BF082309238DF807309DF80700F1
:109CE00001280ED1D168C8034FF00103F4D4D36822
:109CF000D906E4D506238DF807309DF80700012822
:109D0000F0D09DF8070003B05DF804FB0223E3E701
:109D10000723E1E7003C024070B5054661B1012927
:109D20002FD002290CBF4FF400744FF44074FFF79A
:109D3000B7FF092805D070BD0C46FFF7B1FF092811
:109D4000F9D1114E336923F44070306131692143F8
:109D50003161326922F0F804346133692B4343F0F6
:109D600002053561306940F480313161FFF798FFB9
:109D7000326922F002043461336923F0F805356159
:109D800070BD4FF48074D8E7003C024070B50546C2
:109D90000C46FFF785FF092800D070BD0A4E3369D5
:109DA00023F440703061316941F4007232613369EB
:109DB00043F0010030612C60FFF772FF356925F038
:109DC0000104346170BD00BF003C024070B505461F
:109DD0000C46FFF765FF092800D070BD0A4E3369B5
:109DE00023F440703061316941F48072326133692B
:109DF00043F0010030612C80FFF752FF356925F0F8
:109E00000104346170BD00BF003C024030B5012147
:109E100083B004460220FFF745FE01210420FFF72E
:109E200041FE4FF001254FF4807369460948CDE9A2
:109E30000035FFF74BFC4FF4406207486946CDE917
:109E40000025FFF743FCFF2020706070A07003B076
:109E500030BD00BF0004024000080240F8B5104FBA
:109E6000057804466A004FF40061384655B2FFF7A2
:109E700045FD66782843730020704FF480613846B2
:109E80005FB2FFF73BFDA17838434A0060704FF4A2
:109E90008071044855B2FFF731FD2843A070F8BD2A
:109EA00000080240000402402DE9F84F0546002357
:109EB00005F8043BA04CDFF89C9207464FF0EF08F2
:109EC00000F14406A246AE4604F1400BD446BCE87D
:109ED0000F00DC45CEF80000CEF80410CEF80820C4
:109EE000CEF80C300AF1100A0EF1100EEED1721BF2
:109EF00012F007002B464FF000012BD0012822D092
:109F000002281CD0032816D004280FD0052808D01A
:109F1000062801D013F8011B13F801BB8B441FFA6C
:109F20008BF113F801CB8C441FFA8CF113F801ABC1
:109F30008A441FFA8AF113F8012B0A4491B213F8EC
:109F4000010B084481B213F801BB8B44B3421FFAE2
:109F50008BF122D09A4693F802E01AF8012B93F87D
:109F600003C09AF800000A4410FA82FB1EFA8BFA2A
:109F7000197993F805E0987993F807B01CFA8AF2FA
:109F800011FA82F11EFA81FC10FA8CF008331BFAE8
:109F900080FAB3421FFA8AF1DCD1B4F84030CA43E8
:109FA00091B28B4200F0B180443C4C4508F1FF383F
:109FB00088D1624A624B63497A604FF07F40012248
:109FC0004FF000098024B960FB603B617B61BB619D
:109FD000FB613B627B62BB62FB623B633A7078630E
:109FE0003C87A7F8449087F83A90FFF723FEF320C8
:109FF000FFF730FEB7F844105348544A01EB011301
:10A0000000EB830494424FEA830380F089800029A7
:10A0100000F08880DFF840A1DFF840B103F1006E66
:10A020000EF580419A449B446FF00300A0EB0708B3
:10A030008844A94609EB080059F8041BFFF7A6FE5F
:10A04000B145F7D1741B14F007034FF000022BD079
:10A05000012B22D0022B1BD0032B15D0042B0FD0A9
:10A06000052B08D0062B01D015F8012B15F801CBD4
:10A0700094441FFA8CF215F801EB96441FFA8EF205
:10A0800015F8011B11448AB215F8010B104482B275
:10A0900015F8018B90441FFA88F215F8019B914442
:10A0A000B5421FFA89F21FD02C46A97814F8013B5B
:10A0B00095F805E0207895F80680134410FA83F2AD
:10A0C00011FA82F4E9782B7911FA84FC13FA8CF0F6
:10A0D0001EFA80F495F80790083518FA84F119FAF9
:10A0E00081F2B54292B2DFD1D543A9B25846FFF70B
:10A0F0006DFEB7F844105046FFF768FEB7F84460AD
:10A100000136A7F84460BDE8F88FB4F84200404536
:10A110007FF44AAF08F10103A7F84430BDE8F88F97
:10A12000A7F8449002210820FFF7F6FDDFF82CB0D5
:10A13000DFF824A0064977E77C7F00080A578542AC
:10A14000AE47013F1F85A8C24440000800800008B8
:10A1500000400008BC3F00084240000840400008A2
:10A160002DE9F04F83B00C4601F204471D460193E0
:10A170001646FFF75FFDF320FFF76CFD04F10800C2
:10A180000221C000FFF7C8FD002D00F09C804FEABF
:10A190004749002731684846FFF7F8FD716809F123
:10A1A0000400FFF7F3FDD6E90114032909F10808BB
:10A1B00040F28C800A1F22F0030504352B1F9808FB
:10A1C000013010F00701C34604EB050A3ED0012917
:10A1D00033D002292AD0032921D0042918D00529F7
:10A1E0000FD0062906D054F8041B404609F10C0B89
:10A1F000FFF7CCFD584654F8041BFFF7C7FD0BF1E1
:10A20000040B584654F8041BFFF7C0FD0BF1040B78
:10A21000584654F8041BFFF7B9FD0BF1040B5846E0
:10A2200054F8041BFFF7B2FD0BF1040B584654F829
:10A23000041BFFF7ABFD0BF1040B54F8041B58464D
:10A24000FFF7A4FD54450BF1040B33D022465846CA
:10A2500052F8041B0092FFF799FD009B0BF10409D3
:10A2600019684846FFF792FDA1680BF10800FFF757
:10A270008DFDE1680BF10C00FFF788FD21690BF102
:10A280001000FFF783FD203454F80C1C0BF1140070
:10A29000FFF77CFD54F8081C0BF11800FFF776FD62
:10A2A0000BF11C0054F8041CFFF770FD54450BF132
:10A2B000200BCBD108EB0509019C0137BC4206F10C
:10A2C0000C067FF467AF03B0BDE8F08FC146F3E73B
:10A2D0002DE9F0470746FFF7ADFCF320FFF7BAFC86
:10A2E000B7F844104B4A4C4801EB011302EB8304CE
:10A2F000844207F104057BD30021A7F84410022112
:10A300000820FFF709FDDFF81891DFF81881434AAC
:10A310006FF00303A3EB070A924407F144062C46AF
:10A3200004EB0A0054F8041BFFF730FDB442F7D1E8
:10A33000701B10F007014FF0000328D0012920D036
:10A3400002291AD0032913D004290DD0052906D0DB
:10A3500006295BD115F801CB9C441FFA8CF315F844
:10A3600001EB9E441FFA8EF315F8012B1A4493B2A9
:10A3700015F801AB9A441FFA8AF315F8014B1C44F7
:10A38000A3B215F8010B1844B54283B21FD0AC46F6
:10A39000AA781CF8011B95F803E09CF800401944CA
:10A3A00014FA81F02B79697912FA80F21EFA82FA96
:10A3B000A87913FA8AFC11FA8CF495F807E00835AD
:10A3C00010FA84F21EFA82F3B5429BB2DFD1DD436C
:10A3D000A9B24846FFF7FAFCB7F844104046FFF729
:10A3E000F5FCB7F844600136A7F84460BDE8F08793
:10A3F000002984D09E00DFF82C80DFF8249006F13D
:10A40000006A0AF58042B044B14481E715F8013B87
:10A41000A0E700BF4440000800800008004000089A
:10A420004040000842400008002103E00A4B5B580E
:10A430004350043109480A4B42189A42F6D3094A5C
:10A4400002E0002342F8043B074B9A42F9D314F090
:10A45000C9FBFFF72BF97047A0C5020800000020D8
:10A460007002002070020020C0F90120FEE7000009
:10A4700021F06041024B21F07F0210439860704749
:10A4800000ED00E008B5174B984206D01649884207
:10A490000FD0164A904218D008BD01214FF4001089
:10A4A000FFF724FBBDE8084000214FF40010FFF740
:10A4B0001DBB01214FF48000FFF718FBBDE80840E9
:10A4C00000214FF48000FFF711BB01214FF4000081
:10A4D000FFF70CFBBDE8084000214FF40000FFF738
:10A4E00005BB00BF0054004000580040005C004025
:10A4F00070B5868884B0044668460D4626F03F064F
:10A50000FFF780FA0299314A3004A2FB0132030CB2
:10A5100043EA9246A680208820F001031E04300CF6
:10A5200020802B682A4EB3424FEA924025D85B0028
:10A53000B1FBF3F6B1B20130042938BF0421208405
:10A54000A18321888AB242F001002080B4F800C0C3
:10A550006989AE882CF4816E2EF002031A040E4332
:10A56000100C304386B22680A9892D8929431FFA11
:10A5700081FCA4F808C004B070BDB5F806C04BF665
:10A58000FF7EF4451AD003EB830202EB8203B1FB9A
:10A59000F3F18EB246F4804ECEF30B0109B94EF0C2
:10A5A000010E0C4E4FF4967303FB00F0A6FB002047
:10A5B000820901324EF400412284C1E703EB4302D9
:10A5C000B1FBF2FC1FFA8CFEE6E700BF83DE1B4303
:10A5D000A0860100D34D6210038821B199B241F0E9
:10A5E00001020280704723F001010A04130C03806A
:10A5F000704700BF038821B199B241F48072028094
:10A60000704723F480710A04130C0380704700BF65
:10A61000038821B199B241F400720280704723F49B
:10A6200000710A04130C0380704700BF22B141F08F
:10A6300001018AB20282704701F0FE018AB20282F1
:10A64000704700BF01827047838A008B9AB242EA4A
:10A6500000430B4023F07F40411AB1FA81F25009C8
:10A66000704700BF82B000230A0F0093019301904E
:10A670000092009B21F07F4153B1019B1433019361
:10A68000019A13680B4214BF0120002002B07047EA
:10A69000019A1832090C0192F2E700BFF8B5541084
:10A6A000103C002B0260846042DD012BC1603FD072
:10A6B00001EB8402022B4FEA8406026148D001EBD1
:10A6C000C405032B45614FEA440515D0621901EB1F
:10A6D0008207042B87610FD0224401EB8207052BF0
:10A6E000C76109D0224401EB8207062B076203D021
:10A6F000224401EB8201416200EB830C5F1EDCF817
:10A7000008408462254400224760C56280F83020FA
:10A7100000EB830300F10C0403F1080554F8040B6B
:10A72000324600210EB1FDF733FDAC42F6D1F8BD43
:10A7300000EB83065D1EB1688162002201EB4407D5
:10A740009542C762456080F83020F0DDA600DFE763
:10A750006500D1E782680368012A40F381802DE912
:10A76000F0435C10651C161901EB850C01EB860E9D
:10A77000D0E90A40DFED3B2A9FED3B4A3B4D3C4E82
:10A780000431B6EE005AB7EE083A2DE020EE847A96
:10A7900061EE043AF0EE456AF0EE457AE7EE216AA2
:10A7A000E3EEA17AF4EEC10AF1EE10FABCEEE66A2D
:10A7B000FCEEE75A01ED012A4BD516EE103A36F8B9
:10A7C0001320C2F580439AB2C8451CBF524292B2D0
:10A7D00002EB8737BBB234F8022FE645A3EB020742
:10A7E00020F8027F238039D0BCEC017AF1EC016AB9
:10A7F00067EE077AF0EE434AE6EEA67A16EE907A16
:10A8000017EE902AA5EB520206EE102A67EE855A43
:10A8100017EE109A26EE650A07F00048E0EE064AA9
:10A8200009F0004929EA0807F5EE407A66EE241A95
:10A830004FEA9873F1EE10FA27EEA12AF0EEE60A3D
:10A84000B0EEC71A43EA5777A0D141ED012A0023A1
:10A85000C1E715EE903A36F81320B5E7BDE8F0836E
:10A86000704700BF0000000000000044DF59375F60
:10A87000D4BE0208F0B5036884685A10002C01EBBE
:10A88000820135DDD0E90A560A1FAF1EA6F1020E7D
:10A890004FF0000C3EF8023F37F8025F42F8045FC9
:10A8A00007EE903AB8EE671A846861EE201A0CF150
:10A8B000010CBCEEE12A644512EE106A35443D807D
:10A8C000E8DCDFED270A9FED277A70EE602A22EEA2
:10A8D000875AB5EEC05AF1EE10FA3FD49FED223AF6
:10A8E000B4EEC30AF1EE10FA16DD4FF400451BE09A
:10A8F000DFED1B3A9FED1B4A70EE634A24EE845A4B
:10A90000B5EEC05AF1EE10FA27D4DFED175AB4EEC7
:10A91000E50AF1EE10FA20DC25EE057AB0EE470AE2
:10A92000BEEEE80A10EE105A002C16DD0F4C104E49
:10A93000104FA1F1040C0021226806FB0273236072
:10A940005CF8042F1B1405FB03F302EBA332CCF8D5
:10A950000020836801318B42EEDCF0BD0025E3E787
:10A96000CDCC4C3D14AE873F384F7E3F10000020C9
:10A970000D6619005FF36E3C2DE9F04702688568AB
:10A980004FEA620E012D82B00C464FEA8E0A3BDD83
:10A990000A1D01EB8506B01A0AF1040340070B44B7
:10A9A0005D4900F1AC8018885F6892ED001A80095B
:10A9B000C7F3891C00F5807701EB8709D9ED001AF0
:10A9C00021EE812A9046A8EC012A01EB8000D0ED0F
:10A9D000002A22EE813A0CF58077A3EC013AD2ED01
:10A9E000016A424601EB870898ED007A01EB8C087A
:10A9F00027EE260AA2EC010AD8ED007A67EEA60A35
:10AA0000B242E3EC010ACED1AE4575DD0AEB85001A
:10AA100050454FEACE024FEA850601DA96420FDB37
:10AA2000AEEB0507BA00204400210192FDF7B0FB10
:10AA3000019A0021A01902B0BDE8F047FDF7A8BBBC
:10AA4000A71820443D1A2B1F9908013111F0070265
:10AA50004FF0000A344429D0012A21D0022A1BD009
:10AA6000032A15D0042A0FD0052A09D0062A03D0BC
:10AA700040F804AB44F804AB40F804AB44F804AB32
:10AA800040F804AB44F804AB40F804AB44F804AB22
:10AA900040F804AB44F804AB40F804AB44F804AB12
:10AAA00040F804ABB84244F804AB25D08446A14634
:10AAB0004CF804AB203049F804AB40F81CAC20340F
:10AAC00044F81CACCCF804A0C9F804A040F814ACBD
:10AAD00044F814AC40F810AC44F810AC40F80CAC9E
:10AAE00044F80CAC40F808ACB84244F808AC40F864
:10AAF00004AC44F804ACD9D102B0BDE8F0871F889B
:10AB0000D2ED006AB80900F5807701EB870C9CED67
:10AB1000007A01EB80086BE7D0AA0208F0B590F943
:10AB20003030032B13D8DFE813F04B01A7000400EB
:10AB30001300866801EB860E8E4540F0B581DFED8F
:10AB4000D30AB0EE601AC1ED000A81ED001AF0BD23
:10AB50008668002EFBDDCE4FDFEDCE6A3B68CE4C23
:10AB6000CE4D16F0030C08464FF0000232D0BCF177
:10AB7000010F19D0BCF1020F0ED004FB035313F4E4
:10AB8000702FC3F3034205D107EE902AB8EEE70A0F
:10AB900081ED000A081D012204FB035313F4702FFA
:10ABA00000F0E8830132043004FB035313F4702FE8
:10ABB0000BD102EE902AB8EEE23AD0ED003A23EE45
:10ABC000264A63EE844AC0ED004A0132B24200F1E7
:10ABD00004004FD005EE102A04FB0351F8EEC55ACD
:10ABE00011F4702F25EEA66A04FB015302F1010255
:10ABF00005D1D0ED007A27EE860A80ED000A13F425
:10AC0000702F00F104010BD100EE902AB8EEE07A2B
:10AC100090ED011A67EE261A21EE212A80ED012A15
:10AC2000501C02EE900A901C04EE100A04FB035C18
:10AC3000B8EEE23AF8EEC44A1CF4702F63EE263AFE
:10AC400024EEA65A04FB0C5302F1030205D1D1ED08
:10AC5000015A25EEA36A81ED016A13F4702F05D124
:10AC6000D1ED027A27EE850A81ED020AB24201F1A6
:10AC70000C00AFD13B60F0BD854C874E2568874BFB
:10AC8000826806FB0537C7F3024C06EE90CAB8EEA1
:10AC9000E62AF5EE001AB7EE007A002AA2EE217A33
:10ACA00027607FF754AF9000041FA60802EE902A99
:10ACB000013601EB820516F00702B8EEE23ADFED4D
:10ACC000730A084600F00183012A67D0022A56D091
:10ACD000032A46D0042A32D0052A1FD0062A0ED0D5
:10ACE000B4EEC37AF1EE10FAF0EE470AC0F26683D2
:10ACF000DFED660A0F4608463C6840F8044B70EEEC
:10AD0000870AF4EEC30AF1EE10FAC0F25083DFEDC9
:10AD10005F0A8C46DCF8002040F8042B70EE870AAE
:10AD2000F4EEC30AF1EE10FA80F23D83FDEEE04A44
:10AD300014EE903A01EB83073C6840F8044B70EE48
:10AD4000870AF4EEC30AF1EE10FA80F20F83BDEE2B
:10AD5000E05A15EE106A01EB860CDCF8002040F892
:10AD6000042B70EE870AF4EEC30AF1EE10FAC0F27B
:10AD7000F682DFED460A0F463C6840F8044B70EE61
:10AD8000870AF4EEC30AF1EE10FAC0F2E182DFEDB9
:10AD90003F0A8C46DCF8002040F8042B70EE870A4E
:10ADA000F4EEC30AF1EE10FAC0F2CB82DFED370AFF
:10ADB0000F463C6840F8044BA84240F08682F0BD44
:10ADC0008568002D7FF7C3AEAA00171FBA08304E62
:10ADD000DFED2E6A33689FED327A2F4C013212F08C
:10ADE000030701EB850C08462C4D1CD0012F0DD01C
:10ADF000022F40F0CC8204FB035313F4702F08BFE2
:10AE0000D0ED006AE0EC016A66EE876A04FB03534A
:10AE100013F4702F08BFD0ED006AE0EC016A84459E
:10AE200066EE876A30D004FB035313F4702F08BF1B
:10AE3000D0ED006A04FB0351024611F4702F26EE98
:10AE4000873AE2EC016A01D190ED013A82ED003AD5
:10AE500004FB015717F4702F23EE071A04FB075366
:10AE600008BF92ED011A13F4702F61EE071A02F178
:10AE70000C0008BFD2ED021A82ED011A844561EE82
:10AE8000876AC2ED021ACED13360F0BD0000000027
:10AE9000100000200000803D0D6619005FF36E3C3D
:10AEA000AE47813F000000000F1DBE453FF447AE96
:10AEB000AEEB0704251F4FEA950C0CF1010616F0C6
:10AEC000070438463A460B4665D0012C55D0022C73
:10AED00046D0032C37D0042C28D0052C19D0062CB2
:10AEE0000AD0D1ED006AF2EC010AF4EE606AF1EEEC
:10AEF00010FA54BF0B463B4693ED007A92ED001AD0
:10AF0000B4EE417A1546F1EE10FA02F1040248BFA0
:10AF10002B46D3ED001A92ED002AF4EE421A944625
:10AF2000F1EE10FA02F1040248BF6346D3ED002AA5
:10AF300092ED003AF4EE432A1646F1EE10FA02F1D1
:10AF4000040248BF3346D3ED003A92ED004AF4EED6
:10AF5000443A1446F1EE10FA02F1040248BF2346C7
:10AF6000D3ED004A92ED005AF4EE454A1546F1EE53
:10AF700010FA02F1040248BF2B4692ED006AD3EDAD
:10AF8000005AF4EE465AF1EE10FA48BF1346164640
:10AF90000432964560D0144693ED000AB4EC012AC1
:10AFA000D2ED010A94ED013A92ED031AD2ED041AA2
:10AFB000D2ED056A92ED067AD2ED077AB4EE420A36
:10AFC000F1EE10FA48BF1346D3ED002AF4EE602AE2
:10AFD000F1EE10FA48BF2346D3ED003AF4EE433ABF
:10AFE000F1EE10FA04F1040448BF234693ED004A41
:10AFF000B4EE414AF1EE10FA02F10C0C48BF634680
:10B00000D3ED004AF4EE614AF1EE10FA02F11005B8
:10B0100048BF2B4693ED005AB4EE665AF1EE10FA93
:10B0200002F1140648BF3346D3ED005AF4EE475AF6
:10B03000F1EE10FA02F1180448BF234693ED006ABE
:10B04000B4EE676AF1EE10FA02F11C0602F120027A
:10B0500048BF334696459ED100221A60F31B9D08D7
:10B06000013515F00704D1ED007A5CD0012C4BD0EE
:10B07000022C3ED0032C31D0042C24D0052C17D028
:10B08000062C0AD03846B0EC010AB4EEE70AF1EE1D
:10B0900010FAC4BFF0EE407A39460746F0EC010AD8
:10B0A000F4EEE70AF1EE10FAC4BFF0EE607A39462A
:10B0B0008446B0EC011AB4EEE71AF1EE10FAC4BF00
:10B0C000F0EE417A61460246F0EC011AF4EEE71A1E
:10B0D000F1EE10FAC4BFF0EE617A11460346F0ECCF
:10B0E000016AF4EEE76AF1EE10FAC4BFF0EE667A98
:10B0F00019460546B0EC017AB4EEE77AF1EE10FAA3
:10B10000C4BFF0EE477A294690ED002AB4EEE72A54
:10B110000446F1EE10FAC4BFF0EE427A2146A64290
:10B1200000F1040064D08446FCEC012AF4EEE72A26
:10B13000F1EE10FA02DDF0EE627A01466046B0EC04
:10B14000013AB4EEE73AF1EE10FA02DDF0EE437A9E
:10B150006146DCED013A9CED024ADCED034A9CEDD0
:10B16000045ADCED055A9CED066AF4EEE73AF1EE7E
:10B1700010FAC8BFF0EE637AB4EEE74AC8BF0146E2
:10B18000F1EE10FAC8BFF0EE447AF4EEE74A0CF1A3
:10B190000802C8BF1146F1EE10FAC8BFF0EE647A9B
:10B1A000B4EEE75A0CF10C03C8BF1946F1EE10FAE1
:10B1B000C8BFF0EE457AF4EEE75A0CF11005C8BFAF
:10B1C0002946F1EE10FAC8BFF0EE657AB4EEE76AF0
:10B1D0000CF114040CF11807C8BF2146F1EE10FA67
:10B1E000C4BFF0EE467A3946BE420CF11C009AD13B
:10B1F000B2EE000A27EE801AA7E4FDEEE70A10EE91
:10B20000906A01EB860C37EE871A0346B4EEC31A38
:10B21000DCF8002043F8042BF1EE10FAC0F28A802B
:10B220001FEDE01A0F4671EE076A3C681C60F4EEF1
:10B23000C36AF1EE10FA5ADBDFED646A8C4676EEF3
:10B24000872ADCF800205A60F4EEC32AF1EE10FAE7
:10B2500046DBDFED5E2A0F4632EE874A3C689C6093
:10B26000B4EEC34AF1EE10FA5DDB9FED584A8C460E
:10B2700034EE075ADCF80020DA60B4EEC35AF1EE7F
:10B2800010FA49DB9FED515A0F4635EE070A3C682C
:10B290001C61B4EEC30AF1EE10FA36DB9FED4B0AE7
:10B2A0008C4670EE070ADCF800205A61F4EEC30AFF
:10B2B000F1EE10FA22DBDFED450A0F4603F11C0028
:10B2C0003C689C61A8423FF442AC70EE877AF4EE91
:10B2D000C37AF1EE10FA90DBDFED3C7A8C4692E710
:10B2E000FDEEE23A13EE900A01EB8007B4E7BDEE03
:10B2F000E62A12EE106A01EB860CA0E7FDEEE07A7A
:10B3000017EE900A01EB8007D8E7BDEEC06A16EE93
:10B31000106A01EB860CC4E7FDEEC55A15EE900AE3
:10B3200001EB8007B1E7FDEEC44A14EE906A01EB31
:10B33000860C9DE7FDEEC11A11EE900A01EB800725
:10B3400071E7BDEEE00A10EE103A01EB830730E53D
:10B35000BDEEE06A16EE106A01EB860C1AE5FDEE12
:10B36000E05A15EE903A01EB830705E5DFED170A89
:10B370008C46F2E400EE902AB8EEE07A90ED001AE6
:10B3800067EE261A21EE212A80ED002A0AE404FB4A
:10B39000035313F4702F08BFD1ED006AE0EC016A8B
:10B3A00066EE876A27E5DFED090A0F46C4E4BDEEC5
:10B3B000E04A14EE106A01EB860CABE4FDEEC73AEE
:10B3C00013EE903A01EB830795E400BF0000000004
:10B3D000DFED887AB4EEE70AF1EE10FA10B400F26D
:10B3E000178130EE001AF7EE001AB0EE615AA1EEA6
:10B3F000415A814A814BDFED824A9FED824AD0ED6E
:10B40000006A8068A5EE244A0028B6EE006AFDEEC8
:10B41000C43AF8EEE65AB8EEE30A13EE904A34EE78
:10B42000402A02EB840CBEEECC2A9CED007A12EE90
:10B43000102A03EB820367EE062A93ED003A62EED0
:10B44000830AC0EEA57A81EEA71A40F3CF8084006C
:10B45000221F9308013313F0070401EB800061D031
:10B46000012C51D0022C43D0032C35D0042C27D0F2
:10B47000052C19D0062C0BD0D1ED001A21EEA75ABD
:10B48000FDEEC54AB8EEE44A24EE016AA1EC016A79
:10B49000D1ED003A63EEA76AFDEEE65AB8EEE50A92
:10B4A00020EE012AA1EC012A91ED007A67EE272A0D
:10B4B000BDEEE23AF8EEC30A60EE811AE1EC011A41
:10B4C00091ED005A65EE274ABDEEE44AB8EEC46A33
:10B4D00066EE013AE1EC013AD1ED006A66EEA75A58
:10B4E000BDEEE50AB8EEC02A22EE017AA1EC017A9F
:10B4F000D1ED002A22EEA73AFDEEC30AF8EEE01ADB
:10B5000021EE815AA1EC015AD1ED004A24EEA74A5E
:10B51000BDEEC46AF8EEC63A63EE816AE1EC016AF8
:10B52000814263D0D1ED005A25EEA70A8C46BDEECC
:10B53000C02A2031B8EEC27A814267EE012AECECD3
:10B54000012A11ED073ADCED010A63EE271A20EE1D
:10B55000A75AFDEEE14ABDEEC54AB8EEE46AF8EE40
:10B56000C43A66EE016A23EE810ACCED006A11ED61
:10B57000052A11ED047A51ED035A51ED022A11ED1D
:10B58000013A01ED060A62EE270A67EE271A25EE58
:10B59000A74A22EEA76A63EE273AFDEEE04ABDEE27
:10B5A000E15ABDEEC42ABDEEC67AFDEEE36AF8EEBE
:10B5B000E42AB8EEC53AF8EEC25AF8EEC70AF8EE39
:10B5C000E61A22EE814A63EE013A65EE814A20EEE8
:10B5D000816A21EE815A01ED054A41ED043A41EDBF
:10B5E000034A01ED026A01ED015A9BD15DF8044B5B
:10B5F000704700BF8FC2F53E7C0B02087807020837
:10B600000000D8C200000043B81E053F17B7D1386C
:10B610005FED030AB4EEE00AF1EE10FAE6DB8468AF
:10B62000D1ED001A30EE600A01EB8400884230EE62
:10B63000001A00F0A88001F1040C604500F0A3801E
:10B64000A0EB0C02043A9208013212F007026346A2
:10B650004CD0012A3FD0022A34D0032A29D0042A10
:10B660001ED0052A13D0062A08D0B3EC017AF4EED6
:10B67000C71AF1EE10FAB8BFF0EE471AB3EC012A80
:10B68000F4EEC21AF1EE10FAB8BFF0EE421AF3EC83
:10B69000012AF4EEE21AF1EE10FAB8BFF0EE621AE7
:10B6A000B3EC013AF4EEC31AF1EE10FAB8BFF0EEC3
:10B6B000431AF3EC013AF4EEE31AF1EE10FAB8BFD4
:10B6C000F0EE631AB3EC014AF4EEC41AF1EE10FA8C
:10B6D000B8BFF0EE441AF3EC014AF4EEE41AF1EECE
:10B6E00010FAB8BFF0EE641A98424CD09C46BCECFD
:10B6F000015A93ED016ADCED016AD3ED035AD3EDF3
:10B70000047AD3ED050A93ED060A93ED077AF4EE79
:10B71000C51AF1EE10FAB8BFF0EE451AF4EEC61AEB
:10B72000F1EE10FAB8BFF0EE461AF4EEE61AF1EEBA
:10B7300010FAB8BFF0EE661AF4EEE51AF1EE10FA60
:10B74000B8BFF0EE651AF4EEE71AF1EE10FAB8BFE2
:10B75000F0EE671AF4EEE01AF1EE10FAB8BFF0EE70
:10B76000601AF4EEC01AF1EE10FAB8BFF0EE401A0B
:10B77000F4EEC71AF1EE10FA03F12003B8BFF0EEB1
:10B78000471A9842B2D11FED5F2A71EE822AB7EEB6
:10B79000005A012CC5EE224A7FF728AF0431441A23
:10B7A000221F9308013313F00304B1EE004A48D07E
:10B7B000012C2DD0022C15D091ED003A63EE243AE5
:10B7C00035EE636A63EE846AF0EE630A66EE865ACB
:10B7D00065EE867AD7EE860AE0EE813A23EEA10A7C
:10B7E000A1EC010A91ED007A27EE242A75EE422A97
:10B7F00022EE043AF0EE426A63EE223A23EEA26AA7
:10B80000D6EE226AA6EE812A62EE215AE1EC015AB6
:10B81000D1ED007A67EEA40A35EE600A20EE847A54
:10B82000B0EE603A27EE002A62EE002A92EE803AED
:10B83000E3EE010A60EEA13AE1EC013A88423FF4FE
:10B84000D5AE91ED006A66EE247A8C4675EE670AF5
:10B8500067EE846AB0EE677A66EEA05A103125EE84
:10B86000A00A884290EE207AE7EE017A27EEA12A1C
:10B87000ACEC012A51ED032A9CED013A62EEA47A68
:10B8800063EE246A75EE670A27EE846AF0EE672A93
:10B8900066EE205A75EE663A25EEA07A26EE840A08
:10B8A000D7EE202A20EE232AE2EE817A22EE233AF6
:10B8B00027EEA16AF0EE660A8CED006AD3EE230A49
:10B8C00051ED013A23EEA40AE0EE816A35EE407AAA
:10B8D00020EE042AF0EE400A62EE072A66EEA15A34
:10B8E00022EE873A41ED025AD3EE070AA0EE810A12
:10B8F00060EE217A41ED017AA3D177E6F1EE007A8C
:10B9000020EE270A10B4FDEEC00AA84C806810EEA5
:10B91000903A03F1010C04EB0C1C04EB0313B8EE9A
:10B92000E01A07EE100AD3ED004A93ED015AD3ED69
:10B93000025A93ED036A9CED003ADCED016ADCEDFE
:10B94000022ADCED037A70EE411AB8EEC74A33EEF4
:10B95000640A76EEC50A32EEE51A37EEC67AB7EE1D
:10B96000002A0128C2EE043AE1EE804AA1EEA05A74
:10B97000E1EE815AA1EE876A40F31481131D02EBB8
:10B980008000C21A141FA208013212F00304DFED76
:10B99000887A72D0012C49D0022C23D0F0EE451ABF
:10B9A000E3EEA41AB0EE652AA1EEA32AB0EE463A61
:10B9B000A2EE233AF0EE637A24EE030AFDEEC02AEB
:10B9C00012EE90CA01EB8C02F2EC016AF8EEE20A88
:10B9D00092ED001A30EE607A71EE661AE7EE216A97
:10B9E000E3EC016A77EEA37AB0EE452AA7EEA42A2B
:10B9F000B0EE653AA2EE273AB0EE460AA3EE270A69
:10BA000064EE000AFDEEE02A12EE904A01EB840C8F
:10BA1000FCEC016AB8EEE21ADCED001A30EEC17AF5
:10BA200031EEE62AE7EE026AE3EC016A77EEA37AEA
:10BA3000B0EE453AA7EEA43AB0EE650AA3EE270AA7
:10BA4000F0EE460AE0EE270A24EE201AFDEEC12AA7
:10BA500012EE902A01EB8204F4EC016AF8EEE21A8D
:10BA600094ED002A31EE617A32EE663AE7EE036A2F
:10BA7000E3EC016A834200F0958077EEA37AB0EEA2
:10BA8000450AA7EEA40A9C461033F0EE652A77EE2D
:10BA9000A30AE0EE272A8342B0EE451AA0EEA41ACC
:10BAA000F0EE466AE2EEA76AB0EE652AA1EE202A21
:10BAB00024EE260AB0EE467AA2EE207ABDEEC02A27
:10BAC00070EEA31A12EE102AB0EE453A01EB820492
:10BAD000A1EEA43AD4ED002A94ED011AF8EEC26A60
:10BAE00024EE077A31EE622A30EE660AF0EE650A3D
:10BAF000E3EE210AE0EE022ABDEEC73A71EEA37A28
:10BB000013EE102AF0EE466AE0EEA16A01EB820421
:10BB1000B0EE452AECEC012AA7EEA42AD4ED000AE7
:10BB2000D4ED012AF8EEC31A24EE261A37EE617A14
:10BB300032EEE00AF0EE656AE2EE276AE7EE000A0E
:10BB4000FDEEC11AB0EE467A11EE902AA6EEA77A63
:10BB500001EB820443ED030A94ED003AD4ED010AAF
:10BB6000F8EEE12A30EEC32A31EE620A24EE071A1B
:10BB7000A0EE023AFDEEC11A8CED013A11EE902AC8
:10BB800001EB8204D4ED000A94ED017AB8EEE13ABB
:10BB900077EE602A31EE432AE2EE220A43ED010AF3
:10BBA0007FF46BAF5DF8044B704700BFD8C202084A
:10BBB000000000002DE9F843F7EE007AD0F8089075
:10BBC000B4EE670AF1EE10FA2DED028B16464FEA3D
:10BBD000890702EB890500F02F81B4EEE70AF1EE48
:10BBE00010FAB0EE408A0C4640F3B780B9F1010F6D
:10BBF00087EE802A40F3A6802B1DE919CA1A101F70
:10BC00008208013212F0030040D0012826D0022819
:10BC10000ED0221DF2EC014A92ED007A37EEE78A4F
:10BC200077EE642A77EE827AE8EE224AE3EC014A64
:10BC3000BDEEE73A13EE100A04EB8008F8EC018A37
:10BC4000F8EEC33A98ED006A77EEE35A36EE680AEA
:10BC500077EE827AE5EE808AE3EC018AFDEEE76A10
:10BC600016EE90CA04EB8C09B9EC014AF8EEE60A2C
:10BC700099ED001A37EEE05A71EE441A77EE827AA7
:10BC8000A5EE214AA3EC014A8B425BD0BDEEE78AC8
:10BC900037EE827A18EE102AFDEEC74A04EB8200D6
:10BCA00090ED004AF8EEC82AF8EEE43A90ED018AE9
:10BCB00077EE028A37EEE23A37EE630A38EE447ADC
:10BCC00014EE90CAA3EE074A984604EB8C09FDEEE9
:10BCD000E85AA8EC014AD9ED002AD9ED014A34EE20
:10BCE000E23A15EE902AE0EE032A04EB82001033CC
:10BCF000B8EEE56A43ED032A78EE820AD0ED003A09
:10BD000038EEC61AD0ED018A38EEE30AFDEEE06A9D
:10BD1000E1EE003AB8EEE65AC8ED013A16EE908A26
:10BD200004EB880CDCED005A70EEC51A70EE827AD6
:10BD3000DCED010A30EEE56AE1EE865A43ED015A88
:10BD40008B42A3D1002F78D0BDEC028B3A46294616
:10BD50003046BDE8F843FDF7EDBA27B13A46002179
:10BD60002846FCF715FAB9F1010FEBDD201D3C4424
:10BD7000231AB7EE007A5B07F0EE474A15D590ED2F
:10BD8000006AD5ED017AD5ED020AE7EE067A77EE84
:10BD9000476AC5ED017AB0EC010AE0EE260A84425A
:10BDA00037EE087AC5ED020ACCD0BDEEC72A34EED4
:10BDB000C75A12EE101AF8EEC22A05EB810290ED76
:10BDC000004AD2ED005AD2ED018A35EE223A84467D
:10BDD000E3EE045A37EE081AC2ED005ABCEC016AD1
:10BDE00077EE623AFDEEC17AE6EE238A17EE909A7C
:10BDF00074EEC11AF8EEE76AC2ED018A05EB89011B
:10BE000090ED010A91ED004A71EEA60A6046A0EE9F
:10BE1000804A0B46043331EE665A81ED004AD1ED7B
:10BE2000011A31EE087AB0EC011AE1EE051A8442EB
:10BE3000C3ED001AB9D185E71FB9BDEC028BBDE88F
:10BE4000F88304463A462846FDF774FAA768BF000F
:10BE500078E700BF43682DE9F0415C1E07EE104A09
:10BE6000B8EEC71AB7EE006A61EE001AB4EE460AE1
:10BE7000FDEEE17AF1EE10FA17EE905A14BF0122AE
:10BE800000222A44F6EE005AB8EEE70A76EE616A1E
:10BE900000EB850600EB8202F4EEE50AF1EE10FA03
:10BEA00031EEC02A76EE802AF368D268C0F2AD8007
:10BEB000B6EE080A30EEE57AF4EEC00AF1EE10FABA
:10BEC00037EE073A40F11E81876836EE436A002F4D
:10BED00026EE225A66EE022A40F39580B800041F2F
:10BEE000A508013515F0030601EB870C3BD0012EA8
:10BEF00025D0022E11D0B1EC012AD3ED007A72EEDA
:10BF0000676AE5EE267AE3EC017AD2ED000A32EEBA
:10BF1000607AE7EE220AE2EC010AB1EC010A93ED45
:10BF2000003A70EE435AA5EE253AA3EC013AD2ED61
:10BF3000003A30EE634AE4EE223AE2EC013AB1EC28
:10BF4000011AD3ED001A71EE614A6145E5EE241A3B
:10BF5000E3EC011A92ED002A31EE426AA6EE222AA3
:10BF6000A2EC012A4FD08846F8EC016AD3ED007AA2
:10BF700076EEE70A1F46E5EE207A104610321031C1
:10BF8000E7EC017A12ED047A36EEC70A1033A0EE20
:10BF9000227AA0EC017A98ED003A53ED033A73EE61
:10BFA000635AE5EE253AC7ED003A12ED034A33EE47
:10BFB000441AA1EE224A80ED004A51ED024AD7ED23
:10BFC000011A34EEE12A6145E5EE021A43ED021A48
:10BFD000D0ED016A34EEE66AE6EE226A42ED026ACC
:10BFE00053ED017A51ED010A30EEE77AE5EE077A7A
:10BFF00043ED017A12ED010A30EEC03AA3EE220AB7
:10C0000002ED010AAFD1BDE8F08170EEA00A9FED0C
:10C01000973A846860EEA03A002C23EE834AFCEE47
:10C02000C44A14EE900A1FFA80FCECDDDFF850825F
:10C030009FED8F7A8F4ED8F800008F4D01EB84076B
:10C04000E40717D5D3ED001AB1EC011A31EE615AAD
:10C0500006FB005065EE227ABCEB104F34BFB0EE09
:10C06000470AB0EE460AE0EE271AE3EC011AD2EDD9
:10C07000006A39E0B1EC013AD3ED003A33EE634A9D
:10C0800006FB0054BCEB144F64EE224A34BFB0EE02
:10C09000471AB0EE461AE1EE243A06FB04501C465D
:10C0A0009646E4EC013AD2ED001A33EE615ABCEB4D
:10C0B000104F65EE027A34BFB0EE470AB0EE460A82
:10C0C000E7EE811AEEEC011AD3ED016AB1EC011A28
:10C0D00071EE665A234665EEA20AE0EE206AE3ECB2
:10C0E000016AD2ED016A724671EE665AB94265EE96
:10C0F000820AE0EE806AE2EC016ABBD1C8F8000077
:10C10000BDE8F08173EE653A9FED5C4A856863EEA9
:10C11000841AB0EE001A61EEA14A71EEE57AE4EEFF
:10C12000815A002DB0EE465AA7EEA25AA7EE826AB7
:10C1300062EEA52A22EE252A7FF765AFAE00371FF3
:10C14000B808013010F0030401EB850C3CD0012C41
:10C1500025D0022C11D0F1EC016AD3ED000A62EE79
:10C16000A65A22EE267AE0EE855AE3EC015A92EDC9
:10C17000000AA0EE067AA2EC017AB1EC013AD3ED06
:10C18000003A22EE834A22EE031AA3EE854AA3EC7C
:10C19000014AD2ED001AA1EE861AA2EC011AF1ECC6
:10C1A000017AD3ED004A62EEA76A62EE270AE4EE56
:10C1B000856A6145E3EC016AD2ED005AE5EE860A34
:10C1C000E2EC010A3FF41FAF8846B8EC017A93ED28
:10C1D000000A22EE873A1D46A0EE053A16461032B6
:10C1E00062EE073AA5EC013A12ED044AE4EE063A93
:10C1F00010311033E6EC013A98ED001A53ED031AB2
:10C2000062EE814A62EE017AE1EE854AC5ED004AAE
:10C2100052ED036AE6EE867AC6ED007A11ED027AF7
:10C22000D5ED010A62EE875A22EE070AE0EE855A42
:10C23000614543ED025A96ED013AA3EE060A02ED7E
:10C24000020A51ED013A13ED014A22EEA31A62EE01
:10C25000231AA4EE051A03ED011A52ED014AE4EE89
:10C26000861A42ED011AAFD1CDE600BF00FF7F472D
:10C27000000000000D6619005FF36E3C3333333F5E
:10C2800010000020436803F1FF3C07EE90CAF8EE6F
:10C29000E70AB7EE007A20EE801AB4EE470ABDEE48
:10C2A000C10AF1EE10FA10EE103A14BF012200227A
:10C2B0001A4400EB830C00EB82028068DCF80C303F
:10C2C000D268F8EEC01A002831EE612A40F3B98036
:10C2D00010B503EB8004800004388008013010F0B2
:10C2E00007004AD001283CD0022830D0032824D0AF
:10C2F000042818D005280CD0062840F09780F3ECCD
:10C30000013AB2EC014A74EE634AE2EE243AE1ECFF
:10C31000013AB3EC015AF2EC015A35EEC56AA2EECD
:10C32000065AA1EC015AF3EC017AF2EC010A30EE64
:10C33000E77AE2EE077AE1EC017AB3EC011AB2ECAB
:10C34000010A70EE411AA2EE211AA1EC011AF3ECD7
:10C35000012AF2EC016A36EEE23AE2EE032AE1EC5F
:10C36000012AF3EC013AB2EC014A74EE634AA342AB
:10C37000E2EE243AE1EC013A57D09E469446BEECF8
:10C38000015AFCEC015A35EEC56A0846A2EE065A7F
:10C39000203120332032A0EC015A53ED077A52EDC0
:10C3A000070A30EEE77AE2EE077A41ED077A9EED72
:10C3B000011A9CED010A70EE411AA2EE211A80EDDD
:10C3C000011A53ED052A52ED056A36EEE23AA34210
:10C3D000E2EE032A41ED052A53ED043A12ED044A38
:10C3E00074EE634AE2EE243A41ED043A13ED035A47
:10C3F00052ED035A35EEC56AA2EE065A01ED035A14
:10C4000053ED027A52ED020A30EEE77AE2EE077A55
:10C4100041ED027A13ED011A12ED010A70EE411A94
:10C42000A2EE211A01ED011AA7D110BDF3EC012AE9
:10C43000F2EC016A36EEE23AE2EE032AE1EC012A7E
:10C440005DE770472DE9F0411D4603689FED487A8E
:10C450005B1002EB8308174600222DED028B3A6039
:10C46000C8F80020D1ED027A424B37EE870A044625
:10C47000FDEEC00A0E46F8EEE06A10EE908A30EE4D
:10C48000661ABEEECC1A11EE10CA03EB8C0E3A4BB4
:10C490009EED008A03EB8802D2ED001A91F8243059
:10C4A00091F8268068EE218A002B3ED096ED000A96
:10C4B00029462046FFF7E6FE96ED110A3A46294640
:10C4C0002046FFF71BFAB0EE680A2A463946204696
:10C4D000FFF770FBB8F1000F33D196ED0E0A274F2E
:10C4E00029462046FEF774FF96ED100A244E20469A
:10C4F000F0EE680A2946FEF7BDF92946FEF73CFA38
:10C500003968204800FB0162C2F301433A6084F8B5
:10C5100030302468BDEC028B601005EB800C0027E6
:10C520002F60CCF80070BDE8F0813946FEF712F9B3
:10C53000D6ED0F0A96ED000A39462046FFF78AFC31
:10C54000B4E729462046FEF7E9FA96ED0E0A294699
:10C550002046FEF73DFF294696ED100AF0EE680AE8
:10C560002046FEF787F92946FEF706FAD1E700BF15
:10C5700000000043780702087C0B0208100000202E
:10C580005FF36E3C0D6619002DE9F04301219DB06B
:10C5900004464FF48000FDF785FA01210520FDF7E0
:10C5A00081FA01214FF480700025FDF793FA0327EB
:10C5B000FF2301A94E4801938DF80B508DF80870A8
:10C5C000FDF784F801A94B4801978DF80B508DF8C1
:10C5D0000870FDF77BF848480F944FF480614FF4E2
:10C5E00080764FF400344FF400524FF00A08CDE942
:10C5F0001664CDE90D500126CDE912514FF40069C2
:10C600000DA93E483E4CCDE91492CDE91058CDE934
:10C610001856CDE91A5512F0FBFB3146374812F097
:10C6200023FC4FF4403303A84FF470610493069148
:10C63000039505950FF0CAFF07A92046CDE90955D6
:10C64000CDF82C900795ADF820608DF830800FF074
:10C6500093FF32462046072302210FF0D7FF3946C9
:10C660002046072302220FF0D1FF3A4641462046DA
:10C6700007230FF0CBFF31462046072304220FF09B
:10C68000C5FF2046072305220B210FF0BFFF2046E0
:10C690000723062204210FF0B9FF07231A46194683
:10C6A00020460FF0B3FF20460723082205210FF094
:10C6B000ADFF20460723092206210FF0A7FF07231D
:10C6C0004246294620460FF0A1FF314620460FF092
:10C6D000F7FF314620460FF08FFF314620460FF01E
:10C6E000E5FF20460FF0DCFF1DB0BDE8F08300BF82
:10C6F00000000240000802404C200140106402404B
:10C700000020014001480FF0CBBF00BF00200140D6
:10C710002DE9F04FB2F1000BB8BF026983B0B8BF8A
:10C720009344002B009140F384804FF00009426A4B
:10C730009FED434ADFED434AD0F80480424D019219
:10C7400049464C464F46CE469A4603690BEB0706D0
:10C750009E42A6EB0307B8BF374608EB070218F85E
:10C760000770537835F91320036B07EE102A9E42A9
:10C77000019AA8BFF61A93191FFA8EFC06EE10CA8A
:10C780005B7835F917C035F91330965D009F35F9A0
:10C79000162007EE90CA06EE903AB8EEE71AB8EE09
:10C7A000C70A05EE102A70EE415AB8EEE62AF8EEF6
:10C7B000460AF8EEC52A32EE253A60EE841A72EE89
:10C7C000813A33EE626A01F01F0CE1EE863ABE4414
:10C7D0004FEA2E4763EEA47AF5EEC07AF1EE10FA36
:10C7E000D4BF234644F00103BCF11F0F4FEA4304BA
:10C7F00005D10C9A4E0909F1200942F82630BAEB0E
:10C800002E4F01F10101A0DC11F01F070DD00C9893
:10C810001F2F04D14D0909F1200940F825400131AD
:10C8200011F01F074FEA4404F2D1484603B0BDE8B7
:10C83000F08F4FF00009484603B0BDE8F08F00BF0D
:10C84000000080370000003814000020002A00F0AB
:10C85000E880F0B5551ED0E900320831B6EE047A12
:10C86000FEEE047A5C1E54BF234603F2FF73DF061C
:10C870001E4617D190ED035AD0ED075A90ED026A8B
:10C88000D0ED066A90ED044AD0ED084A80ED025AD8
:10C8900095EE046AD5EEA46AC0ED065A80ED036AEF
:10C8A000C0ED076A03F17D07C7F30A0C02EB8C0E9B
:10C8B0009EED000A51ED020AE0EE070AC6F30A06F1
:10C8C00003F5997402EB8607C4F30A06C7ED000A64
:10C8D00002EB860C9CED001AA1EE070A03F17F041F
:10C8E000C4F30A0703F51076A0EEA70A02EB870E41
:10C8F000C6F30A0C02EB8C048EED000AD4ED001A8C
:10C90000A1EE871A03F59A77C7F30A0603F2FD3EF4
:10C91000A0EE271A02EB860CCEF30A0402EB840782
:10C920008CED001A97ED002AE2EE071A03F2422678
:10C93000C6F30A0402EB8407E1EE271A03F29546D8
:10C94000C6F30A0402EB840EC7ED001A51ED022A69
:10C9500090ED0A3A51ED016A72EE623AF0EE665AD3
:10C96000E1EEA73A03F2FF3CCCF30A0603F263546C
:10C97000E3EE232AC4F30A0702EB860602EB870CD8
:10C9800041ED022A9EED005AE5EE075A03F2974464
:10C99000C4F30A0703F25964C6ED005A9CED006A1D
:10C9A000A6EE075A02EB8707C4F30A0E02EB8E04C9
:10C9B000A5EEA75A03F2655ECEF30A0603F2EF7CFA
:10C9C00087ED005A94ED004AA4EE076A02EB860E4A
:10C9D000CCF30A0602EB860CA5EE276A03F25B662F
:10C9E000C6F30A0602EB86078EED006ADCED004A0C
:10C9F000A4EE874A0831013D6C1CA6EE274A87ED5C
:10CA0000004A11ED030AD0ED0A0A34EEC01AA4EE72
:10CA1000271AA0EE810A01ED030A7FF423AF036019
:10CA2000F0BD704770B50268541E2DED028B00F109
:10CA3000D88104602246E506436817D190ED036A69
:10CA4000D0ED076A90ED027AD0ED067A90ED045AA7
:10CA5000D0ED085A80ED026A96EE057AD6EEA57AF8
:10CA6000C0ED066A80ED037AC0ED077A90ED0B0AFF
:10CA700090ED0C1A90ED0A2AF7EE000A70EEC01A3B
:10CA8000C1EE812A72EE823AF4EEE03AF1EE10FA4B
:10CA9000A8BF73EEE03AF5EEC03AF1EE10FAC0ED41
:10CAA0000A3A05D8B7EE003A73EE833AC0ED0A3A77
:10CAB000B6EE004AF4EEC43AF1EE10FAA5BFB7EEB6
:10CAC000004A34EE634A33EEA34A34EE044ADFED03
:10CAD000C74AC74DD1ED001A64EE248A21EE238A9D
:10CAE000FDEEE86AFDEEC80A16EE906AB8EEE02A9E
:10CAF00005EB860CB6EE006AB0EE485ADCED004A53
:10CB0000DCED015A90ED0D4AA1EE065AC2F30B0C72
:10CB100010EE902A38EE426AB0EE618A2244BEEEF0
:10CB2000E88A501C961CB4EEC51AC0F30B0EC6F36F
:10CB30000B0518EE106A06F30F0623F81C60F1EEE1
:10CB400010FA33F91EC033F915E0B8EEE67A98BF53
:10CB500035EE415A78EEC77ABDEEC51A35EEE40AD5
:10CB600008EE90CA07EE10EA551EC2F30B0EC5F38D
:10CB70000B06E7EE804A33F91E5033F916C0DFED9D
:10CB80009D7AB8EEC13AF8EEE86A35EE435AB8EE4F
:10CB9000C70A26EEA78A06EE905AF7EE002A00EEA4
:10CBA00090CA36EE622A72EEE43A35EE623A60EEF0
:10CBB000272AB8EEE60A11EE100AB8EEE01AF0EEF7
:10CBC000488A90EE278A2044461CE1EE678AC6F325
:10CBD0000B0C851CE0EE672A33F91CE0F6EE005AD8
:10CBE000F0EE480AE8EEA50AC5F30B0604F500646A
:10CBF000A2EEA58A33F916C001EE10EA38EE207ACB
:10CC000000F1FF3ED2EE070ACEF30B05C4F30B048E
:10CC100033F9156026EE208AF0EE610AA8EEA58AA7
:10CC200002F60105F8EEC18A66EE082A08EE106ADF
:10CC3000E0EE272AC5F30B0600EE10CAC0F30B0C7A
:10CC400068EEA76A33F91CE0B8EEC07AB8EEC81AED
:10CC500000EE10EAB0EE668AA1EE678A02F6020CD8
:10CC6000CCF30B05B8EEC01A67EE278AD1EE276A1F
:10CC7000E1EE678AB0EE667AA8EEA57AE8EE256A5C
:10CC8000D4EEA20A77EE268AD1ED012AD8EE836A85
:10CC900065EE266AE8EE256A25EE268AA1EE278A49
:10CCA000E3EE880AE0EE841AC1ED001AF0EE621A93
:10CCB000FEEEE81A11EE90EA0EF30F0E23F814E0E0
:10CCC00033F9164033F9156000F50065C5F30B0C18
:10CCD00000EE104A07EE106A33F91C4000F6010618
:10CCE000C6F30B0508EE104A00F2FF7400F60200CE
:10CCF00033F915C0C0F30B06C4F30B0502F5006051
:10CD000033F9154000EE90CA02F2FF7233F916C0F3
:10CD1000C0F30B06C2F30B05B8EEC01AF8EEC78AD3
:10CD200000EE104A33F9164033F9153068EEA76A61
:10CD3000F8EEE01AF8EEC08A00EE104A21EE277AEB
:10CD4000B8EEC81A08EE103AB8EEC00A61EEA71A9B
:10CD5000B8EEC88AF0EE610AE8EEE71AF0EE478A0C
:10CD600090EE277AE8EE678AE0EE676AB0EE478ACF
:10CD7000A6EEA58AA8EEA57AD1EE270A78EE076A74
:10CD800092EE267A02EE10CAB8EEC28AF0EE606A1F
:10CD900028EE272AE1EEA56AA1EE672A27EE067A99
:10CDA000E2EE250AA8EEA57A76EEA00A67EE068ADC
:10CDB000D0EE836AE0EE278A26EE853AB0EE626A0C
:10CDC000A1EEA53A94EEA86ABDEC028B63EE054A8B
:10CDD000E1EE274AA3EEA46AE4EE062AC1ED012A99
:10CDE00070BD02F6FF721446026024E60000804522
:10CDF000800F020800000038D0ED0D6AD0ED0E3A29
:10CE000090ED0C2A90ED0A3AD0ED0B1AD0ED0F4AB6
:10CE100090ED105A002A00F008822DE9F04FDFED66
:10CE20000D7A9FED0D0ADFED0D0A2DED088B02F155
:10CE3000FF3A62EE278AD0E900329FED098AB1EE0F
:10CE4000666A01F1080CF6EE002AB2EE041A42F608
:10CE5000525BCEE1000080390000C842004092459C
:10CE60000000704290ED039A90ED077AD0ED029A9F
:10CE700090ED064AD0ED04BAD0ED085A80ED029A42
:10CE8000D9EE2B9A97EE254A79EE22AA37EE22BAEE
:10CE9000C0ED039A80ED074A80ED067AB0EE41AA14
:10CEA000AAEE88AA03F16406C6F30D0803F1700424
:10CEB000FDEECAAAC4F30D011AEE907ADE19741CB5
:10CEC000C4F30D09C6F30D0632F919E032F91670F4
:10CED00009EE10EA07EE107AB8EEC94AF8EEC79AE2
:10CEE00064EE27BAF8EEEA5AE9EEE7BAC5F30D05A3
:10CEF00003F213143AEE65AA1CED029A5CED015A96
:10CF00002AEE2B7A79EE25AAA9EEA77AC4F30D0EA4
:10CF100003F17204C4F30D09BEEECA7A0AF1FF3AB6
:10CF200017EE106A06F30F0722F8187032F9118015
:10CF300004EE108AF8EEC49A03F2052169EEA7BA4E
:10CF4000C1F30D0726EEAB4A03F21516AAEEA14A6D
:10CF5000C6F30D060CF1080CF0EE60AAEBEE00AA89
:10CF6000BAF1FF3FB0EE44BABEEECABABDEEEA7AFD
:10CF70001BEE104A04F30F0822F8158032F91EE068
:10CF80000AEE10EAF8EECA9A17EE101A29EEA7BABE
:10CF900003EB0104E6EE8BBA03F20721C1F30D0E99
:10CFA000B8EEC7AAE6EE04BA03F29535C5F30D054F
:10CFB0007AEECAAAF0EE6B9AFEEECA9A04EB0B0860
:10CFC00019EE901A01F30F0122F8191032F91770B7
:10CFD00007EE107AB8EEC7AA04F535542AEE277A80
:10CFE00003F29737A6EE87BA04F11304C4F30D04D5
:10CFF000C8F30D08A6EE2BBAB0EE004AF0EE4BBA1D
:10D00000FEEECABA1BEE909A09F30F0122F8161031
:10D0100032F9155009EE905AB8EEE9AA03F590518D
:10D020006AEE279A03F60B26A6EEA97A01F1020111
:10D03000C6F30D09C7F30D05ABEE067AC1F30D0774
:10D04000E7EE069ABEEECA7A39EEE4BA17EE106A37
:10D0500006F30F0122F81E1032F9144032F918605D
:10D0600032F919E007EE104A0BEE906AB8EEC7AA43
:10D07000F8EEEBBA2AEE27AA07EE10EAABEEE7AA23
:10D0800003F5905103F60D24B8EEC77A6AEE8AAA2A
:10D0900027EE277AEBEEA7AA01F10401C1F30D08F0
:10D0A000C4F30D0EA2EE2ABA03F51B5101F11001D3
:10D0B000C1F30D04E3EE8B4A03F5FA5101F11801B7
:10D0C000B0EE64BAA7EE06BAF0EE4BBAFEEECABAFC
:10D0D0001BEE906A06F30F0922F8159032F91770CB
:10D0E0000AEE107AF8EECAAA03F5FA55AAEEA7BA24
:10D0F00005F11605C5F30D06A6EE8B7AB0EE49BA1A
:10D1000067EE06BABEEECA7AEAEEA7BA17EE105A72
:10D1100005F30F07B0EE6B7ABEEECA7A22F81E70E6
:10D1200017EE105A05F30F0922F8189032F916601D
:10D1300032F914800AEE106A9BEE84BAC1F30D0432
:10D1400003F53557F8EECABAB0EE45AA98EEABAA89
:10D1500007F11007C7F30D050AEE908A79EE8A9A57
:10D16000ABEE039A03F51B5101F11201A3EEA95A8C
:10D17000C1F30D0703EB0B08B8EEEA7A0CED049A45
:10D1800067EE27AAB0EE459AA6EEAA9AB0EE49BA83
:10D19000BEEECABA1BEE109A09F30F0622F814600D
:10D1A00032F915400BEE904AB8EEEB7AC8F30D0554
:10D1B000A7EE279AE6EE09AA26EEAAAAFEEECAAACA
:10D1C000A7EE27AA1AEE901A01F30F06F0EE65AA51
:10D1D000DAEE04AA22F81760BEEECAAAEAEE835A73
:10D1E0001AEE104A04F30F0722F815704CED035A9B
:10D1F00012D0591E4ABF03F57F530B463F33D90661
:10D200001D463FF42FAED0ED025A90ED06AA75EE02
:10D21000A2AA3AEE22BA41E6BDEC088B0360C0ED4B
:10D220000F4A80ED105ABDE8F08FC0ED0F4A80ED37
:10D23000105A70472DE9F04F2DED108BB0F97C801E
:10D240008BB081468B461746B8F1000F01F08C85F4
:10D25000B0F97E30002B41F08785B0F980000028BE
:10D2600001F09685B9F98220002A01F08F85D9F85E
:10D2700064529FEDF47AF448DFF8F0C39FEDF36A4F
:10D2800009EB8506D6ED0C7A099637EE870AFDEE96
:10D29000C00AF8EEE06A10EE90EA30EE661A0CEB87
:10D2A0008E03BEEECC1A93ED002A11EE104A00EB6D
:10D2B000840ADAED001A61EE822AAC00F4EEC62A86
:10D2C000F1EE10FA01F190859FEDE13ADFEDE13AE0
:10D2D00083EE22AAB4EEE3AAF1EE10FA01F34F8531
:10D2E000099A82ED24AA099EDB4A96ED0E4AF3EED6
:10D2F000004A24EE245AF6EE005ABDEEC58AF8EE36
:10D30000C88A18EE103A35EE689A990001F1040EB9
:10D31000B4EEE59A561802EB0E0AF1EE10FA79EE29
:10D32000099AD6ED00AADAED00BA05D53BEEEABAC5
:10D33000F0EE6ABAE9EE8BBA9FEDC2CA7BEE8CCAF8
:10D34000BDEEECDAF8EECDDA1DEE103A3CEEEDEA89
:10D350000CEB8306BEEECCEAD6ED00EA1EEE10AA78
:10D3600000EB8A0393ED00FA6FEE2EFA4FF0000AFD
:10D370008AEE2F7AB5EEC07AF1EE10FA01F140850F
:10D380009FEDB46A099EB4EEC67AF1EE10FAD8BFEA
:10D39000B0EE476A86ED266AB6EE000AB4EEC09A91
:10D3A000561802EB0E0AF1EE10FAD6ED120ADAED7B
:10D3B000127A05D577EEE06AF0EE607AE9EEA67AA9
:10D3C0009FEDA01A77EE811ABDEEE12AF8EEC22A8F
:10D3D00012EE103A31EEE23A0CEB8306BEEECC3A96
:10D3E000D6ED003A13EE10AA00EB8A0393ED004A43
:10D3F00064EE234A00268AEE245AB5EEC05AF1EEB6
:10D4000010FA01F1F784DFED935AB4EEE55AF1EE2C
:10D4100010FA09EB850AD4BF8AED285ACAED285ABA
:10D42000F6EE008AB4EEE89A1144F1EE10FA724476
:10D4300091ED248AD2ED246A05D536EEC89AF0EE35
:10D44000486AE9EE896A0021DFED7E9A76EEA9AAA4
:10D45000BDEEEABAF8EECBBA1BEE102A7AEEEBCAB2
:10D460000CEB820CFEEECCCA9CED00CA1CEE906A5E
:10D4700000EB860090ED00DA6DEE0CDA8AEE2DEA14
:10D48000B5EEC0EAF1EE10FA01F1A884DFED71EA21
:10D49000B4EEEEEAF1EE10FA09EB850ED4BF8EED94
:10D4A0002AEACEED2AEA099BDFED688A93ED24FA99
:10D4B00093ED129A93ED107ADFED68CADFED68BA4A
:10D4C0009FED68CAD3ED0ADADFED67AAF7EE00FA3E
:10D4D0008FEE8F0A2C4409EB84041E46B0EE008ABE
:10D4E000F0EE6F0AE0EE080ACFEE879A69EE201A96
:10D4F00020EE006AF4EEEF1AF1EE10FA88BFF0EEBB
:10D500006F1AF4EEE81AF1EE10FAB8BFF0EE681AEE
:10D5100021EEA12AB0EE6C1AF0EE6C2AA6EE2B1AC0
:10D52000E2EE2B2AF0EE4C7AB0EE4C4AE1EE067AAF
:10D53000A2EE224A27EE803A21EE845AB0EE04BAD7
:10D5400079EE833A75EE0B6AF0EE6F4AF0EE6F5AA1
:10D55000E3EE834AE6EE855A8FEEA4DA8FEEA5EA73
:10D560006FEE2A0A84ED643AC4ED659A84ED3C5A64
:10D57000B0EE6D0A84ED3DBA84ED66DA84ED3EEAE4
:10D58000FAF77EFEAA1C86ED2C0A09EB820ADAED78
:10D5900024EAC4ED6F9A8FEEAEFAB0EE6F1AAFEEDA
:10D5A000081A2FEE0F0A29EE012AB0EE6C7AB4EEBB
:10D5B000EF2AF1EE10FA88BFB0EE6F2AB4EEE82A37
:10D5C000F1EE10FAB8BFB0EE682A62EE023AB0EEA1
:10D5D0006C4AA0EE2B7AA3EEAB4AB0EE4C6AF0EEAA
:10D5E0004C4AA7EE006AE4EE234A66EE0F1A24EED8
:10D5F000825A79EEA17A35EE0BDAF0EE6F2AF0EE70
:10D600006F6AEDEE056AE7EEA12ACFEEA65A8FEE1D
:10D61000A23A6EEEAA0AC4ED485A84ED47BAC4EDA8
:10D620006E1A84ED703AB0EE6D0A84ED465AFAF740
:10D6300027FE291D8AED2C0A09EB8106D6ED240A66
:10D6400016E000BF00000043780702080000000059
:10D65000BE9FF44200007A4458C302088FBA2141A9
:10D6600049265F42DB0F49406F1203387C0B0208EA
:10D67000C4ED799A8FEEA0EAB0EE6F7AAEEE087A3A
:10D680006EEE0EEA69EE071AB0EE6CFAF4EEEF1ADF
:10D69000F1EE10FA88BFF0EE6F1AF4EEE81AF1EE30
:10D6A00010FAB8BFF0EE681A61EEA12AB0EE6C3A3B
:10D6B000AEEEABFAA2EEAB3AB0EE4C0AF0EE4C3A5C
:10D6C000AFEE2E0AE3EE223A20EE0E1A23EEA14A26
:10D6D00039EE816A74EE0B4AB0EE6F2AB0EE6F5AE3
:10D6E000A6EE012AA4EE845ACFEE827A8FEE85DA76
:10D6F00060EEAA0A84ED51BA84ED781AC4ED7A7A04
:10D70000B0EE6D0A84ED504A84ED52DAFAF7B8FDB6
:10D71000A81D86ED2C0A09EB800AB0EE6D0ADAED41
:10D7200024DAC4ED839A8FEEADEA6DEEAA0AF0EE2C
:10D730006FAAEEEE08AAF0EE6C5A2AEE898A2EEE57
:10D740000E9AB4EEEF8AF1EE10FA88BFB0EE6F8A4F
:10D75000B4EEE88AF1EE10FAB8BFB0EE688A68EE6F
:10D76000088AE9EE2B5AE8EEABCAF0EE4CBAE9EEC5
:10D7700025BAA8EEACCA6EEE2BCA28EE0CCA84ED10
:10D780005BBA7CEEA99A3CEE0BBAF0EE6F6AF0EE53
:10D790006FEAECEEA96AECEE0BEA8FEEA6FA8FEEDA
:10D7A000AE7AC4ED82CA84ED5ACA84ED84FA84ED5F
:10D7B0005C7AFAF765FD8AED2C0AB8F1000F31D0DA
:10D7C000B9F97E3073BB3D4C3D493E4A2668A9F805
:10D7D0007E8001FB062001FB002801FB0823D9ED18
:10D7E0001EFADFED390A236001EE100A06EE108AF8
:10D7F00007EE903A3FEEAF0AF8EE411AB8EE462A2D
:10D80000F8EE672A20EE0AAA21EEA03A62EE203A4C
:10D8100022EEA04A89ED1BAA89ED213AC9ED223AF0
:10D8200089ED234A099C9FED295AD4ED164A9FEDB4
:10D8300028DA9FED28EA9FED288A64EE85DAF7EE74
:10D84000008A6DEEADAAF0EE68BAAAEE8DEA791EF6
:10D850000191C9ED928AAAEE8E8A2DEE889A79EE10
:10D86000285A89ED919AE9EE25BAC8EEABCAC9EDFE
:10D8700093CA002F01F0AD8209EE905A002D0F4D92
:10D880009FED16CA2A689FED16BADFED16AA089218
:10D890000BF10807F8EEE9BAD9E9008ADFED129A30
:10D8A000029714BFF0EE4CFAF0EE68FAB6EE008A7A
:10D8B000B3EE0B9AB2EE02AA01F0FBB91000002001
:10D8C0000D6619005FF36E3C00F07935CDCCCC3E8F
:10D8D00049265F428FBA2141DB0F4940000000001A
:10D8E0003333333F0AD7A3399A99993E000048430E
:10D8F0005FED02CA2DEE2CCAFDEECCEAF8EEEE6A20
:10D900001EEE90EA3CEE66FA3FEE687AC6440EF6EA
:10D91000A4730EF6A574C3F30D00C4F30D010EF647
:10D92000A3770EF6A6750AEB800BC7F30D02C5F3BD
:10D930000D0ECCF30D060AEB810CDBED000A9CED1D
:10D94000000A029F0AEB82030AEB8E00D3ED001A55
:10D9500090ED006A099830EEC01A30EE613A76EE2A
:10D96000603AF0EE417AE3EE087A08F6A474C4F364
:10D970000D01A3EE881A0AEB810B08F583520D32D4
:10D9800037EE814AC2F30D05D4EE077A0AEB850C17
:10D9900008F500540E3467EE8F4AC4F30D03E3EE2E
:10D9A000084A0AEB830E0AEB86060396E4EE8F0A1A
:10D9B000EEEE202ACBED002A99ED8CDA99ED8D5A06
:10D9C00099ED90EAD9ED8FDAD9ED8ECA7DEE055A40
:10D9D000B0EE4ECAA5EEADCA6DEE2CEA72EECC6A80
:10D9E000E6EEAEDAADEE2DEAB0EE6DFAB0EE4E7ABE
:10D9F000A6EEAEFAADEE2D7A89ED8FFA89ED907A2A
:10DA000057ED020A30EE8E0A8CED000A17ED011A6E
:10DA100071EE0E1ACEED001A90ED163AD9ED912A5C
:10DA200099ED926AD9ED956A99ED94DAD9ED93DA88
:10DA300099ED96EAD9ED985AD9ED97CA99ED24CA8D
:10DA400072EE867A78EEC33AB0EE664AA7EE8D4A59
:10DA500063EEA94A24EEA45A95EE024A22EEAD2ABC
:10DA6000A4EE02DAE2EE8D6AF0EE4DEAEEEE265A10
:10DA7000B0EE66FAE5EEEC6AE4EE02EA76EEA87A3B
:10DA80006EEE260A27EE8C0AA2EE8DFABDEEC01AC3
:10DA9000E5EEAC0A11EE107A4744791CC1F30D058E
:10DAA0007B1E0AEB850BC3F30D00C9ED94EABB1C8A
:10DAB00089ED95FAC9ED980AC7F30D079BED006A49
:10DAC000D9ED146AD9ED3C0A9CED00EAC3F30D05CB
:10DAD0000AEB870BDBED002A0AEB80010AEB8500DD
:10DAE00091ED003A90ED00DA32EEC62A76EE43DA96
:10DAF0003DEE625AF0EE425AEDEE885AA5EE082A43
:10DB0000F8EEC11A32EE25CA70EE614A60EE26CAFE
:10DB100034EEE84AFDEEECEAD4EE0C5A99ED3D0AFB
:10DB200099ED40DA99ED3F4A99ED3E6A99ED65CA63
:10DB300099ED682A64EEA51A30EE801A1EEE903A2E
:10DB4000EDEE881A4344591CB0EE4D5AA1EE045A2A
:10DB5000C1F30D070AEB870CE4EEA12A5D1E991CA8
:10DB6000D9ED644AD9ED66DAD9ED675AC3F30D03EE
:10DB7000C5F30D00C1F30D079FEE8E5A0AEB800B23
:10DB80000AEB87059CED00EADBED006A0AEB830CEB
:10DB900024EEAD1AF8EEEE3ADCED00DAD5ED00EA4F
:10DBA0003CEEE3FA60EE863A3DEECE6A7EEE661A11
:10DBB0007EEEED6AB0EE46EAA1EE88EAA6EE886A4D
:10DBC0003FEE687A76EE0EEAD9ED2CCA97EE2EEA91
:10DBD0003CEE243A2FEE0E7AB0EE420AA1EE887A9D
:10DBE000A5EE830AEFEE07DA99ED343A2DEEA9FAA5
:10DBF00074EEA44AA2EE8BFAACEE8F5AA3EE854ADD
:10DC0000A0EE84DAF0EE442AE3EE852A3DEE405A97
:10DC1000A0EE84DAE1EE055AF0EE430ADCEE250AC6
:10DC200089ED40DAA0EEAA3AA5EEA42AB0EE43DAD6
:10DC30009CEE25DAB0EE49CA6DEE08CAB0EE654A30
:10DC40006CEEAC3A89ED682AA3EE8ACA73EE895A63
:10DC5000A1EE054A25EEAC2AC9ED3F2A82EE0C0A58
:10DC600089ED674A30EE001A89ED343A86ED001AE4
:10DC700099ED213AD9ED184A99ED266A63EE241AF6
:10DC800027EE86EAFDEEE1DA1DEE906A711C0ABF0E
:10DC900008F50056B6180C36C6F30D000AEB800BDB
:10DCA0009BED00FAD9ED146AD9ED460A99ED47DAF1
:10DCB00099ED4A4A99ED493A99ED6ECA99ED722A61
:10DCC000D9ED714AD9ED483A99ED701A6EEE26EA0F
:10DCD000FDEECE6ABDEEEE7AF8EEE62A17EE103AC9
:10DCE00070EE8DCA43447EEE625A03F2E931F0EEE3
:10DCF000442AECEE832AC1F30D0703F2EA35D9ED8D
:10DD00006FCA03F57A7B0AEB870CC5F30D06CBF3DC
:10DD10000D0103F2EB339CED006A7CEE8CDA0AEB2A
:10DD20008600C3F30D070AEB810C9CED00DA0AEBC9
:10DD30008705B8EEC75AF0EE421A90ED007AEDEE84
:10DD4000A41AD5ED00DA20EEA30A2CEE011A7CEE1F
:10DD50000C3A37EE4DCA36EE477A7DEEC6DAB0EEB3
:10DD600047DAADEE88DAACEE087A3EEEC55A7DEEC3
:10DD700007DA75EE68EA16EE906A9DEEAE7A4644D2
:10DD800006F2E93006F2EA3125EE077AC0F30D0318
:10DD9000ACEE087AC1F30D0706F57A7506F2EB369C
:10DDA0000AEB830B0AEB870CC5F30D00C6F30D03DA
:10DDB000DBED006AD9ED36EAA5EE076A0AEB800BC7
:10DDC0000AEB83019CED005A9BED00CAD1ED00DA0D
:10DDD00036EEC5DA3DEEE67A35EE4C5AB0EE4DCA77
:10DDE000A7EE08CA08F2E937C7F30D05A5EE08DA71
:10DDF0000AEB8506049635EEE8EA7CEE0DDA26EEAF
:10DE0000296A9EEE2DDA25EE8DEAA5EE08EAE5EE0A
:10DE10008E6AD9ED2E5AA6EE8B6AD5EE862AEFEEE3
:10DE20008F2AA0EE223AA0EE834AB0EE43FAA0EE8B
:10DE300022FA74EE612AA0EE834AE1EE224AF0EE65
:10DE40006E0ADCEEA40A89ED4A4AE0EEAAEAA3EEE5
:10DE5000A42AB0EE6E4A9CEEA44AB0EE643A64EE98
:10DE600008CAF0EE494A2CEEAC0A89ED722AE0EEBF
:10DE70000A4A30EE092AA1EE223A62EE2C1A89ED06
:10DE8000713A81EEA41AC9ED36EA71EE013A89EDD4
:10DE900049FAC6ED003AD9ED22EA99ED186A99EDF2
:10DEA000287A6EEE866A27EE87CABDEEE6DAFDEEC8
:10DEB000CC6A1DEE100A461C0ABF08F500508018F7
:10DEC0000C30C0F30D0C0AEB8C0393ED00FA99EDC6
:10DED000145AD9ED500AD9ED51CA99ED544A99ED29
:10DEE000533AD9ED783AD9ED524A99ED7C2AD9EDD9
:10DEF0007A1A6CEE05DA30EEAC0ABDEEEDDAD9ED49
:10DF000079CA1DEE10BAF8EECD2AC3443DEEE25AAE
:10DF10000BF2D271F0EE442A3CEEA36AE3EE002A43
:10DF2000C1F30D070BF2D37620EEA40A0BF2D171E8
:10DF3000D9ED7B4AB8EEE6EA0AEB8705C6F30D0099
:10DF40000BF2D473C1F30D07B0EE421AA4EE861A99
:10DF50000AEB800C0AEB870B95ED006A9CED007ACA
:10DF6000C3F30D057CEE4E5A0AEB85069BED00CA05
:10DF7000D6ED00DA37EE4CCA36EE477A7DEEC6DAD9
:10DF8000B0EE47DAADEE88DAACEE087A75EE68EA04
:10DF90007DEE07DA16EE900A9EEEAD7A404400F26E
:10DFA000D27CCCF30D0125EE077A00F2D377ACEEEC
:10DFB000087A0AEB8103C7F30D0500F2D17600F26F
:10DFC000D470D3ED006AD9ED38EA0AEB850BC6F3BD
:10DFD0000D0CC0F30D03A5EE076A0AEB8C010AEBEA
:10DFE00083079BED005A91ED00CAD7ED00DA36EEBB
:10DFF000C5DA3DEEE67A35EE4C5AB0EE4DCAA7EEE4
:10E0000008CA08F2D275C5F30D06A5EE08DA0AEBC8
:10E010008600059035EEE8EA7CEE0DDA26EE296AF8
:10E020009EEE2DDA63EEA11A25EE8DEA73EEA33A89
:10E03000A5EE08EAE5EE8E6AD9ED305AA6EE8B6AB7
:10E04000D5EE862AEFEE8F2AA0EE223AA0EE834A82
:10E05000B0EE43FAA0EE22FA74EE412AA0EE834A13
:10E06000E2EEA14AF0EE6E0ADCEEA40A89ED544A13
:10E07000E0EEAAEAA3EEA42AB0EE6E4A9CEEA44A11
:10E08000B0EE643A64EE08CAF0EE494A2CEEAC0AEF
:10E0900089ED7C2AE0EE0A4A30EE092AA2EEA13A86
:10E0A00022EE2C1A89ED7B3AC1EE241AC9ED38EA2A
:10E0B00071EEA13A89ED53FAC0ED003AD9ED23EAA9
:10E0C00099ED186A99ED2A7A6EEE866A27EE87CA6C
:10E0D000BDEEE6DAFDEECC6A1DEE103A5D1C06BF21
:10E0E00008F500530C339B18C3F30D020AEB820BA7
:10E0F0009BED00FA99ED145AD9ED5A0AD9ED5BCA95
:10E1000099ED5E4A99ED5D3AD9ED823AD9ED5C4AD6
:10E1100099ED862A99ED841A6CEE05DA30EEAC0A98
:10E12000BDEEEDDAD9ED83CA1DEE10CAF8EECD2AA8
:10E13000C4443DEEE25A0CF6BB31F0EE442A3CEE0C
:10E14000A36AE3EE002AC1F30D070CF6BC3620EEFD
:10E15000A40A0CF6BA32D9ED854AB8EEE6EA0AEB23
:10E160008705C6F30D000CF6BD31C2F30D07F0EEC6
:10E17000421AE6EE241A0AEB80030AEB870B95EDB0
:10E18000006A93ED007AC1F30D057CEE4E5A0AEB5E
:10E19000850C9BED00CADCED00DA37EE4CCA36EE9A
:10E1A000477A7DEEC6DAB0EE47DAADEE88DAACEE4D
:10E1B000087A75EE68EA7DEE07DA16EE906A9EEE52
:10E1C000AD7A464406F6BB3006F6BC3125EE077A3A
:10E1D000C0F30D03ACEE087AC1F30D0706F6BA30B2
:10E1E00006F6BD360AEB83020AEB8705C0F30D0B7A
:10E1F000C6F30D0CD2ED006AD9ED3AEAA5EE076A36
:10E200000AEB8B030AEB8C0295ED005A93ED00CAE2
:10E21000D2ED00DA36EEC5DA3DEEE67A35EE4C5A4E
:10E22000B0EE4DCAA7EE08CA08F6BB31C1F30D0720
:10E23000A5EE08DA0AEB870542F6AF7735EEE8EA95
:10E240007CEE0DDA26EE296A9EEE2DDA42F6B070EB
:10E25000079523EE811A25EE8DEA73EEA33AA5EE1B
:10E2600008EA42F6AE7142F6B17BE5EE8E6AD9ED70
:10E27000325AA6EE8B6AD5EE862AEFEE8F2AA0EEF2
:10E28000223AA0EE834AB0EE43FAA0EE22FA74EEF0
:10E29000612AA0EE834AE1EE224AF0EE6E0ADCEE3D
:10E2A000A40A89ED5E4AE0EEAAEAA3EEA42AB0EE43
:10E2B0006E4A9CEEA44AB0EE643A64EE08CAF0EEF0
:10E2C000494A2CEEAC0A89ED862AE0EE0A4A30EE85
:10E2D000092AA1EE223A62EE2C1A89ED853A81EEE6
:10E2E000A41AC9ED3AEA71EE013A89ED5DFAC5ED7D
:10E2F000003AD9ED25EA27EEAEDABDEECD6A16EE8C
:10E30000103A4344DE191D18C6F30D020AEB820CC5
:10E31000C5F30D065D185B449CED00FA0AEB86021E
:10E32000C5F30D0CC3F30D0392ED007A0AEB8C06D6
:10E330000AEB8302D6ED00DA92ED005AD9ED150A08
:10E34000D9ED421ADEED002A7FEE475A37EE6D3ADC
:10E3500075EE4FCAB0EE650AA3EE080AECEE885AD5
:10E36000F8EEC66A35EE802A3DEE66CA2DEE204AEA
:10E370003CEE68EAFDEEC4EA9EEE020AD9ED410ADF
:10E3800099ED455A99ED69EA99ED436AD9ED6C5AD0
:10E39000D9ED2DCAF8EEEE4A2CEE00DA34EE647AAE
:10E3A00030EEA11A99ED444A99ED6D0AA3EE08DA10
:10E3B0001EEE90EAF0EE453AC644E4EE013AF3442C
:10E3C00070447144BE44ACEE0DFACEF30D05C0F3BB
:10E3D0000D0099ED6ACA99ED6B3AC1F30D01CBF3CB
:10E3E0000D060AEB800C0AEB850B0AEB8103DBEDD3
:10E3F000001A93ED00DA7CEE0E6A0AEB8602D2EE8A
:10E40000AB3A4744C7F30D0760EE862A9CED006ADD
:10E41000D2ED00EAB0EE402AA6EEA52A0AEB870567
:10E42000069576EE4D6A31EEC66A3EEEE1DA2EEEE4
:10E43000031A7EEE0E4AB0EE46EAA6EE88EA43F2F2
:10E44000983743F29A3BADEE086A77EE68DA76EEDB
:10E450000EEA99ED353A9EEEADEA67EE0EDAE6EE9B
:10E4600088DAE7EE2D1A21EEA97AAFEE0B7AECEE00
:10E47000873AA2EEA34AA0EE845AB0EE44FAA2EE86
:10E48000A3FA75EE423AA0EE845AE1EE235AF0EE7A
:10E49000430ADCEE250A89ED455AA0EEAA3AA4EE1D
:10E4A000A50AB0EE435A9CEE255AB0EE49CA65EE75
:10E4B00008CAB0EE654A6CEEAC2A89ED6D0AA2EE90
:10E4C0008ACA72EE895AA1EE234A25EEAC0A89ED7A
:10E4D0006C4A80EE0C2A89ED353A32EE021A89ED4B
:10E4E00044FA85ED001A99ED213AD9ED184A99EDD3
:10E4F000276A99ED15DAD9ED4B0A63EE241A27EE57
:10E5000086EAFDEEE16A6EEE0DEA16EE901A481C00
:10E510000ABF08F53E5109192D31FDEEEEDAC1F3BF
:10E520000D000AEB800E9EED00FAD9ED4CCA99ED74
:10E5300073DA99ED772AD9ED764A99ED4F4A99ED3C
:10E540004E3AD9ED751A99ED4D0A1DEE906A30EEEE
:10E55000ACCA4644D9ED74CAF319FDEECE6A3CEE5E
:10E560008D6AC3F30D0243F2993043F297313518A7
:10E570000AEB820CB0EE421A7218A4EE861AC5F3AA
:10E580000D035E449CED006AB8EEE67AC2F30D0C12
:10E590000AEB830E0AEB8C05F0EE442AC6F30D0657
:10E5A0007EEE475AE3EE0C2A0AEB86039EED007AD4
:10E5B00095ED00CAF8EEED3AD3ED00DA37EE4CCA2D
:10E5C00036EE477A7DEEC6DA3EEEE35A6DEE211A5C
:10E5D0007DEE0D3AB0EE47DAADEE88DAACEE087AB1
:10E5E00075EE68EA77EE0DDA16EE90EA9EEEAD7AF9
:10E5F000C6447044714425EE077AF344ACEE087AC1
:10E60000BE44CEF30D06C0F30D000AEB86020AEB02
:10E61000800CC1F30D01CBF30D0BD2ED006A9CED24
:10E6200000CAD9ED37EA0AEB81050AEB8B0393EDBB
:10E6300000DAA5EE076A4744C7F30D0795ED005AC7
:10E6400036EECC7A3CEE455A7DEE66DAB0EE47CA3D
:10E65000ADEE88CA0AEB870743F2837BA5EE087A02
:10E6600035EEE8EA3CEE07DA26EE296A9EEE0D7AF0
:10E6700020EE800A25EE87EAA5EE08EAE5EE8E6A2E
:10E68000D9ED2F5AA6EE8B6AD5EE862AEFEE2B2A0D
:10E69000A0EE223AA0EE834AB0EE43FAA0EE22FAB0
:10E6A00074EE412AA0EE834AE2EEA14AF0EE6E0A31
:10E6B000DCEEA40A89ED4F4AE0EEAAEAA3EEA42A12
:10E6C000B0EE6E4A9CEEA44AB0EE643A64EE08CA1C
:10E6D000F0EE494A2CEEAC0A89ED772AE0EE0A4AC0
:10E6E00030EE092AA2EEA13A22EE2C1AC9ED37EA41
:10E6F000C1EE241A89ED4EFA71EEA13A89ED763A0F
:10E70000C7ED003AD9ED22EA99ED186A99ED297A18
:10E71000D9ED15DA99ED550AD9ED560A6EEE866AED
:10E7200027EE87CABDEEE65A2CEE2DDA15EE106AFA
:10E73000711C0ABF08F53E5636192D36BDEECD2A9E
:10E74000C6F30D000AEB800E9EED00FA99ED583AE3
:10E7500099ED594AD9ED7D3AD9ED574AD9ED811A4B
:10E7600099ED7F1AF8EEC22ABDEECC7A70EE20CA7F
:10E7700012EE105A3DEE625AF0EE442A4544ECEE99
:10E78000832A43F28176AA19D9ED7ECAB8EEC7EA88
:10E7900043F282717CEE4E5A3CEEA36A20EE24CA0C
:10E7A0006818D9ED804AC2F30D030AEB830CC0F35D
:10E7B0000D0205F55E53F0EE610A5D44E4EE860A53
:10E7C0000AEB820EC5F30D059CED006A9EED002A52
:10E7D000C3F30D0C0AEB8C000AEB850290ED00DA16
:10E7E000D2ED00DA76EE426A7DEEC6DA32EE4D2ADE
:10E7F000B0EE66DAADEE88DAE2EE086A75EE68EA47
:10E8000076EE8DDA17EE103ADEEEAD6A43449819D3
:10E81000194465EE26EA9B44E2EE08EAC0F30D02D5
:10E82000C1F30D0103F55E5CCBF30D05CCF30D03D5
:10E830000AEB810B0AEB8201D1ED006AA5EE2E6A8C
:10E840000AEB850E0AEB83059BED005A9EED00DA7C
:10E8500095ED007A36EEC52A75EE47DA7DEE66EA6A
:10E86000B0EE425AADEE885A4644C6F30D06AEEEFF
:10E87000882A0AEB860643F66A3E35EEE8EA32EE6F
:10E8800005DA26EE296A9EEE0D5A43F6693143F603
:10E890006C3C23EE811A25EE85EA73EEA33AADEEC9
:10E8A00088EAE5EE8E6AD9ED315AA6EE8B6AD5EE8E
:10E8B000862AEFEE2B2AACEE223AA0EE034AB0EE07
:10E8C00043FAACEE22FA74EE602AA0EE034AE2EEBE
:10E8D000814A99ED390A89ED594A9CEEA40A99EDCD
:10E8E000394A89ED58FAA0EE2A4AE3EEA41AB0EEAE
:10E8F00044CA9CEEA4CAB0EE643A6CEE08CAC9EDF4
:10E90000811A6CEEAC4AF0EE491AE4EE8A1A74EE03
:10E91000890AA2EE813A20EEAC1A89ED803AC1EE66
:10E92000213A89ED394A33EEA36A86ED006A99ED02
:10E93000237AD9ED186A99ED2B5A99ED15DAD9EDAC
:10E940005F0AD9ED602A27EE262A67EE857AFDEE6A
:10E95000C2DA27EE8DEA1DEE900A421C06BF08F5CA
:10E960003E502D300019C0F30D040AEB840BDBED93
:10E9700000EAD9ED623A019AD9ED88CA99ED877A11
:10E9800099ED8B2A99ED8A5AD9ED634A99ED614A3E
:10E9900099ED891ABDEECECA531E01931CEE103AB2
:10E9A000434403EB0E0443F66B303CEE876A1D468E
:10E9B000C4F30D0203440AEB820BC3F30D04F0EE23
:10E9C000421A6B186544E5EE061A0AEB8402C5F399
:10E9D0000D059BED006A92ED00DAC3F30D0B30EEEE
:10E9E000A20A0AEB8B040AEB8502D2ED00DAD9ED1C
:10E9F0003B2AB8EECCFAB0EE643A94ED00CA27EEAA
:10EA0000011AA3EE803A20EE840A37EE074A36EE6A
:10EA10004D7AFDEEE76A3DEE4CCA7DEEC6DAB0EE09
:10EA200047DAF8EEE65AACEE087AADEE88DA77EE21
:10EA3000E57A7EEE4F5A77EE0DDA35EEE8FA16EE0D
:10EA4000903A9FEE2D7A43449B46F34425EE877A15
:10EA50001844ACEE087A9C44CBF30D051944C0F37E
:10EA60000D00CCF30D040AEB80020AEB850CC1F318
:10EA70000D01DCED006A92ED00CA05980AEB8103F6
:10EA80000AEB840B9BED00DA0399A5EE876AC64476
:10EA9000CEF30D05D3ED005A36EECC7A7CEE655AF6
:10EAA0007DEE66DAB0EE47CAADEE88CA0AEB850B9A
:10EAB000A5EE887A37EEE8EA37EE0CDA26EE296A18
:10EAC0009DEE0E7AB5EE00FA27EE87EAA5EE88EA0B
:10EAD000E7EE8E6AD9ED337AA6EE8B6A97EE863A28
:10EAE000AEEEAB3AE0EE033AE0EEA34AF0EE63EAB4
:10EAF000E0EE03EA34EEE13AE0EEA34AA1EE035A77
:10EB0000F0EE620ADCEE850AC9ED634AE0EEAA2A5D
:10EB1000A4EE052AF0EE624ADCEE854AF0EE453AB4
:10EB200064EE88CAB0EE495A2CEEAC0A89ED8B2A05
:10EB3000A0EE0A5A30EE092AE1EE033A62EE2C1AF0
:10EB4000C9ED3B2A81EE851AC9ED62EA71EE012A10
:10EB5000C9ED8A3ACBED002AD9ED195A91ED004A58
:10EB6000D0ED00DA99ED10DA079C049A94ED007A62
:10EB700092ED006AD7ED007AD9ED1A4A069B99ED1D
:10EB8000110A93ED005A75EEA86A37EE06EA66EEB2
:10EB90008FEA38EEE5CA7DEE840A2CEE0F3A6EEE6F
:10EBA0002E3A72EEA7CAE0EE833A38EEE42A2CEE53
:10EBB00083CA15EE900AF0EE68CAB0EE68EAA5EED8
:10EBC0002ECAE0EE08CAADEE08EA22EE23DAFAF722
:10EBD0006FFA8E4B0022FAF70DF98D4B0022F9F7F0
:10EBE000D9FF04461CEE900A0D46FAF761FA024678
:10EBF0000B4620462946F9F7CDFFFAF7B1FAD6EDD4
:10EC0000001A029B0599039A01EE100A61EE212A6F
:10EC10000498EEEE0D2A0833B0EE681AECEE8C2A5A
:10EC200043ED042AD9ED195A97ED006ADBED00DABD
:10EC3000069F96ED004A97ED007A079ED0ED00EA18
:10EC4000D6ED006AD1ED000A92ED005A99ED112A35
:10EC500099ED1ACAD9ED101A019C029375EEA87AA3
:10EC60003DEE863A67EE8F4A78EEE53A34EE070AD3
:10EC700023EE8FFA23EE246A36EEAEEAAFEE006A98
:10EC8000A2EE081A70EE852A2EEE0FDA78EECCDAB4
:10EC9000B0EE684AA1EE884AA4EEA2DA2DEE867A9A
:10ECA00067EE016AE4EE0D6A43ED036A631C00F04F
:10ECB0008B80B8F1010B4ABF08F57F58D84608F1A0
:10ECC0003F0818F01F0FC44617D1D9ED03EAD9ED5C
:10ECD000076A99ED02FA99ED067AD9ED040A99EDE1
:10ECE000080AC9ED02EA9EEEA0FA96EE807AC9ED16
:10ECF000066A89ED03FA89ED077A99ED1B1A71EE20
:10ED0000681AB4EEE81AF1EE10FAC9ED1B1A48DDE4
:10ED1000089D4049404FDFED413A01FB057204EE8A
:10ED2000902AB8EE645ABFEE004AA5EE234A089234
:10ED3000F0EE442AB0EE442A99ED1DDADFED385AA0
:10ED4000DFED38DA9FED38EAB4EEE5DAF1EE10FAED
:10ED5000ADEE6DEA3EF6CCAD9FED34FABFEE007A33
:10ED60004FF0010EFEF7D2BDB9F9800000283EF445
:10ED70007EAAB9F98220002A7EF479AA06E00999D0
:10ED8000B0EE63AAC1ED243AFEF7ADBAA9F882004D
:10ED9000D9F86452B5FA85F14D09C9F86452FEF705
:10EDA00068BA08981B4E1C4B9FED1C6ADFED1F2AAA
:10EDB00006FB003407EE904AB8EE673ABFEE002A31
:10EDC000A3EE062A0894B7E7194D089FC9F80080FA
:10EDD0002F600BB0BDEC108BBDE8F08F09EB850AFE
:10EDE000CAF8A810FEF75FBBB0EE46AA86ED246A0B
:10EDF000FEF779BA09EB8503C3F8A060FEF710BBF4
:10EE0000099BC3F898A0FEF7C7BA00BF0000F03F07
:10EE10000000D03F0D6619005FF36E3C000000302B
:10EE20000AD7A33BCDCCCC3E9A99193F00000000F5
:10EE300010000020D0ED127ADFED736AD0ED1E5A7B
:10EE4000D0ED1D4A90ED236A90ED225A90ED281ADC
:10EE500090ED274A90ED2D2AD0ED2C2A90ED313AF5
:10EE600027EEA77A2DE9F04F27EE070A75EEE41A90
:10EE700060EE260A2DED108B20EE878A76EE458A0D
:10EE800071EE449A90ED329AD0ED37AA90ED36BAF1
:10EE900090ED3CDAD0ED3BDAD0ED41FAD0ED407A9E
:10EEA00090ED467AD0ED450AB0EEE1AA72EE62BA74
:10EEB000C8EE0A3A85B0531EB0EEE8CAC8EE0CCAD6
:10EEC00039EE43EAF0EEE9EA7AEECB5A88EE2EFA12
:10EED000F0EEEB6A88EE260A3DEE6D6AB0EECE5A91
:10EEE000C8EE054A3FEEE71AB0EEE54AC8EE041A4E
:10EEF00037EE602AF0EEC62AC8EE228AB0EEC19A3A
:10EF000088EE093AF0EEC29A88EE29CAB7EE007A86
:10EF1000F4EEC73AF1EE10FAF4EEC7CAC8BFF0EE4D
:10EF2000473AF1EE10FAB4EEC7FAC8BFF0EE47CA9E
:10EF3000F1EE10FAB4EEC70AC8BFB0EE47FAF1EE30
:10EF400010FAF4EEC74AC8BFB0EE470AF1EE10FA65
:10EF5000F4EEC71AC8BFF0EE474AF1EE10FAF4EE2D
:10EF6000C78AC8BFF0EE471AF1EE10FAB4EEC73AFE
:10EF7000C8BFF0EE478AF1EE10FAB4EEC7CAC8BFB8
:10EF8000B0EE473AF1EE10FAC8BFB0EE47CA90EDC6
:10EF90000C1AD0ED14AA90ED15AAD0ED16BA90ED8A
:10EFA00017BAC0ED1C3AC0ED21CA80ED26FA80EDFB
:10EFB0002B0AC0ED304AC0ED351AC0ED3A8A80ED1B
:10EFC0003F3A80ED44CA0293002A01F0BB8201F16E
:10EFD000080A0E490E4D0C68DFED0E7ADFED0ECA01
:10EFE0009FED0E2A9FED0EDA9FED0EFA0026D0E976
:10EFF0000023F1EE410A019605F1040BF6EE006ADA
:10F00000A14601F0BEB900BF0AD7A33B1000002003
:10F0100010540208000000380000E0420000804365
:10F0200000809C44002055450AD7233C00204D45D4
:10F030000000004300008045D0ED03DA90ED07EAC0
:10F04000D0ED02EAD0ED06FAD0ED045A90ED080AB0
:10F05000C0ED02DADDEEA5EADEEE00FA7DEEA63ABC
:10F06000C0ED03EAC0ED07FA80ED06EAD0ED102A04
:10F0700090ED0F6A5FED144A1FED145A5FED141AFC
:10F08000D0ED198A90ED189A1FED168AF749F84CC1
:10F0900036EE624A37EE683AE4EE242AF2EE048A4B
:10F0A000E2EE851A9FEDF35AC0ED102AC3EE219AC5
:10F0B000E3EE858A39EE89CAFDEEE89AB4EEC7CA56
:10F0C000F1EE10FAA8BF3CEE47CA19EE907AB5EE01
:10F0D000C0CAF1EE10FA80ED18CA98BF3CEE07CA1C
:10F0E0001744B4EEE6CA98BF80ED18CAF1EE10FAE4
:10F0F000AABF37EE4C3A3CEE0C3A33EE033A61EEDF
:10F100008CDA23EE08EAF0EE6DEAFDEECEFAE1EEDF
:10F11000A6EA1FEE90CA04EB8C0601EB8C0E791C5C
:10F12000D6ED004A9EED000A1AED029A90ED203AC3
:10F13000D0ED213AF8EEEF5AC1F30D043EEE656AC8
:10F1400033F914C0D0ED0A5A34EEC04AC7F30D07A4
:10F15000F4EEEE1A33F91760A6EE040A02F1640128
:10F16000C1F30D04B8EEE9CA06EE10CAF1EE10FACA
:10F1700098BF7EEEE1EA78EECCFA5AED011A08EE7D
:10F18000906AF8EEC64A39EE21EAB8EEE89A64EEE3
:10F19000A71A33EE238AE9EE671AB4EEC78A2FEE78
:10F1A000A13AF1EE10FAA9EE273A2EEE254ABEEE6C
:10F1B000E83A22EEAC5A13EE107A07F30F0623F862
:10F1C000146080ED208A41F33081AB4CAB4990F85C
:10F1D0009070D0ED233A9FEDAACA9FEDAAEAC0ED48
:10F1E000223A04FB09190FEE909A38EE478AF8EE9E
:10F1F0006F5A87F00106A5EE8CEA80F8906080EDEA
:10F20000208A002E01F0238177EE631A21EE8E9A78
:10F2100073EE898A0124C0ED238A019428EE023A14
:10F22000C8F30D07FDEEC39AF0EE638A19EE908ADB
:10F2300005EB880E0BEB880CDEED00FADCED005AD6
:10F2400090ED118AD0ED261AB8EEE9CA35EEEF6AD4
:10F2500033EE4CEAF0EE453AEEEE06FADFED8A9A2E
:10F26000EFEE898A90ED259AE8EE283A62EEA9FA47
:10F27000F4EEEC3AF1EE10FA88BFF0EE6C3AF4EEF0
:10F28000C73AF1EE10FAB8BFF0EE473ABDEEE35AD6
:10F2900015EE101A11444E1CC6F30D048E1C33F9E2
:10F2A0001480C6F30D0401F1FF3CC1F30D0133F9E5
:10F2B00014E033F911600CEE108ACCF30D08F8EE6F
:10F2C000C54A08EE90EA33F9184033EEE43AF8EE16
:10F2D000CC5A79EE213A09EE106AB8EEE85A01EEFE
:10F2E000904A25EEA76AF8EEC95A65EE274AB8EEAD
:10F2F000E1CAF0EE469A95EEA76AECEE679AE5EE63
:10F30000E74AF0EE468AE4EEA68AA9EEA66A33EE54
:10F3100047EA36EE285AF4EEC73A95EE0E6AF1EE59
:10F3200010FA23EE06EAA9EEA6EA23EE0E3AA5EEBF
:10F33000A73AA1EE034A24EE206ABEEEE84A14EE94
:10F3400010EA0EF30F0C23F817C0C0ED253A41F375
:10F350006480494E494C90F8A47090ED289ADFEDF6
:10F36000484ADFED485A80ED279A06FB094901EE2D
:10F37000909A73EEC73AB8EE61CA87F00101ECEEDD
:10F38000245A80F8A410C0ED253A002901F05580D8
:10F3900037EE494A24EE25EA39EE0E5A012780ED70
:10F3A000285A019763EE825A33EE063ABDEEE56ABB
:10F3B000D0ED2A3AD0ED2B4A16EE108A05EB880ED6
:10F3C0000BEB880CDEED009ADCED008AF8EEC61A35
:10F3D00038EEE95A35EEE1CA73EEA43AECEE059A3E
:10F3E0009FED2ACAA9EE8E9A9FED27EAE8EE09FA68
:10F3F00022EE8C5AF4EECEFAF1EE10FA88BFF0EE5F
:10F400004EFAF4EEC7FAF1EE10FAB8BFF0EE47FA92
:10F41000BDEEEF4AF4EEC73A14EE101A114401F1B2
:10F420007306C6F30D0401F17406C6F30D0801F16D
:10F43000720C33F9147033F918E0CCF30D04713108
:10F44000C1F30D0106EE107A33F9147033F911602F
:10F4500009EE90EAF8EEC45AF8EEC64A04EE107AC5
:10F46000B8EEE99A06EE106A12E000BF800F0208BB
:10F47000840F0208000070420D6619005FF36E3CB5
:10F480003333332F9A99993E000021430000704393
:10F490007FEEE5FA64EEA78AF8EEC45A29EE27EA71
:10F4A000F8EEC64AF0EE689AD5EEA78A02F1720429
:10F4B000C4F30D0CE4EEE79AA5EEE7EAB0EE68CAF5
:10F4C000AEEE26CAE9EEA68A7FEEC71A38EE8C9A0F
:10F4D000F1EE10FAD1EE898A6FEEA81AE9EEA61ABB
:10F4E0006FEEA1FAE5EEA7FAA1EE2F3AF0EE438A0D
:10F4F000FEEEE88A23EE203A18EE908A08F30F0E0B
:10F5000023F81CE0C0ED2A3A40F37F87F74EF84C11
:10F5100090F8B81090ED2D6A9FEDF64ADFEDF69A5F
:10F5200080ED2C6A06FB094905EE909A73EEC73A06
:10F53000F8EE654A81F00107E4EE849A80F8B8702D
:10F54000C0ED2A3A002F00F0968777EE468A28EE23
:10F55000A9EA76EE0E1A0121C0ED2D1A01917FEE77
:10F5600083FA23EE823AD0ED309AD0ED2F3ABDEEF9
:10F57000C34A14EE107A05EB87080BEB870ED8ED23
:10F58000004A9EED009AF8EEC45A79EE641A33EE02
:10F5900065CA33EEA94AECEE214AF0EE469AE4EE53
:10F5A0008E9A9FEDD66A9FEDD6CAA8EE295AB4EE80
:10F5B000C65AF1EE10FA88BFB0EE465AB4EEC75AFA
:10F5C000F1EE10FAB8BFB0EE475ABDEEC5EAB4EEA0
:10F5D000C74A1EEE10CA94440CF58B76C6F30D0490
:10F5E0000CF2171733F91410C7F30D060CF2151EA1
:10F5F000CEF30D040CF58A7C33F9168033F91470C0
:10F6000003EE901ACCF30D0109EE108A33F9116064
:10F61000F8EECE8AF8EEE35A09EE907AF8EEC91ABF
:10F6200003EE906A35EE685A65EEA74AF8EEE98A6D
:10F6300021EEA76AF8EEE35AB0EE649AD8EEA74A34
:10F6400002F21514C4F30D0CA5EEE79AA8EEE76AD2
:10F6500022EE8CEAB0EE64CAA6EE26CAE9EE264A8D
:10F6600035EE473A7CEE241AF1EE10FAD1EE834AD9
:10F6700025EE243AA9EE263A25EE035AA8EEA75A1B
:10F68000E1EE05FAF0EE6F4AFEEEE84A6FEEA0FA00
:10F6900014EE908A08F30F0E23F81CE080ED2F4A39
:10F6A00040F3AB86914E924C90F8CC10D0ED329A4C
:10F6B000DFED908ADFED905AC0ED319A06FB0949E3
:10F6C00003EE909A34EE474AB8EE639A81F0010750
:10F6D000E9EE285A80F8CC7080ED2F4A002F00F018
:10F6E000C08677EE694A64EEA55A39EEA53A012143
:10F6F00080ED323A019135EE2F5A64EE02FAD0EDE8
:10F70000358A90ED344ABDEEEF6A74EE283A16EE73
:10F71000107A05EB87080BEB870ED8ED001A9EEDEB
:10F72000003AB8EEC69A73EE614A3FEEC9CAECEEF3
:10F73000241A9FED74CAE1EEA59ADFED715AA8EE86
:10F7400029EAB4EEE5EAF1EE10FA88BFB0EE65EA18
:10F75000B4EEC7EAF1EE10FAB8BFB0EE47EAFDEE3C
:10F76000CEFAF4EEC73A1FEE90CA94440CF5027636
:10F77000C6F30D040CF2092733F91410C7F30D0674
:10F780000CF2072ECEF30D040CF2062C33F9168082
:10F7900033F9147008EE901ACCF30D0101EE908A43
:10F7A00033F91160B8EEEF4AB8EEE89A09EE907AB4
:10F7B000F8EEE14A08EE906A3EEE44EA29EE273A76
:10F7C000B8EEE94A64EEA75AB8EEE89AF0EE434A7A
:10F7D00094EE273A02F20724C4F30D0CE9EE674ACF
:10F7E000E4EE675A62EE8CFAB0EE43CAA5EEA6CA02
:10F7F000A4EEA63A3EEE476A73EE0C1AF1EE10FA4A
:10F8000096EE213A2EEE036AA4EEA66A2EEE066A62
:10F81000A4EE276AA1EE065AB0EE45EABEEEE8EA8B
:10F82000A5EE206A1EEE108A08F30F0E23F81CE0E6
:10F83000C0ED343A40F3D9852C4E2D4C90F8E010B1
:10F8400090ED373ADFED2B5ADFED2B9A80ED363A0B
:10F8500006FB094904EE109A73EEC73AF8EE448AA3
:10F8600081F00107E8EEA59A80F8E070C0ED343A27
:10F87000002F00F0148637EE43EA6EEE291A33EEBD
:10F8800021CA012180ED37CA019123EE825ADFEDB2
:10F890001D4AFDEEC53A13EE907A05EB87080BEB97
:10F8A000870E98ED004ADEED008AF8EEE35A38EE56
:10F8B000C49A75EE659A42F2DB78A9EE894A42F263
:10F8C000DC7EFDEEED9AA4EE213AB8EEE95AE8EEC0
:10F8D00003FA3DEEC55AF4EEE4FAF1EE10FA88BFF1
:10F8E000F0EE64FAF4EEC7FA0EE000BF0D66190000
:10F8F0005FF36E3C3333332F9A99993E0000704387
:10F900000000C74300689545F1EE10FAB8BFF0EE6D
:10F9100047FABDEEEFCAD0ED134AF8EECC1A1CEE52
:10F92000106A3FEEE14AFDEEEEFA16441FEE904AF1
:10F93000144404EB080CCCF30D0104EB0E0C33F96A
:10F940001170CCF30D010DEE907A33F9117019EEB0
:10F95000901A114408EE907A01EB0807C7F30D07DF
:10F96000B04433F917700CEE107AC8F30D07B8EEF7
:10F97000E89A33F9178001EB0E07C7F30D0709EE7C
:10F98000908AB64433F91780CEF30D0769EE278AC3
:10F9900009EE108A04F51F5833F917E008F11A0729
:10F9A000B8EEEFEAF8EECC1AC7F30D0742F2D97CB5
:10F9B0003EEECE3A37EE64EA61EEA74A01EE90EAF7
:10F9C00033F917E004EB0C07C7F30D07F8EEED3A37
:10F9D00033F91780F8EEE9DAB8EEC9CA09EE10EA91
:10F9E00063EEA75A6DEEA73A6CEE27DA0CEE108A9A
:10F9F000B8EEC99AF8EEE19AB8EECCCA69EEA71A49
:10FA0000F0EE659AD9EE275A01F51F5E0EF11A073E
:10FA1000ECEE679AC7F30D0806F51F57E9EE678A03
:10FA200033F918E0B0EE65CAA8EEA6CA66441A37E4
:10FA3000E9EEA65A8C44CCF30D0C73EE47FA75EE42
:10FA40008C8AC7F30D07DFEEA85A33F91C8033F90F
:10FA500017C0CDED03FA63EE255A0FEE90EAE9EEFA
:10FA6000A65AC6F30D06F8EEEF8A63EE255A0FEE9E
:10FA700090CAE9EE275A33F9167009EE108AB0EEF3
:10FA800064CAD8EEA74AE8EEE7DAF8EEC99AB8EE0B
:10FA9000EF9A0FEE907AA9EEE7CAF8EEEFFAF0EEE1
:10FAA000649AEDEEA69AF0EE63DAD9EE273AEFEE1D
:10FAB000E7DAE9EE671AF0EE63FAECEE264AEDEECD
:10FAC000A63AE1EEA6FA74EEA99A73EEAF1A75EEB5
:10FAD00047FA74EE47EADFEEA94AD1EEAE3A65EE98
:10FAE000244A64EE23EAECEE264AEDEEA6EA65EE41
:10FAF000243A24EE2E4AE8EEA73A77EE408AA9EEA1
:10FB0000274A68EEA55A90ED139AD0ED0D9AD0EDE4
:10FB10000E1AE0EE235A36EE6ACA69EE25DAF3EEE3
:10FB20000BEAEEEE04DA90ED0BEAD0ED3A5AAEEEC7
:10FB30002DCAB0EE6E9AE9EE8CAA90ED39CA3AEE73
:10FB4000EB4AF2EE023AE1EE84BA3CEE254A7AEE56
:10FB5000EBDAB4EEC74A6DEEAD4AF1EE10FA34EED0
:10FB6000AEEAA4EEA39A6EEE2D9A62EE8DEAC9EE8D
:10FB7000891A80ED394A40F33084B54FB54ED0ED47
:10FB80003C4A9FEDB59A9FEDB5EAC0ED3B4A07FBB5
:10FB900009690CEE109A90F8F47034EE474AF8EECA
:10FBA0004CDA87F00106ADEE89EA80F8F46080ED6A
:10FBB000394A002E00F0698437EE64CA2CEE0E9AA2
:10FBC00074EE893A0127C0ED3C3A019724EE024ACF
:10FBD00002F29736FDEEC4DAC6F30D081DEE907AF8
:10FBE00005EB870C0BEB8706DCED009A96ED00CA5F
:10FBF000DFED9B3AF8EEED5A7CEE69DA34EE654AB9
:10FC0000E4EE2D9AE9EE894AE8EE24EAF4EECDEA34
:10FC1000F1EE10FA88BFF0EE4DEAF4EEC7EAF1EE2D
:10FC200010FAB8BFF0EE47EABDEEEE9AF4EEE32A22
:10FC300019EE107A174407F56676C6F30D0607F23B
:10FC4000973C33F9166009EE906A07F29936C6F3CD
:10FC50000D0607F2963733F91660CCF30D0C04EE5F
:10FC6000106AC7F30D0633F91C7033F916C0B8EEED
:10FC7000C98AB8EEE9CA09EE107A7EEEC8EAF8EE53
:10FC8000C4DA08EE10CA2CEE27EAB8EEC9CA6DEE47
:10FC9000A74AB8EEC84AF0EE4E9A9CEE27EAECEE80
:10FCA000674AE4EE679AF0EE4EDAE4EEA6DAA9EEE1
:10FCB000A6EA7EEEC75A7EEE2D4AF1EE10FA94EED9
:10FCC000A5EA2EEE8EEAA9EEA6EA6EEE8EEAECEE3C
:10FCD00027EAEEEEA01AF0EE615AFEEEE85A15EEB3
:10FCE000906A06F30F0723F8187000F16183F4EEB1
:10FCF000C72AF1EE10FA40F30F849FED5A4A40F202
:10FD0000C968FFEE009A904408F67E06C6F30D0C13
:10FD100008F67F0633F91C70C6F30D0C0CEE107A52
:10FD200033F91C7008F67D0C0EEE107A08F67C088C
:10FD3000CCF30D07C8F30D0633F917C033F916706D
:10FD4000F8EECCDA02EE90CAF8EECE5A09EE107A4E
:10FD5000B8EEE28A6DEEA74A65EEA73AB8EEC9CAD8
:10FD6000F0EE64DAD8EE274A02F67D0602F6487C09
:10FD7000ECEE67DAC6F30D08CCF30D07E8EE673A50
:10FD8000B0EE64EAA3EEA6EAEDEEA64A7EEE245AB1
:10FD9000D5EEA94A64EE849AEDEEA69A69EE844AFD
:10FDA000E8EE274A71EEA41AE1EE21EAEEEEA04A4F
:10FDB000FEEEE8EA34EEA44AFEEEE84A1EEE906A51
:10FDC00006F30F0C23F818C014EE908A08F30F0600
:10FDD00023F817600AED024AD0ED3EEAD0ED3F2A43
:10FDE000D0ED103A3EEEA2CA63EE8F4AB4EEC7CA17
:10FDF000F1EE10FA80ED3ECA40F3E882144F154E42
:10FE000090ED418ADFED145ADFED149A80ED408ABF
:10FE100007FB09690DEE909A90F808713CEE47CA0D
:10FE2000B8EE6DEA87F00106EEEE259A80F80861DB
:10FE300080ED3ECA002E00F0578377EE482A22EE6E
:10FE4000A99A38EE094A012780ED414A01970DE051
:10FE50000D6619005FF36E3C3333332F9A99993E48
:10FE6000EDEA163A000000000000BD442CEE02CA84
:10FE700004F64977FDEECCDAD0ED112A90ED134A65
:10FE80001DEE90CA05EB8C080BEB8C06D8ED009AA2
:10FE9000D6ED001AB8EEEDEA71EEE9EA7CEE4E5AC4
:10FEA000C7F30D0CE5EEAE9A33F91C8004F64A76E2
:10FEB000A9EE898AC6F30D0709EE108A01F6497882
:10FEC000C8F30D0633F917C033F916700EEE10CAD9
:10FED00001F64A7C09EE907ACCF30D0804F64877D7
:10FEE000C7F30D0C04F6477433F9186033F91C801E
:10FEF000C4F30D07F8EECE5AB8EEE9CAF8EEC9DA47
:10FF000009EE106A33F9176065EEA7EA6CEE275A1E
:10FF10000CEE108A0EEE106AB8EECCCA6DEEA71A7F
:10FF2000F8EEC9DAB8EECE9A6DEEA79AF0EE61DA85
:10FF3000DCEE271A01F64874C4F30D07E9EE67DA20
:10FF400001F64771C1F30D06ECEE67EA33F917C00D
:10FF500033F91640B0EE61EAAEEEA6EAEDEEA61A6F
:10FF6000DDED03EA3EEE219AE2EE884ADEEE891AE2
:10FF7000F4EECF4A63EE211AF1EE10FAEDEEA61A76
:10FF80000DEE904A23EE213AF8EEEDEAACEE273A78
:10FF90000CEE10CAB8EECCEAF0EE651ADEEE275A87
:10FFA000EEEEE71AEEEE679A68EE838AB0EE653AF7
:10FFB000A9EEA63AE1EEA65A88BFF0EE4F4A73EEDC
:10FFC000259AF4EEC74ADFEEA95AF1EE10FA65EE73
:10FFD00025FAB8BFF0EE474AE1EEA6FA37EE448ABA
:10FFE00025EE2F5A5FED605A90ED0B9AD0ED0DDAA9
:10FFF00090ED0ECAAEEE275ABDEEE4EAE0EE058AB9
:020000040801F1
:100000001EEE108A904408F64971C1F30D07F8EE10
:10001000CEEA33F9176090ED430A08F64A7CCCF338
:100020000D0408F6487734EEEE5A04EE906A08F6AE
:100030004776C7F30D0833F9141033F9184064EE0E
:10004000288AC6F30D0C90ED444A30EE044A00EEC7
:10005000101A33F91C1080ED434AB8EEE43A04EE6E
:10006000904AB8EEC0EA0EEE901A63EEA5FA63EE7F
:10007000275AB8EEE43A2EEE27EAF8EEEE4AB0EE52
:10008000650AD3EE275AA4EEE70AA3EE67EAF0EE7C
:1000900065EAEEEE26EAE0EE265A35EE47EA7EEE17
:1000A000A54A36EE4A6AD4EE8E5AF3EE0B1A65EE86
:1000B000255AF2EE029AE0EE265AB4EEC74A25EE31
:1000C000255AF1EE10FAA3EE275AE8EE058AA9EEBA
:1000D000286AADEE86AAF0EE61DA3AEE4B6AACEE33
:1000E00006BA3AEE4B8A28EE089AE9EE29DA39EE9A
:1000F00021CA6CEE081AC1EEAD8A40F36081F14E60
:10010000F14C90F81C7106FB094987F0010180F859
:100110001C1100EE109A34EE474A90ED463ADFED9E
:10012000EBEADFEDEB4A80ED434AB8EE40EA80EDC2
:10013000453AEEEE2E4A002900F0BB8177EE43DA15
:100140002DEEA49A33EE098A012780ED468A0197A5
:1001500024EE02CADFEDDF9AFDEECC1A11EE908A92
:1001600005EB880C0BEB8801DCED004A91ED000AF1
:10017000B8EEE14A30EE64EA7CEE44EAEEEE8E4AF6
:10018000A4EE893AE2EE83FA9FEDD33AF4EEE9FA6F
:10019000F1EE10FA88BFF0EE69FAF4EEC7FAF1EE6C
:1001A00010FAB8BFF0EE47FAFDEEEF2AF4EEC33ACC
:1001B00012EE907A174407F5E4561D36C6F30D0487
:1001C00007F5E45633F914101E3641F69C44C6F385
:1001D0000D0807F5E45627441B36C7F30D0706EE56
:1001E000101A33F918C033F91710C6F30D08B8EE1A
:1001F000C68A33F918600DEE90CA01EE901A28EE07
:10020000279A0EEE906AB8EEEDCAB8EEE14AB0EE6B
:10021000490A6CEE279AF8EEEE4A94EE270A141972
:10022000C4F30D07A4EEE79AE4EE679AB0EE40EA55
:10023000F8EEE25AA9EE26EAA9EEA60A7FEEE5FA62
:1002400070EE0E2A3FEEC75AF1EE10FA95EE22EA52
:100250006FEE8E5AE9EE265A2FEEA55AA4EE275AD3
:10026000E1EE058AF0EE45FAB0EE686ABEEEE86AA5
:1002700016EE101A01F30F0623F8176000F19180B3
:10028000F4EEC73AF1EE10FA40F33781DFED93DA7E
:10029000BFEE00CA40F2525C94440CF50A51029C35
:1002A0000731C1F30D06671E0CF50A5433F91680A9
:1002B00002970834C4F30D0109EE908A42F28628B1
:1002C00033F911600CF50A54C4440534CCF30D0C19
:1002D00004EE106AC4F30D0633F91C1033F916400E
:1002E000F8EEE91A0EEE101A61EEA7EA02EE904A55
:1002F000F8EEC44AB8EECE5AB0EE6E6A24EEA70A03
:10030000F8EEE25A95EE276A02F51F561A36E5EE28
:10031000E7EA9044C8F30D08A5EE670AC6F30D0C92
:100320000AF1080AB0EE463AAEEEA63A0137A0EE60
:10033000266A76EE033A93EE8C3A23EE2D8AAEEEE1
:10034000A68A28EE2D9AA5EE279A78EE898AE8EEFD
:10035000A0FAA1EE2F9AFEEEE8FA79EE09DABEEEE7
:10036000E89A1FEE901A01F30F0419EE106A23F8B1
:10037000184006F30F0823F81C804AED03DA00F05A
:10038000DB80571E4ABF02F57F523A463F32D10604
:1003900090463EF451AE90ED028A78EE263AFEF792
:1003A00065BEDFED4EDABFEE00CA4FF0010C73E719
:1003B0009FED4A4AFFEE009A4FF00108A3E490ED4A
:1003C000453AD0ED469A39EEC39AC1E690ED408A9F
:1003D00090ED419A39EE489A48E5D0ED3B4AD0ED90
:1003E0003C3A33EEE49AFFF7F1BB90ED363A90EDEC
:1003F000375A75EE431AFFF748BAD0ED319A90EDAF
:10040000326A76EE695AFFF776B990ED2C6A90ED74
:100410002DEA3EEE46EAFFF7A2B890ED279A90ED5E
:10042000284A34EE49EAFEF7BDBFD0ED223AD0EDBE
:10043000239A39EEE39AFEF7F1BE79EE079A69EE58
:10044000A58A39EE685AB1EE68EAFEF7A7BF33EE27
:10045000876A66EE0E4A73EEE48AB1EE649AFEF79E
:10046000D9BE39EE87CA6CEE251A39EEE13AF1EEC3
:10047000615AFFF73CB936EE07CA2CEE299A76EEA0
:10048000491AB1EE49EAFFF766B874EE875A65EE8D
:100490008E9A74EEE93AB1EE699AFFF793BB33EEA8
:1004A000079A69EE294A33EE64CAF1EE641AFFF73F
:1004B000E8B933EE075A25EE246A33EE468AB1EEE8
:1004C000469A41E60D6619005FF36E3C3333332FD5
:1004D0009A99993E0000BD444B78403A00000000D4
:1004E0000040AA440020D94478EE071A61EEA9EA38
:1004F00038EE6E4AB1EE6E9AA5E41FED073A63EE50
:10050000833ABDEEE38AB8EEC89A18EE10CA73EECD
:10051000C9DA3DEEC7CABFE65FED0E3A62EEA32A26
:10052000BDEEE29AB8EEC98A19EE108A32EEC84AD8
:1005300074EE479AFFF7E7BB0260019A12B1084BCD
:10054000C3F80090C0ED14AA80ED15AAC0ED16BA4C
:1005500080ED17BA05B0BDEC108BBDE8F08F00BF81
:100560001000002092ED026ADFEDB37AD2ED016A4D
:10057000DFEDB21A9FEDB23AD2ED064A2DE9F04115
:10058000B04FB14CB14E069D36EE277A98463B6887
:10059000FDEEC72A06FB034637EEC60AB8EEE21A9E
:1005A00007EE906A37EE416AB8EE671ABDEEC02AD0
:1005B00066EEA10AFEEE003AE1EE033AA44CFDEE2F
:1005C000E05AB8EEC24AB8EEE55A30EE447A15EE7B
:1005D00090EABEEECC6AD2ED005A3E609D4F9E4E30
:1005E000D2ED0B6A24EEA34A30EEC50A16EE10CA0D
:1005F00007EB8E07BEEECC7AF6EE000A97ED016AA5
:1006000074EE203AD7ED000A06EB8C0317EE10CA01
:1006100093ED003A36EE605A12EE903A06EB8C06F5
:1006200004EB8307E0EE050A836896ED000A97ED78
:10063000007A12EE106A012B04EB8604D4ED002A36
:100640009DF8204023EE072A00F0CD80B5EEC04A89
:10065000F1EE10FA00F1AC80F7EE001A71EEE34A09
:1006600074EEA47AB7EE001A04EE105AB4EEC12A62
:10067000F1EE10FAB8EEC47A0EDDF5EE003A27EE90
:10068000233A63EE222A22EE800AF4EEC00AF1EE4B
:1006900010FA88BFF0EE400A37EE605A9FED6F6A9D
:1006A000079F92F83560C1F80C80A0EEC25A81F81D
:1006B000296062EE064A25EE851AFDEEE05AA0EEAC
:1006C000821A15EE902ABDEEC12ABCEEE44A12EE63
:1006D000103AFB1A2B4493FBF5F805FB183514EE82
:1006E000107A22F001020D60002E79D07E4202FBCA
:1006F00007F78E604F6007EE102AF8EEC73AB0EEAB
:10070000003AC3EE232A564A4FF0000CC1F818C035
:10071000B0EE080A66EE804A9FED526AC1ED072AE4
:10072000FDEEE46AB8EEE65A16EE903A34EEC51ADB
:100730000133B4EEC61A02EB8308F1EE10FAD8EDDD
:10074000005A4FEA830538D52E1F324492ED006AD5
:10075000DFED454A454B21EE245A75EEC66A1E442C
:10076000A5EE266A2B4426EE061A61EE065A25EE01
:10077000A52A22EE254A24EE047A67EE043AC1ED5A
:10078000043A96ED000A93ED003A73EE402AA5EE86
:10079000220A012581F8285081ED050AC1ED087A69
:1007A000C1ED091A81F82A40C0ED050ABDE8F081C3
:1007B00073EEA31AF7EE007A54E725EEA52A2B4F25
:1007C00022EE254A3D4424EE047A67EE043A23EEF5
:1007D000A33A63EE232AC1ED042A95ED000AD8E777
:1007E000C1E9016787E723EEA11A214EBDEEC14A98
:1007F00014EE10EA4FEA8E0C0CF10403F8EEC43A42
:1008000006EB8E0706F5806E1E4431EE637A96ED98
:10081000003AD7ED003A33EE635AF4447344DCED0A
:10082000001A93ED006AE7EE053A76EE614AF0EEC3
:10083000637AE4EE871A15E7000000430000804366
:100840000000802F100000205FF36E3C0D66190041
:100850007C0B02080C500208780702080000804751
:1008600048C302082EBA683FCDCC8C3F38C302087B
:10087000D0AA020800F6A86300B5DFF8FCC0C3F8F0
:1008800000C000F6AC6E3A49CEF8001000F56B637C
:10089000384A1A6000F6B86E0023CEF8003000F631
:1008A000B46ECEF8003000F6F86ECEF800C000F658
:1008B000FC6ECEF8001000F5706ECEF8002000F649
:1008C000087ECEF8003000F6047ECEF8003000F549
:1008D0006D6ECEF800C000F6D46ECEF8001000F6B3
:1008E000D86ECEF8002000F56E6ECEF8003000F61F
:1008F000DC6ECEF8003000F6BC6ECEF800C000F51D
:100900006C6ECEF8001000F6C46ECEF8002000F633
:10091000CC6ECEF8003000F6C86ECEF8003000F68F
:100920000C7ECEF800C000F5716ECEF8001000F617
:10093000147ECEF8002000F61C7ECEF8003000F6C3
:10094000187ECEF8003000F6E46ECEF800C000F657
:10095000E86CCCF8001000F6EC6C00F6F46100F5E1
:100960006F60CCF800200B6003605DF804FB00BFF3
:100970000AD7233CC8AA7F3F22BA003D70B505467E
:1009800041610220C5E906320021049C686005F53A
:10099000C45305F5BF5005F5DB562C622972A972C8
:1009A000002208301C330C369C465A604CF8082B49
:1009B0004833B342CCF8042043F8402CCCF80C2048
:1009C000CCF8082043F82C2C43F8302C43F8242C86
:1009D00043F8282C43F81C2C43F8202C43F8142C03
:1009E00043F8182C43F80C2C43F8102C43F8042C33
:1009F00043F8082CD8D12549B42205F58056F8F7DC
:100A0000FFFB2C2405F5DB5005F5E15305F5F75107
:100A1000C6F86C4B10300433143100249E465C60E1
:100A20004EF8084B48339942CEF8044043F8404C06
:100A3000CEF80C40CEF8084043F82C4C43F8304C2C
:100A400043F8244C43F8284C43F81C4C43F8204C02
:100A500043F8144C43F8184C43F80C4C43F8104C32
:100A600043F8044C43F8084CD8D1B4220749F8F7AE
:100A7000C7FB2C20C6F8F40E2846FFF7FBFE012624
:100A800006226A70EE722C6170BD00BF1458020815
:100A9000037A10B4F3B14468D0F8541FA4F10104F0
:100AA00000F5805CB4FA84F35A09D0F8344FCCF8DE
:100AB000F84ECCF8FC1E42F002028CF8002F0078B1
:100AC000A0F10300B0FA80F14B098CF8013F5DF80A
:100AD000044B70474268D0F8941FD0F8744F00F56B
:100AE000805CA2F10102B2FA82F3CCF8F84ECCF8A5
:100AF000FC1E5A09E1E700BF30B44368144D0D6095
:100B000000F5F75418348C60002B4FF00C044C6047
:100B100019DD00EB830C4569DCF81840012BC1E9B5
:100B200004450C4DCD6003D080698D61C1E907405B
:100B30000133094903EB430343F31D0401FB04F4B0
:100B4000146030BC70470124146030BC704700BF93
:100B50007374617462756666ABAAAAAA2DE9F04F38
:100B6000437805782DED028B032B8BB0044600F003
:100B70008081032D22D0052D00F07B81052B1DD017
:100B8000042D00F07681042B18D0062B00F0718123
:100B9000C67A9EB9AB4200F06381FFF76BFE314627
:100BA000D4F8740E4FF40052F7F7F2FAE17A257890
:100BB000C4F8706E6570002900F05081636804F518
:100BC00080570022012B87F8C42700F08681206A15
:100BD000E769D4E90561CDE90800CDE906613F1A6E
:100BE0000644217ADFEDC28ADFEDC27A002908BF10
:100BF000F0EE678AB7F5005FC0F07882C4F8786AD3
:100C00004FF4005200213046A7F5005AF7F7C0FA1A
:100C10000020BAF5004F06F50058C4F8740AC0F079
:100C2000D787042D06F52046A7F5204700F07C82E3
:100C30003546A5EB0802C4F8A48A40460021F7F720
:100C4000A7FA04F52A6A04F6A823AB4AAB4DAC49CF
:100C5000DFF8C8C204F6B82B0020C4F8A00A4FF091
:100C60007C589D60DA60A74DCAF80820A64ACAF8E9
:100C70000C80CBF808C0CBF80C10CAF81810CAF8D2
:100C80001C80CAF83850CAF83420B7F5C36F04F195
:100C90002408C0F03D8206F50272314640460FF04E
:100CA000AFFC06F50057C4F8746EBA1B304600213D
:100CB000F7F76EFA25789FED958A954A04F56763F4
:100CC0000026032DC4F8706E1A6383ED0A8A83ED43
:100CD0000D8A00F0D781052D00F0E0826068277A48
:100CE000002840F3C88204F59D5B04F572650DF1A0
:100CF000180A0DF12009002F00F0AE810020D9F86C
:100D000000206861E861DAF8000085ED028AA2F14E
:100D10000803C5E900002B611AB17F21F7F738FA03
:100D2000277AC5F818B060680136B0420BF5007B31
:100D300005F120050AF1040A09F10409DBDC0128A8
:100D4000257814BF1A232023002F14BF1422102249
:100D500002FB03F31E1106EB460291104FF07E5E7C
:100D6000E6642165C4F85CE0234604F5DC6C0022EF
:100D70004FF0804783F89020C3F8807083F8BC2040
:100D8000C3F8AC70C3F8D87083F8E820C3F80471D6
:100D900083F81421C3F8307183F84021C3F85C71E3
:100DA00083F86C21C3F8887183F8982103F59A7B46
:100DB00003F5B0739C458BF89020CBF88070D9D1A7
:100DC000C4F8688804F6D80104F668084FF089462C
:100DD00026664FF0000A4FF0010E4FF07E534FF49D
:100DE00000674FF07C566065C4F8A008C4F858A0AE
:100DF000C8F83CA0C8F844A0C8F840A084F88228ED
:100E000084F89A28A4F880E8A4F898E8C8F84C3048
:100E100084F8B8E8C4F8BC28C4F8C028C4F89C78A2
:100E2000C8F85CA0C8F86060C4F8F808C4F8CC281A
:100E3000C4F8D02884F8D428C1F800A0C1F804A0D0
:100E4000C1F808A0C1F80CA0C4F80029C4F808290A
:100E500084F8F4284B610022E2726570032D11D0F2
:100E6000012D18D0042D16D00BB0BDEC028BBDE8BF
:100E7000F08FAB427FF4A2AEE07A00287FF49EAE02
:100E8000032DEDD104F60C100BB0BDEC028BBDE8C8
:100E9000F04F0FF09FBB207A002840F0098194F8B2
:100EA000B838002B40F08780D4F89C689FED193A41
:100EB00003EE906AB8EEE34AB4EEC34AF1EE10FADC
:100EC00000F17A83DFED144AB4EEE44AF1EE10FA51
:100ED00040F37286B0EE005A70E300236069E26965
:100EE000A669276A069008920793099379E600BFDE
:100EF00000007A460000FA46BDFFFF3EBDFFFF3FFF
:100F0000E7FFFF3E3333333F0000203F0000000087
:100F100000E0FF440000004500008045E7FFFF3F80
:100F2000F7EE003A04F6680C9CED134AD4F8A0588A
:100F3000D4F86808F7EE044AB4EEE44AF1EE10FA89
:100F4000B8BFB0EE644A24EE237A012DB0EE472AF2
:100F5000BEEEC82A12EE109A00F0C8840668009609
:100F600004F5726B12EE101AD4F8BC285846FBF741
:100F7000CFFBD4F86828D4F89C7853680093D4F851
:100F8000C0187B00CA1B804649465846FBF7C0FB89
:100F9000D4F89C38D4F8C058D4F868080590EE1AF4
:100FA00006EB630205984B4641464FF001090FF0EE
:100FB000D1FB84F8B898636B9F1017F1100504F10A
:100FC00024043FF451AF15F007012AD0012922D0A3
:100FD00002291CD0032916D0042910D005290AD0D3
:100FE000062904D020460FF015FB07F10F05204617
:100FF0000FF010FB013D20460FF00CFB013D204699
:101000000FF008FB013D20460FF004FB013D204698
:101010000FF000FB013D20460FF0FCFA013D3FF4CC
:1010200023AF20460FF0F6FA20460FF0F3FA2046E1
:101030000FF0F0FA20460FF0EDFA20460FF0EAFA32
:1010400020460FF0E7FA20460FF0E4FA20460FF0B2
:10105000E1FA083DE5D107E7D9F80020DAF8000009
:101060006F655308A3F108012965C5E9100085EDF6
:10107000128AEF6539465A000BB1F7F789F8C5F8BF
:1010800058B050E6257A67687C4BB54214BF0820FB
:1010900010204FF48056CDE90170B0EE680A00963A
:1010A00008AA06A904F60C100FF0BCF92578D2E6C0
:1010B00094F8B81800297FF47EAFD4F89C389FEDDF
:1010C000701A06EE103AF8EEC67AF4EEC17AF1EE36
:1010D00010FA3FF525AFDFED6B1AF4EEE17AF1EE91
:1010E00010FA40F36385F0EE003A1BE70021C4F8E4
:1010F000781A4FF400520846F7F74AF8C4F8740A11
:10110000042D00F094834FF400454FF0000890E563
:101110004FF402720021404600260FF071FA4FF49E
:101120000057C4F8746EC0E5C4F8E88AB346ABEB68
:10113000080240460021F7F72BF804F6E4230025C7
:101140000020C4F8E40A5D649D649D631D665D66CD
:101150009D665D67C3F88850C3F89C50C3F8B050D3
:10116000C3F8C450C3F8D850C3F8EC50C3F80051CA
:10117000C3F81451444D454945482A681963454907
:10118000DFED456A00FB021A00FB0A1800FB081B92
:1011900000FB0B1200EE10AA00FB021A00EE908A70
:1011A00001EE902A00FB0A18BFEE007AB8EE403A32
:1011B00001EE10BA00FB081BF8EE603AF8EE614A47
:1011C00000FB0B12F0EE471AB8EE414A02EE10AAED
:1011D00000FB0210E3EE261A4FF07E514FF07C5ACE
:1011E000B0EE473AA3EEA63A9962596302EE908AAE
:1011F000F0EE473A06EE10BA07EE902A00EE900A9B
:10120000B8EE425AE4EE263AD964C3F83CA0B0EEF8
:10121000474AA4EEA64AC3F82CA0F8EE625AF0EEB4
:10122000474AB8EE468AB8EE670AB8EE601AE5EEAD
:10123000264AB0EE472AB0EE475AF0EE472AA5EE0E
:10124000A62AA8EE265AE0EE262AA1EE267AC3EDBB
:101250001E1A83ED233AC3ED283A83ED2D4AC3EDE0
:10126000324A83ED372A83ED3C5AC3ED412A83EDA0
:10127000467A286009E51A2366E500BFCC680208B3
:101280000000004500008045100000200000203FC5
:101290000D6619005FF36E3C000000300698C4F83C
:1012A000080C4FF480323146F6F772FFB64BB7495F
:1012B0001A68B74FDFEDB78AC4F8046C07FB021059
:1012C00007FB001907FB091706EE900A07EE109AB4
:1012D00007EE907AF8EE665AB8EE476AB8EE670AFB
:1012E00004F6044B4FF07E5A04F6346CAA481F6093
:1012F00004F65C6E04F6486765EEA80A26EE281A26
:1013000060EE281AA54BA649A64ACBF84000CBF8B8
:101310004400CBF848A0CBF850A0CBF84CA0CBF8B9
:1013200054A0CBF870A0CBF874A0DFF87C92DFF863
:101330007C828BED0C8A04F68C4004F5496A8BEDB7
:101340000E8A8BED0A8A8BED168A8BED0D8A8BED5A
:101350000F8A8BED0B8A8BED178A8BED188A8BED3C
:10136000198A8BED1B8A8BED1E8AC4F8806CC4F839
:10137000846CC4F8686ECBED210A80ED001ACAEDCA
:10138000001ACCF80030CCF80410CCF808208CED12
:10139000048A8CED038A3B607960BA6087ED048A29
:1013A00087ED038A04F6B84CCEF80090CEF804809E
:1013B00004F6D84904F698488EED028A04F54E6783
:1013C000CBF8F030CBF8F410CBF89031CBF8941187
:1013D000CBF81831CBF81C11CBF8B831CBF8BC11D5
:1013E000CBF8F8208BED408A8BED3F8ACBF8982123
:1013F0008BED688A8BED678A8BED348A8BED248ABE
:101400008BED2C8ACBF820218BED4A8A8BED498A13
:10141000CBF8C0218BED728A8BED718A04F54A609E
:101420008BED368A04F54C6ACBF84031CBF8441189
:10143000CBF8E031CBF8E411CBF86831CBF86C1184
:10144000CBF80832CBF80C12CBF80431CBF80811EA
:101450008BED268A8BED2E8ACBF848218BED548AB2
:101460008BED538ACBF8E8218BED7C8A8BED7B8A60
:101470008BED388A8BED288A8BED308ACBF8702182
:101480008BED5E8A8BED5D8ACBF810228BED868A20
:101490008BED858A8BED3A8A8BED2A8A8BED328A29
:1014A000CBF80C218BED458A8BED448ACBF8A43127
:1014B000CBF8A811CBF8AC218BED6D8A8BED6C8A43
:1014C00089ED008A88ED008A04F6E8498CED008AEF
:1014D00004F6A84804F6C84CCBF82C31CBF83011F0
:1014E000CBF8CC31CBF8D011CBF834218BED4F8A2F
:1014F0008BED4E8ACBF8D4218BED778A8BED768AF3
:1015000087ED008A80ED008A8AED008ACBF854319D
:10151000CBF85811CBF8F431CBF8F811CBF85C21AB
:101520008BED598A8BED588ACBF8FC218BED818AA3
:101530008BED808A89ED008A88ED008A8CED008A27
:10154000CBF87C31CBF81C32CBF88011CBF82012D1
:10155000CBF88421CBF824228BED638A8BED628A51
:101560008BED8B8A8BED8A8A04F54B6304F54F6B08
:1015700004F54D618BED008A83ED008A81ED008AD0
:10158000E672657070E400BF100000205FF36E3CEF
:101590000D66190000F079356F12833A22BA003DCA
:1015A0000AD7233CC8AA7F3F2FE3CD3890F97F3F6D
:1015B0000000803700000038B7EE005A04F6680AD1
:1015C000DAED132AD4F8A018D4F868580595B7EEC8
:1015D000048AF4EEC82AF1EE10FAB8BFF0EE482AF9
:1015E00022EE857A0129F0EE478AFEEEC88A18EECF
:1015F000903A00F02381D4F8BCA8D5F800B0BAF135
:10160000000FBCBFD4F8705FAA44002E40F3DE8206
:1016100000271FED190A5FED190AD4F8609FD4F86E
:10162000808F049738463D463A46BE46D4F870CF80
:101630000AEB020767453A46A8BFA7EB0C0209EB85
:10164000420C39F9122006EE102AD4F8902F974256
:10165000A8BFBF1A1FFA8EF106EE901ABCF902104D
:1016600008EB470C01EE901ABCF9021038F917701C
:10167000F8EEC67AB8EEE13A02EE101A04EE107AED
:1016800073EE673AB8EEC25AF8EEC44AF8EE665AFC
:1016900035EE238A25EE801A74EEA72A38EE647A96
:1016A00000F01F07E1EE072A9E444FEA2E4262EE49
:1016B000A08AF5EEC08AF1EE10FAC8BF45F0010528
:1016C0001F2F05D10499470920314BF82750049169
:1016D000B6EB2E4F4FEA450500F10100A6DC10F0F5
:1016E0001F0204990BD01F2A03D1460920314BF861
:1016F0002650013010F01F024FEA4505F3D1D4F80F
:101700009C68D4F8C0780598BA1BD0F804A048BFEC
:10171000D4F8700F4FEA46084CBF02EB000991461F
:10172000B8F1000F79DD00221FED5F0A5FED5F0A5F
:10173000D4F860BFD4F8807F0491154616469446CD
:10174000D4F870EF09EB060070450646A8BFA0EB81
:101750000E060BEB460E3BF9166006EE106AD4F847
:10176000906FB042A8BF801B1FFA8CF106EE901A52
:10177000BEF9021007EB400E01EE901ABEF90210FE
:1017800037F91000F8EEC67AB8EEE13A02EE101A18
:1017900004EE100A73EE673AB8EEC25AF8EEC44A85
:1017A000F8EE665A35EE238A25EE801A74EEA72AE3
:1017B00038EE647A02F01F00E7EE012A9C444FEAFB
:1017C0002C4662EEA08AF5EEC08AF1EE10FAC8BF90
:1017D00045F001051F2808BF500902F1010208BFAA
:1017E0004AF82050B8EB2C4F4FEA4505A8DC12F020
:1017F0001F0704990CD01F2F08BF570902F10102DF
:1018000008BF4AF8275012F01F074FEA4505F2D1EA
:10181000D4F89C68D4F8C078BA1B059802EB66022D
:101820000EF098FF012384F8B838FFF7C4BB0021FD
:10183000C4F8E81A4FF4004B884678E4D4F8BC8822
:10184000D5F80090B8F1000FBCBFD4F8705FA84481
:10185000002E40F3B98100211FEDAB0A5FEDAB0A0A
:10186000D4F8607F0A4608468A460D46B646D4F844
:10187000706F08EB0A0CB445A8BFACEB060C07EB85
:101880004C061FFA85FB06EE90BA37F91CC0B6F974
:1018900002B006EE10CA01EE90BAF8EEC67AF8EE83
:1018A000665AB8EEE13A25EE801A73EE673A02F016
:1018B0001F0AE1EE237A1D4427EEA04AB5EEC04A86
:1018C000F1EE10FAC8BF40F00100BAF11F0F03D1CA
:1018D0005609203149F82600BEEB254F02F10102DE
:1018E0004FEA40004FEA254AC1DCF1E0D4F8BCA839
:1018F000D0F800B00590BAF1000FBCBFD4F8300F9B
:101900008244002B40F35D814FF0000E1FEDD85A4A
:101910005FEDD82AD4F824CFAF48CDF810E0754653
:101920007746724671469E46D4F8303F52449A42FA
:10193000A8BFD21A0CEB02031FFA81F808EE108A36
:101940001CF8022093F8018030F9123030F9182089
:1019500000EE903A05EE902AF8EEE06AF8EE488A3A
:10196000B8EEE51A28EE850A31EE666A05F01F0624
:10197000E0EE066A494466EEA27AF5EEC07AF1EE30
:1019800010FAC8BF47F001071F2E05D1049E6B094E
:1019900020364BF823700496BEEB214F05F101056C
:1019A0004FEA47074FEA2142BEDC15F01F01DDF880
:1019B00010800CD01F2904D1680908F120084BF8C9
:1019C0002070013515F01F014FEA4707F2D1D4F816
:1019D0009C38D4F8C058059AEE1AD2F804A048BF33
:1019E000D4F8302F4FEA430C4CBF06EB020EB6463C
:1019F000BCF1000F7FF7D4AA0023DFED781A9FED2A
:101A0000783AD4F8247F744ECDF810801D461A46DB
:101A10001946D4F8300F72448242A8BF121AB8187F
:101A20001FFA81F8BA5C03EE908A90F8018036F9CB
:101A3000120036F9182007EE100A05EE102AB8EE4B
:101A4000C72AB8EE634AF8EEC52A64EE214A32EEA0
:101A5000C28A03F01F0BA4EE882A494462EE038A6F
:101A6000F5EEC08AF1EE10FAC8BF45F00105BBF1F2
:101A70001F0F08BF5A0903F1010308BF4AF822509B
:101A8000BCEB214F4FEA45054FEA2142C1DC13F080
:101A90001F07DDF810800CD01F2F08BF5F0903F16E
:101AA000010308BF4AF8275013F01F074FEA450506
:101AB000F2D1D4F89C38D4F8C068F61AFFF770BA9F
:101AC0001F2F03D15509203149F82500013240006C
:101AD00012F01F07F4D1D4F89C68D4F8C078059DA3
:101AE000BA1BD5F8048048BFD4F8705F4FEA460CA3
:101AF0004CBF02EB050E9646BCF1000F7FF78DAE92
:101B0000D4F8606FDFED354A9FED352A002210468C
:101B100092461546B146D4F8706F0EEB0A07B742ED
:101B2000A8BFBF1B09EB470639F91770B6F9026069
:101B30001FFA85FB00EE106A05EE10BA07EE107A68
:101B4000F8EE452AF8EEC78AF8EEC00A22EEA48A1B
:101B500070EEE86A02F01F0AE8EE268A1D4468EE7D
:101B6000825AF5EEC05AF1EE10FAC8BF40F00100FB
:101B7000BAF11F0F08BF56094FEA254A08BF48F8B7
:101B80002600BCEB254F02F101024FEA4000C2DC07
:101B900008E01F2D08BF550902F1010208BF48F8EF
:101BA0002500400012F01F05F3D131E69FED0D3AFC
:101BB00067EE833AFFF7B6B99FED0A2A24EE025A80
:101BC000FCE44FF0000804E7002186E7002198E5D7
:101BD00046465746FFF794BA1400002000008037AD
:101BE000000000380000003A2DE9F04F43686D4ACC
:101BF0008DB000F5F7570125044618374572002BC4
:101C00004FF00C00009202978A46019040F3BD808D
:101C100004EB8301644A8E6965690496012B039283
:101C2000059503D0CDE90626A069089003EB43088B
:101C30000DF10C0BE9460BEB88035C4EA3EB09019D
:101C40008D1006FB05F5002D00F0878055484E46A7
:101C50004FF0000BA84632E05FEA5E01626014BFFD
:101C600001220022E07222722046FEF777FF6368AD
:101C70004C490C22002B8DE8860070DD04EB8308B4
:101C8000494DD8F8181062690395012B049105920B
:101C900003D0CDE90651A069089003EB430C0DF188
:101CA0000C0E0EEB8C03414AA3EB0905A91002FBB5
:101CB00001F80BF1010BC3454FD256F80C0FDAF8BF
:101CC0000050854244D17568DAF8042095423FD12E
:101CD0000AF1080A5146B0682A46F7F791FA25F04A
:101CE00003008244BBF1000FE3D104F58055217855
:101CF00095F8013FA1F10301B3F1000CB1FA81F2B3
:101D00004FEA521018BF4FF0010C604503D0002B72
:101D100018BF0323237095F800EFE07A0EF001015D
:101D2000C1F10202002897D163689A4208D05FEAA5
:101D30005E0362604FF0010014BF0122002291E7B0
:101D40005FEA5E03207A14BF01220022504089E737
:101D5000002060720DB0BDE8F08F04F58055277A41
:101D6000D5F8F86ED5F8FC1E8FB9C4F8746FC4F8B6
:101D70007C7FC4F8941FC4F89C7F0120002285F862
:101D8000C40762720DB0BDE8F08FE9465EE700233C
:101D9000C4F8346FC4F83C3FC4F8541FC4F85C3F27
:101DA000EBE700BF7374617462756666ABAAAAAA9A
:101DB0002DE9F04F82462DED068B006892ED0A8AE0
:101DC0009AED051A28EE080A07EE900A8FB0B8EED1
:101DD000E77A60EE000A069320EE87AA92F8343084
:101DE0000B92C1EE0A9A0A900C46002B40F04483F5
:101DF0000A9DBB49CAF81810002DCAEE018A40F3AB
:101E00004183002215F007060992534649D0012E5E
:101E10003CD0022E33D0032E2AD0042E1CD0052E07
:101E200013D0062E0AD09AF8447027B90998CAF838
:101E3000FC060123099301220AF12C0393F84410B4
:101E4000002901F0CD8601322C3393F84470002F25
:101E500001F0888601322C3393F8445035B9099E3D
:101E60000AEB860B771CCBF8FC26099701322C3342
:101E700093F84400002800F0688301322C3393F873
:101E80004460002E00F0598301322C3393F8445003
:101E9000002D00F04A830A9F0132974203F12C0380
:101EA0004FD0DDE9091B93F8440020B90AEB810CFF
:101EB0000131CCF8FC2693F8705001322C3325B94F
:101EC0000AEB81080131C8F8FC2693F87070561CA3
:101ED00027B90AEB81090131C9F8FC6693F89C0027
:101EE000951C20B90AEB810C0131CCF8FC5693F813
:101EF000C870D61C27B90AEB81080131C8F8FC6606
:101F000093F8F400151D20B90AEB81090131C9F8D5
:101F1000FC5693F82071561D27B90AEB810C01314C
:101F2000CCF8FC6693F84C01951D20B90AEB8108AA
:101F30000131C8F8FC560732934503F59A73B2D1C4
:101F400009910B9A1E9992F82520002902F03580FC
:101F50001E9B9FED649A644D644EDB074FF00008B2
:101F60004FF0000900F198824B46099FDDF82CB034
:101F7000DDF8789029685E489AED065A00FB016109
:101F800006EE901AF8EE66AAF7EE005A2AEE898A53
:101F900035EE256AF4EEC88AF1EE10FA8AED066A8B
:101FA000296006DD9AED030AB4EECA0AF1EE10FAD2
:101FB00005D4B4EEE96AF1EE10FA00DA0AB307B319
:101FC00062690593013F0AEB870CA2EB09011944F2
:101FD000DCF8FC060191DAF80420BA42CCBF0121FA
:101FE000022102914FF02C0E0EFB00A120690090FF
:101FF0005A461C315046FEF7B5FA059BCAF81880C0
:10200000002229683A48DAED067A00FB016101EE08
:10201000101AF8EE411AB7EE007A21EE892A77EE0F
:10202000870AF4EEC28AF1EE10FA03F10103CAED59
:10203000060A296040F31682DAED032AF4EECA2A72
:10204000F1EE10FA40F10E8207B362690593013F89
:102050000AEB870CA2EB09011944DCF8FC0601919C
:10206000DAF80420BA42CCBF0121022102914FF0DC
:102070002C0E0EFB00A1206900905A461C315046E0
:10208000FEF770FA059BCAF81880002201339945C3
:102090007FF470AF09971E9DEA0003D006980021D7
:1020A000F6F776F8DAF800600A960A9F0AF29C734F
:1020B000002F059340F3BC800A9ADFED0E3A9FEDA6
:1020C0000E3ADFF83890CDF81CA02C2101FB02A0BD
:1020D000F0EE004AF7EE007A0890D34614E000BF15
:1020E00000007AC40000802F100000205FF36E3CD7
:1020F0000D66190000000038000080371400002031
:102100006666663FCDCC4C3E9BF84650022D00F0F3
:102110003382079E012DB36800F0B382012B9BF838
:10212000447000F03583002F7AD0DBF828100029A6
:1021300001F048871E9A002A6ED04B1E13F0070547
:10214000069838D0069A1E9E02F10800721E1946A3
:1021500003F1FF335ED0012D2DD0022D24D0032DAD
:102160001BD0042D12D0052D09D0062D41F0068577
:10217000013A194600F1080003F1FF334AD0013A51
:10218000194600F1080003F1FF3343D0013A194624
:1021900000F1080003F1FF333CD0013A194600F189
:1021A000080003F1FF3335D0013A194600F1080069
:1021B00003F1FF332ED00C9400F10807551E0D9744
:1021C000A3F1030CA3F1040EA3F105089C1FA3F1D6
:1021D000070A2E4640305F1E1946002B00F0EA83A6
:1021E000083BB6B1012E394607F1FF3511D0032A5D
:1021F00029460ED0042A61460BD0052A714608D024
:10220000062A414605D0072A214602D0083A5146FF
:10221000D2D10C9CCBF82810DBF82010CBF8201082
:10222000089A0BF12C0B5A457FF46EAFDDF81CA019
:10223000DAED033A5FED4E7A5FED4EAADDE9095320
:10224000591B03EE101AF8EEC34AB0EE000A34EE42
:10225000E3AAB5EEC0AAF1EE10FAD8BFF0EE6A7AA2
:10226000E7EE8A3AF4EEC03AF1EE10FACAED033A1C
:1022700040F3ED87F7EE009A33EEE91ABB4E11EE0C
:10228000107AB6EE004AA6EB570005EE100A21EED2
:10229000046AF7EE086A26EE057AE5EE476A25EE4F
:1022A000263A0B9AD2ED0B5A75EEA51AF5EEC01A26
:1022B000F1EE10FA0FD4B6EE009AF4EEC95AF1EE30
:1022C00010FA01F3A08292ED0A8AF7EE008AE1EE9D
:1022D000888A23EE283A1E9D002D00F0BE801E99AC
:1022E000069BDFEDA33A11F0030603F108034FF05C
:1022F00000074ED0012E31D0022E17D0DAED044A5D
:1023000073EE647A0127E7EEA34A0833CAED044A64
:1023100013ED04AA53ED03AA2AEE240A03ED040ADE
:10232000DAED049A2AEEA91A03ED031A9AED044A8B
:1023300033EE446A0137A6EE234A08338AED044A95
:1023400013ED045A53ED036A25EE047A03ED047A83
:10235000DAED045A66EEA51A43ED031A9AED049AD3
:102360001E9833EE498A0833A8EE239A0137B84203
:102370008AED049A53ED048A53ED032A68EE890A24
:1023800043ED040A9AED042A62EE824A43ED034AC1
:1023900063D01E9DDAED047A33EE67AA1A46EAEEA0
:1023A000237A03F1180920330832CAED047A53ED79
:1023B0000AAA13ED090A6AEEA79A043743ED0A9AAE
:1023C0009AED041A20EE014ABD4203ED094A9AED46
:1023D000045A33EE456AA6EE235A8AED045A52EDAA
:1023E000026A12ED017A66EE855A144642ED025AEF
:1023F000DAED041A27EE219A04F1080402ED019A9D
:102400009AED048A73EE488AA8EEA38A8AED048ABC
:10241000D2ED002A92ED012A62EE880A44ED020A0A
:10242000DAED044A62EE247A44ED017A9AED04AAC8
:1024300073EE4AAAAAEEA3AA8AED04AA19ED020A2B
:1024400059ED019A20EE0A1A09ED021A9AED044A92
:1024500029EE845A09ED015A9CD10FB0BDEC068BD0
:10246000BDE8F08FF4EEE90AF1EE10FABFF6ECAD3C
:10247000002A3FF40BAEE7E50A9D002DFFEE008A2F
:102480003FF7BFAC0B9E1E9896F82520002801F060
:10249000BF85002509955BE52F683649DAED061AF8
:1024A00001FB076003EE100AF8EE433AB7EE002A8C
:1024B00023EE894A71EE822AF4EEC48AF1EE10FA14
:1024C000CAED062A286048DDDAED034AF4EECA4A6E
:1024D000F1EE10FA41D5099B03B3099ADAF804002A
:1024E000571E0AEB870EB842CCBF01230223DEF849
:1024F000FC1602931E9A09976769B81A01904FF06B
:102500002C0B23690B9A00930BFB01A11C310023B8
:102510005046FEF727F8CAF8188000221E994FF09F
:10252000010949457FF420ADB5E5099E0AEB86090E
:10253000711CC9F8FC260991ADE4099F0AEB8708D4
:10254000781CC8F8FC2609909EE4099D0AEB850CCE
:10255000691CCCF8FC2609918FE4F4EEE92AF1EE2F
:1025600010FAB8DA002AD9D0B5E700BFDF59375FD3
:102570000AD7233C0D661900079A9BF844509368CC
:10258000012B00F09381002D3FF44AAEDBF82800C8
:10259000002801F01C851E9A002A6ED0431E13F0FD
:1025A0000707069838D01E9A069E013A194606F18A
:1025B000080003F1FF335ED0012F2DD0022F24D06D
:1025C000032F1BD0042F12D0052F09D0062F41F066
:1025D000FD82013A194600F1080003F1FF334AD0A9
:1025E000013A194600F1080003F1FF3343D0013AE4
:1025F000194600F1080003F1FF333CD0013A1946B7
:1026000000F1080003F1FF3335D0013A194600F11B
:10261000080003F1FF332ED00C9400F10801551E81
:102620000D91A3F1030CA3F1040EA3F105089C1F67
:10263000A3F1070A2E4640305F1E1946002B00F01A
:102640003784083BB6B1012E394607F1FF3511D06A
:10265000032A29460ED0042A61460BD0052A71466A
:1026600008D0062A414605D0072A214602D0083A5A
:102670005146D2D10C9CCBF82810DBF8200000F09A
:10268000D4BD012B9BF8441000F08A8300293FF44D
:10269000C7ADDBF82800002801F0AD841E9A002A9F
:1026A000EBD0431E13F0070706983ED0069A1E9DF6
:1026B00002F108006A1E194603F1FF33DBD0012F37
:1026C00033D0022F2AD0032F21D0042F18D0052F6A
:1026D0000FD0062F06D0013A194600F1080003F189
:1026E000FF33C8D0013A194600F1080003F1FF3367
:1026F000C1D0013A194600F1080003F1FF33BAD006
:10270000013A194600F1080003F1FF33B3D0013A52
:10271000194600F1080003F1FF33ACD0013A194625
:1027200000F1080003F1FF33A5D00C9400F108017B
:10273000551E0D91A3F1030CA3F1040EA3F105089E
:102740009C1FA3F1070A2E4640305F1E1946002B3E
:1027500000F08185083B002E8CD0012E394607F110
:10276000FF3587D0032A294684D0042A614681D0C8
:10277000052A71463FF47EAF062A41463FF47AAF00
:10278000072A21463FF476AF083A5146CED171E789
:10279000002F3FF445ADDBF82830002B01F02684F4
:1027A0001E9A002A3FF438AD013B13F00706069845
:1027B00045D0069A1E9D02F108006A1E194603F1D3
:1027C000FF333FF427AD012E39D0022E2FD0032E38
:1027D00025D0042E1BD0052E11D0062E07D0013A8D
:1027E000194600F1080003F1FF333FF413AD013A3D
:1027F000194600F1080003F1FF333FF40BAD013A35
:10280000194600F1080003F1FF333FF403AD013A2C
:10281000194600F1080003F1FF333FF4FBAC013A25
:10282000194600F1080003F1FF333FF4F3AC013A1D
:10283000194600F1080003F1FF333FF4EBAC0C94B0
:1028400000F10801551E0D91A3F1030CA3F1040E34
:10285000A3F105089C1FA3F1070A2E4640305F1E16
:102860001946002B00F05286083B002E3FF4D1ACF5
:10287000012E394607F1FF353FF4CBAC032A294638
:102880003FF4C7AC042A61463FF4C3AC052A714645
:102890003FF4BFAC062A41463FF4BBAC072A2146B1
:1028A0003FF4B7AC083A5146CAD1B2E4002D3FF428
:1028B000B7ACDBF82800002801F0A2831E9A002A9A
:1028C00074D0431E13F0070706983ED0069A1E9D4B
:1028D00002F108006A1E194603F1FF3364D0012F8C
:1028E00033D0022F2AD0032F21D0042F18D0052F48
:1028F0000FD0062F06D0013A194600F1080003F167
:10290000FF3351D0013A194600F1080003F1FF33BB
:102910004AD0013A194600F1080003F1FF3343D0D1
:10292000013A194600F1080003F1FF333CD0013AA7
:10293000194600F1080003F1FF3335D0013A19467A
:1029400000F1080003F1FF332ED00C9400F10801D0
:10295000551E0D91A3F1030CA3F1040EA3F105087C
:102960009C1FA3F1070A2E4640305F1E1946002B1C
:1029700000F05487083BB6B1012E394607F1FF3508
:1029800011D0032A29460ED0042A61460BD0052A0D
:10299000714608D0062A414605D0072A214602D0B2
:1029A000083A5146D2D10C9CCBF82810DBF82020F5
:1029B00001F086B8DDE90C48CBF828309BED0EAA73
:1029C000DBED0B9ADBED0C8A9BED0D6A681E002D8A
:1029D0003FF422AC74EEE85A15F0030689EEA89A8B
:1029E000059B824689EEA54A61D0012E3ED0022E7B
:1029F0001ED0F4EEC68AF1EE10FAB6BF74EEC65AD7
:102A000069EE065A65EE845A36EE0A6AF4EEE75A23
:102A1000F1EE10FAB4EEE46A88BFF0EE675AF1EE18
:102A200010FA80F2BA81059B00F1FF3AE3EC015AFB
:102A3000F4EEC68AF1EE10FAB6BF74EEC65A69EE2D
:102A4000065A65EE845A36EE0A6AF4EEE75AF1EE5B
:102A500010FAB4EEE46A88BFF0EE675AF1EE10FAAD
:102A600080F29B81E3EC015A0AF1FF3AF4EEC68A48
:102A7000F1EE10FAB6BF74EEC65A69EE065A65EE6C
:102A8000845A36EE0A6AF4EEE75AF1EE10FAB4EE22
:102A9000E46A88BFF0EE675AF1EE10FA80F27D81A9
:102AA0000AF1FF3A1AF10101E3EC015A79D0F4EE90
:102AB000C68AF1EE10FAB6BF74EEC65A69EE065A2F
:102AC00065EE845A36EE0A6AF4EEE75AF1EE10FA31
:102AD000B4EEE46A88BFF0EE675AF1EE10FA80F2C5
:102AE0005C81F4EEC68A0433F1EE10FA0AF1FF3786
:102AF0001A4643ED015AC0F24B8169EE065A36EE92
:102B00000A6AF4EEE75AF1EE10FAB4EEE46A88BF0E
:102B1000F0EE675AF1EE10FA80F23F81F4EEC68AC9
:102B2000F1EE10FA1346E3EC015AB6BF74EEC65A42
:102B300069EE065A65EE845A36EE0A6AF4EEE75AF2
:102B4000F1EE10FAB4EEE46A88BFF0EE675AF1EEE7
:102B500010FA80F22281F4EEC68AF1EE10FAC2ED8C
:102B6000015AB6BF74EEC65A69EE065A65EE845A2B
:102B700036EE0A6AF4EEE75AF1EE10FAB4EEE46AC1
:102B800088BFF0EE675AF1EE10FA02F1080380F206
:102B90000481022F02F10C03A7F1030A43ED015A4D
:102BA00085D1DBED0FAA9BED108ADBF82470059A26
:102BB0008BED0D6AC507DBE9076137EEC80A77EED2
:102BC000EA0A08F10803BFEE001A48D4059AF2ECAD
:102BD000016AF4EE416AF1EE10FA06EB214C00F0C6
:102BE000CA80256913ED026AAC45ACBFACEB050E9B
:102BF000E646656815F80E80256B39F918A0AC45D6
:102C0000A8BFACEB050C656A07EE10AA15F80C809E
:102C100066EEA31AB8EEC72A39F918A053ED016A77
:102C200062EE212A0AEE10AAA2EEAA6A0138451C19
:102C3000E2EEA06A394403F10803F8EECA9AB0EE56
:102C4000469A69EEA18AB0EE664AA8EE809AA8EE8E
:102C5000884A03ED049A03ED034A00F08F8086460C
:102C6000B8467EE02769606813ED026A53ED016A99
:102C7000BD42ACBFA5EB070CAC4665EE231A10F8BD
:102C80000C70206B39F917C0676A8542A8BF2D1AEE
:102C900005EE90CA17F805A0B8EEE57A39F91A5092
:102CA00027EE212A02EE905AA2EE2A6A41440EF142
:102CB000FF30E2EE206A083306EB214CB8EEE2AAC0
:102CC000F0EE468A6AEE219AB0EE669AE9EE808AC4
:102CD000A9EE889A43ED048A03ED039AB2EC014A07
:102CE000B4EE414AF1EE10FA45D02769656813ED5C
:102CF000026A53ED016ABC45ACBFACEB070EE64679
:102D000064EE231A15F80E70256B39F917E0676A1F
:102D1000AC45A8BFACEB050C05EE10EA17F80CA00B
:102D2000F8EEC55A39F91AE025EEA17A02EE10EA5A
:102D3000A7EE2A6A41440833E7EE206A00F1FF3E1D
:102D4000F8EEC22AF0EE469A22EEA1AAF0EE668ACA
:102D5000EAEE009AEAEE088A43ED049A43ED038A0C
:102D600060B1B2EC015AB4EE415AF1EE10FA06EB42
:102D700021457FF477AF00238BF84430089ACBF8D5
:102D800020100BF12C0B5A457FF4BEA9FFF74EBA69
:102D900034EEC65A65EE045AB1E6CC49196000E734
:102DA00000293FF43DAADBF82860002E01F02C81B9
:102DB0001E9A002A3FF4FAAD731E13F00700DDF8E7
:102DC00018A03ED0069A1E9F02F1080A7A1E1946E4
:102DD00003F1FF333FF4E8AD012832D0022828D0B8
:102DE00003281ED0042814D005280AD0062841F054
:102DF000F380013A19460AF1080A03F1FF333FF460
:102E0000D3AD013A19460AF1080A03F1FF333FF442
:102E1000CBAD013A19460AF1080A03F1FF333FF43A
:102E2000C3AD013A19460AF1080A03F1FF333FF432
:102E3000BBAD013A19460AF1080A03F1FF333FF42A
:102E4000B3AD0C940AF10801501E0D91DF1EA3F1E1
:102E5000040CA3F1050E9C1FA3F1070805460AF117
:102E6000400A5E1E1946002B00F0C386083B002D69
:102E70003FF499AD012D314606F1FF303FF493AD9B
:102E8000032A01463FF48FAD042A39463FF48BAD47
:102E9000052A61463FF487AD062A71463FF483ADAB
:102EA000072A21463FF47FAD083A4146CAD17AE568
:102EB000DDE90C48CBF828309BED0E1ADBED0B2A30
:102EC0009BED0C8A9BED0D7A6E1E002D3FF4D5AB69
:102ED00034EEC85A15F0030182EE884A059BB646C7
:102EE00082EE850A61D001293ED002291ED0B4EEBF
:102EF000C78AF1EE10FAB6BF34EEC75A24EE075A6D
:102F000025EE005A37EE017AB4EEE75AF1EE10FAE8
:102F1000B4EEE47A88BFB0EE675AF1EE10FA80F2B0
:102F20009381059B06F1FF3EA3EC015AB4EEC78ADC
:102F3000F1EE10FAB6BF34EEC75A24EE075A25EE6A
:102F4000005A37EE017AB4EEE75AF1EE10FAB4EE19
:102F5000E47A88BFB0EE675AF1EE10FA80F274811D
:102F6000A3EC015A0EF1FF3EB4EEC78AF1EE10FA5F
:102F7000B6BF34EEC75A24EE075A25EE005A37EE94
:102F8000017AB4EEE75AF1EE10FAB4EEE47A88BFB3
:102F9000B0EE675AF1EE10FA80F256810EF1FF3E64
:102FA0001EF10105A3EC015A79D0B4EEC78AF1EE07
:102FB00010FAB6BF34EEC75A24EE075A25EE005A6F
:102FC00037EE017AB4EEE75AF1EE10FAB4EEE47A95
:102FD00088BFB0EE675AF1EE10FA80F23581B4EE98
:102FE000C78A0433F1EE10FA0EF1FF379C4603ED69
:102FF000015AC0F2248124EE075A37EE017AB4EE6A
:10300000E75AF1EE10FAB4EEE47A88BFB0EE675AF0
:10301000F1EE10FA80F21881B4EEC78AF1EE10FAE0
:103020006346A3EC015AB6BF34EEC75A24EE075AE2
:1030300025EE005A37EE017AB4EEE75AF1EE10FAB7
:10304000B4EEE47A88BFB0EE675AF1EE10FA80F27F
:10305000FB80B4EEC78AF1EE10FA8CED015AB6BFD0
:1030600034EEC75A24EE075A25EE005A37EE017A9D
:10307000B4EEE75AF1EE10FAB4EEE47A88BFB0EE9F
:10308000675AF1EE10FA0CF1080380F2DD80022F8E
:103090000CF10C03A7F1030E03ED015A85D19BED52
:1030A0000F2ADBED102ADBF824E0059F8BED0D7A6B
:1030B000DBE907C077EEC20A37EEE21A08F1080230
:1030C000FFEE001AB6EE004AA0E000BF000080BF8D
:1030D0002169D4F804808B42ACBF591A194608EB19
:1030E000010518F80180E97839F9188039F91110CB
:1030F00005EE908A06EE10AA95F8028095F801A0D8
:103100000AEE101A39F91A5039F9181008EE105A47
:1031100000EE101AB8EEC87AF8EEC08AF8EECA9A35
:10312000F8EEE56A39EEC7AA77EE689A38EEE65A05
:10313000F0EE696AE5EE046A216B656A29EE238A7E
:10314000B0EE669AAAEE049A8B42A8BF5B1AF8EE1C
:1031500046AA39EE296A6AEE835AE91875EEE78ABB
:1031600091F801A0EB5C8D7839F91A8039F915A036
:1031700039F91330C978D6EE286A39F911500AEEB8
:1031800010AA65EEA6AA00EE103AE5EE04AA013EEA
:103190000832B8EECA5AA5EEAA7A711C7044F8EE4D
:1031A000C09A67EE086A07EE108AB8EEC77A35EE65
:1031B000690A37EE456A09EE105AB0EE465AA0EE9B
:1031C000045AF8EEC9AA52ED049A12ED039A3AEEA7
:1031D000C7AAF0EE45AAEAEE04AAE6EE829AA6EEA7
:1031E000A09A76EE2A6A96EEA85A65EE258AE0EE57
:1031F000048AA8EEA57A67EE085AE5EE819AA2EE57
:10320000A59A42ED049A02ED039A0ED0B7EC019A0A
:10321000B4EE619AF1EE10FA0CEB20431FFA80FA3B
:103220007FF456AF00268BF84460089ACBF8200054
:103230000BF12C0B5A457EF467AFFEF7F7BF74EE27
:10324000C78A28EE805AD8E6AF4A1A6027E7B7EE59
:10325000003AFFF726B8DDE90C48CBF828309BEDA3
:103260000E2ADBED0B5A9BED0C6A9BED0D1A6E1EC0
:10327000002D3FF402AA34EEC60A15F00300C5EE95
:1032800086AA059B324685EE805A40D001281FD081
:10329000022840F04784B4EEC16AF1EE10FAB6BFDE
:1032A00034EEC10A2AEE810A20EE050A31EE021A36
:1032B000B4EEE70AF1EE10FAB4EEE41A88BFB0EE0D
:1032C000670AF1EE10FA80F21B81A3EC010A013AC1
:1032D000B4EEC16AF1EE10FAB6BF34EEC10A2AEEBE
:1032E000810A20EE050A31EE021AB4EEE70AF1EE89
:1032F00010FAB4EEE41A88BFB0EE670AF1EE10FAE5
:1033000080F2FE80013A551CA3EC010A79D0B4EE9C
:10331000C16AF1EE10FAB6BF34EEC10A2AEE810A94
:1033200020EE050A31EE021AB4EEE70AF1EE10FAC9
:10333000B4EEE41A88BFB0EE670AF1EE10FA80F23C
:10334000DF80B4EEC16A0433F1EE10FA02F1FF3708
:103350009E4603ED010AC0F2CE802AEE810A31EECC
:10336000021AB4EEE70AF1EE10FAB4EEE41A88BFDE
:10337000B0EE670AF1EE10FA80F2C280B4EEC16AD4
:10338000F1EE10FA7346A3EC010AB6BF34EEC10A9F
:103390002AEE810A20EE050A31EE021AB4EEE70A9F
:1033A000F1EE10FAB4EEE41A88BFB0EE670AF1EE5F
:1033B00010FA80F2A580B4EEC16AF1EE10FA8EED3B
:1033C000010AB6BF34EEC10A2AEE810A20EE050AD0
:1033D00031EE021AB4EEE70AF1EE10FAB4EEE41A96
:1033E00088BFB0EE670AF1EE10FA0EF1080380F222
:1033F0008780022F0EF10C03A7F1030203ED010AEF
:1034000085D19BED0F9ADBED101A059F8BED0D1A00
:1034100008F10802DBE907E037EEC9AA77EEE10A16
:10342000DBF82480FFEE009A59E0216965688B4241
:10343000ACBF591A194605EB010C6D5C9CF80110E4
:1034400039F9155039F9111002EE905A256B06EE34
:10345000901AAB42616AA8BF5B1BCD1808EE90AA18
:1034600011F803A06B7839F91A1039F91350B8EE36
:10347000E27AB8EE682AB8EEE66A62EE035A76EEB1
:1034800047AA05EE101A01EE105AA5EEAA7A013EDF
:10349000083224EE238AF8EEC12AB8EEC54A12EDAE
:1034A000046A72EEC46A28EE070A12ED037AA6EEE9
:1034B000A54A731C4044A0EE096AA0EE0A7A68EEA1
:1034C000048AB0EE462AF0EE475AA8EEA02AE8EEAB
:1034D000A15A02ED042A42ED035A3FF4A6AEB7EC1E
:1034E000014AB4EE694AF1EE10FA0EEB20431FFADE
:1034F00080FA9AD196E634EEC18A28EE050A2EE7C4
:10350000014919607DE700BF000080BFDDE90C487C
:10351000CBF82830DBED0EAA9BED0B8A9BED0C0A55
:10352000DBED0D1A6F1E002D3EF476AE34EEC04A70
:1035300015F00300C8EE000A0599BE4688EE041A8D
:1035400043D0012820D0022840F0CC82B4EEE10A1A
:10355000F1EE10FAB6BF34EEE14A20EEA14A24EEB5
:10356000014A71EEAA1AB4EEE74AF1EE10FAF4EE4F
:10357000E41A88BFB0EE674AF1EE10FA80F240819B
:10358000A1EC014A0EF1FF3EB4EEE10AF1EE10FAB1
:10359000B6BF34EEE14A20EEA14A24EE014A71EEB4
:1035A000AA1AB4EEE74AF1EE10FAF4EEE41A88BF74
:1035B000B0EE674AF1EE10FA80F222810EF1FF3E82
:1035C0001EF10106A1EC014A79D0B4EEE10AF1EE58
:1035D00010FAB6BF34EEE14A20EEA14A24EE014AC9
:1035E00071EEAA1AB4EEE74AF1EE10FAF4EEE41A1C
:1035F00088BFB0EE674AF1EE10FA80F20181B4EEB6
:10360000E10A0431F1EE10FA0EF1FF368C4601EDBD
:10361000014AC0F2F08020EEA14A71EEAA1AB4EE7F
:10362000E74AF1EE10FAF4EEE41A88BFB0EE674A0A
:10363000F1EE10FA80F2E480B4EEE10AF1EE10FA55
:103640006146A1EC014AB6BF34EEE14A20EEA14A40
:1036500024EE014A71EEAA1AB4EEE74AF1EE10FA2E
:10366000F4EEE41A88BFB0EE674AF1EE10FA80F289
:10367000C780B4EEE10AF1EE10FA8CED014AB6BF54
:1036800034EEE14A20EEA14A24EE014A71EEAA1A74
:10369000B4EEE74AF1EE10FAF4EEE41A88BFB0EEA9
:1036A000674AF1EE10FA0CF1080180F2A980022EAF
:1036B0000CF10C01A6F1030E01ED014A85D1FE07C4
:1036C000DBE907C19BED0F2A9BED105ADBF824E0E4
:1036D000059BCBED0D1A08F10802FFEE005A79D4D4
:1036E000059BB3EC017AB4EE657AF1EE10FA0CEBBF
:1036F00021453FF440AB2069666852ED022A12ED85
:10370000016A8542A8BF2D1A67EE236A755D39F9F3
:1037100015A00AEE10AAF8EECA9A013F69EEA68A31
:10372000781CE8EE822A714402F10802A8EE856A4C
:1037300042ED042A02ED036A4CD1FFF71FBB276953
:1037400012ED020A52ED010ABD42A8BFED1B6768E7
:1037500017F805A039F91A5001EE105AB8EEC19ABF
:10376000714429EE084A0CEB2146A4EE020A08F146
:10377000FF37E4EE050A02ED020A42ED010AF3EC1E
:10378000011AF4EE651AF1EE10FA61EEA32A00F1C7
:1037900008023FF4F0AA256910ED02AA50ED016A73
:1037A000AE42A8BF761B6568AE5D39F916A007EE7C
:1037B00010AAF8EEC79A714469EEA28AA8EE82AA0E
:1037C000E8EE856A00ED02AA40ED016AB8F1000F4B
:1037D0003FF4D4AAF3EC01AAF4EE65AAF1EE10FAD4
:1037E0002AEEA38A0CEB214502F1080007F1FF380D
:1037F000A5D1FFF7C0BA34EEE19A29EE014A0CE7F1
:10380000DD4A0A605BE70B9CD4ED0A2AF7EE000A5A
:1038100032EEA02A23EE023AFEF75DBDDDE90C4848
:10382000CBF828309BED0E2ADBED0B2ADBED0C0AE2
:103830009BED0D7A681E002D3FF4B8A834EEE08AA7
:1038400015F0030682EEA01A059F0246C2EE881A02
:1038500040D0012E1FD0022E40F09A81F4EEC70A0C
:10386000F1EE10FAB6BF34EEC78A21EE078A28EED1
:10387000218A37EE027AB4EEE78AF1EE10FAB4EE5E
:10388000E47A88BFB0EE678AF1EE10FA80F2278101
:10389000A7EC018A013AF4EEC70AF1EE10FAB6BFBE
:1038A00034EEC78A21EE078A28EE218A37EE027AA3
:1038B000B4EEE78AF1EE10FAB4EEE47A88BFB0EE27
:1038C000678AF1EE10FA80F20A81013A561CA7ECE1
:1038D000018A79D0F4EEC70AF1EE10FAB6BF34EEE1
:1038E000C78A21EE078A28EE218A37EE027AB4EEE3
:1038F000E78AF1EE10FAB4EEE47A88BFB0EE678A98
:10390000F1EE10FA80F2EB80F4EEC70A0437F1EE24
:1039100010FA02F1FF31BE4607ED018AC0F2DA80EB
:1039200021EE078A37EE027AB4EEE78AF1EE10FA5A
:10393000B4EEE47A88BFB0EE678AF1EE10FA80F256
:10394000CE80F4EEC70AF1EE10FA7746A7EC018AB2
:10395000B6BF34EEC78A21EE078A28EE218A37EEF9
:10396000027AB4EEE78AF1EE10FAB4EEE47A88BF98
:10397000B0EE678AF1EE10FA80F2B180F4EEC70A79
:10398000F1EE10FA8EED018AB6BF34EEC78A21EE51
:10399000078A28EE218A37EE027AB4EEE78AF1EE42
:1039A00010FAB4EEE47A88BFB0EE678AF1EE10FA4E
:1039B0000EF1080780F2938002290EF10C07A1F1A5
:1039C000030207ED018A85D1DBE907E29BED0FAA2F
:1039D000DBED10AADBF824A0059D8BED0D7A08F134
:1039E0000803BFEE000AF6EE009A53E02669676806
:1039F000B142A8BF891B7E18795C96F801C096F881
:103A0000028039F91CC039F9187039F91110F678AB
:103A100009EE107A05EE90CA02EE101AF8EEC91AF5
:103A2000B8EEE51AB8EEC28A39F9167013ED012A1C
:103A300031EE617A31EEC86A66EE830A04EE107ADE
:103A4000F0EE476AE6EE296A0833461CB8EEC45A1F
:103A5000B0EE669A75EE415A70EEE78AA5EEA99A25
:103A6000524453ED041A37EE098AD8EE286A60EE04
:103A7000A68AE6EE298AA0EEA81AF0EE610A62EEA6
:103A8000812AE2EE8A0AA2EEAA2A43ED040A03ED95
:103A9000032A15D0B5EC016A1FFA82F805EE108AE8
:103AA000B4EE406AF1EE10FA66EE232AF8EE456AAB
:103AB0000EEB224100F1FF3098D100208BF844003A
:103AC000CBF82020089A0BF12C0B5A457EF41CAB46
:103AD000FEF7ACBB34EEC74A24EE218A22E7264B20
:103AE0003B6071E7B4EEE10AF1EE10FAB6BF34EED6
:103AF000E14A20EEA14A24EE014A71EEAA1AB4EE80
:103B0000E74AF1EE10FAF4EEE41A88BFB0EE674A25
:103B1000F1EE10FABFF674AE059907F1FF3EA1EC85
:103B2000014A13E5B4EEC16AF1EE10FAB6BF34EE05
:103B3000C10A2AEE810A20EE050A31EE021AB4EE1D
:103B4000E70AF1EE10FAB4EEE41A88BFB0EE670AA5
:103B5000F1EE10FABFF6D4AC059B721EA3EC010A7D
:103B6000FFF799BB09980AEB8009411CC9F8FC26AC
:103B70000991FEF76FB900BF000080BF013A1946F6
:103B800000F1080003F1FF337EF4F2AAFEF742BB16
:103B9000F4EEC70AF1EE10FAB6BF34EEC78A21EE92
:103BA000078A28EE218A37EE027AB4EEE78AF1EE30
:103BB00010FAB4EEE47A88BFB0EE678AF1EE10FA3C
:103BC0008DDA059F421EA7EC018A47E6013A1946A5
:103BD00000F1080003F1FF337EF4FBACFEF74BBDB0
:103BE000099D0AEB85086E1CC8F8FC260996FEF7AD
:103BF0002AB9DDE90C48CBF828309BED0E9ADBEDB5
:103C00000B1A9BED0CAA9BED0D0A461E00283EF4F4
:103C1000CDAE34EECA8A10F00307C1EE8A0A059BC6
:103C2000B246C1EE889A61D0012F3ED0022F1ED03D
:103C3000B4EEC0AAF1EE10FAB6BF34EEC08A20EEA0
:103C4000808A28EE298A30EE090AB4EEE78AF1EE7E
:103C500010FAB4EEE40A88BFB0EE678AF1EE10FA0B
:103C600080F2A881059B06F1FF3AA3EC018AB4EE2D
:103C7000C0AAF1EE10FAB6BF34EEC08A20EE808AF8
:103C800028EE298A30EE090AB4EEE78AF1EE10FA3E
:103C9000B4EEE40A88BFB0EE678AF1EE10FA80F263
:103CA0008981A3EC018A0AF1FF3AB4EEC0AAF1EED1
:103CB00010FAB6BF34EEC08A20EE808A28EE298A38
:103CC00030EE090AB4EEE78AF1EE10FAB4EEE40A37
:103CD00088BFB0EE678AF1EE10FA80F26B810AF1CC
:103CE000FF3A1AF10107A3EC018A79D0B4EEC0AA19
:103CF000F1EE10FAB6BF34EEC08A20EE808A28EECC
:103D0000298A30EE090AB4EEE78AF1EE10FAB4EE31
:103D1000E40A88BFB0EE678AF1EE10FA80F24A81B9
:103D2000B4EEC0AA0433F1EE10FA0AF1FF351A46D8
:103D300003ED018AC0F2398120EE808A30EE090A53
:103D4000B4EEE78AF1EE10FAB4EEE40A88BFB0EE02
:103D5000678AF1EE10FA80F22D81B4EEC0AAF1EE7E
:103D600010FA1346A3EC018AB6BF34EEC08A20EEE7
:103D7000808A28EE298A30EE090AB4EEE78AF1EE4D
:103D800010FAB4EEE40A88BFB0EE678AF1EE10FADA
:103D900080F21081B4EEC0AAF1EE10FA82ED018A31
:103DA000B6BF34EEC08A20EE808A28EE298A30EE33
:103DB000090AB4EEE78AF1EE10FAB4EEE40A88BF1D
:103DC000B0EE678AF1EE10FA02F1080380F2F28099
:103DD000022D02F10C03A5F1030A03ED018A85D13E
:103DE000F70708F108019BED0F1ADBED102ADBF84D
:103DF00024A0059B8BED0D0ADBE90782BFEE004A8C
:103E000000F1BF80059BB3EC016AB4EE446AF1EEA9
:103E100010FA08EB22403FF450AE2769656811EDB7
:103E2000022A51ED015AB842A8BFC01B2F18285CC6
:103E30007D7839F9107039F915001FFA82FC0AEE05
:103E4000100A07EE10CA09EE107AB8EE475AF8EEDB
:103E5000C91AF8EECA0A65EE038A70EEE19A66EEB8
:103E6000236AE8EEA91A013E701CB0EE428A66EEA3
:103E7000A1AAB0EE650AA1EE2A8A524401F1080116
:103E8000A2EEAA0A01ED048A01ED030A79D117E630
:103E9000D4F810E0676811ED022A51ED015A70451F
:103EA000A8BFA0EB0E0007EB000E3F5C9EF80100E0
:103EB00039F9177039F9100009EE107A0AEE100A74
:103EC000F8EEC91AF8EECA0A65EE036A70EEE19AD6
:103ED000B0EE428AE6EEA91A524401F10805B0EEAE
:103EE000650A68EEA1AA08EB2246A1EE2A8AA2EE94
:103EF000AA0A01ED028A01ED010AB3EC016AB4EEEF
:103F0000446AF1EE10FA66EE238A3FF4D6AD2069DA
:103F1000616815ED026A864297B2A8BF361A07EEAD
:103F2000107A8F198E5D797839F9160039F9117088
:103F300006EE900A09EE107AF8EEE65AB8EE475A05
:103F4000B8EEC9AA25EE032A7AEE651A55ED016A84
:103F5000E2EE215A52440CF1FF36F0EE469A68EE3A
:103F6000A50AF0EE66AAE1EE209A05F10801E2EE5C
:103F7000A0AA45ED029A45ED01AABCF1000F3FF45D
:103F80009FADB3EC016A06F1FF3C96B207EE106AF2
:103F9000B4EE446AF1EE10FA66EE238AB8EE475AA0
:103FA00008EB22407FF474AF87E574EEC0AA2AEED6
:103FB000A98AC3E61849196012E70AF29C770597A7
:103FC000FEF77AB8DDF818801E9DFEF7F7BCDDF825
:103FD00018801E9DFEF770BF013A19460AF1080AC3
:103FE00003F1FF337EF405AFFEF7DEBCDDF8188089
:103FF0001E9DFFF78FBADDF818801E9DFFF72FB9C1
:10400000DDF818801E9D0DE4DDF818801E98F4E59B
:104010001E9C0994FEF70CB9000080BF2DE9F04FFB
:1040200082462DED068B006892ED0A8A9AED051AFC
:1040300028EE080A07EE900A8DB0B8EEE77A60EE37
:10404000000A059320EE87AA92F834300992C1EE57
:104050000A9A08900C46002B40F03E83089DBA490E
:10406000CAF81810002DCAEE018A40F33B830022E3
:1040700015F007060792534649D0012E3CD0022E78
:1040800033D0032E2AD0042E1CD0052E13D0062E9A
:104090000AD09AF8447027B90798CAF8FC06012399
:1040A000079301220AF12C0393F84410002901F030
:1040B0007E8601322C3393F84470002F01F03B864A
:1040C00001322C3393F8445035B9079E0AEB860B26
:1040D000771CCBF8FC26079701322C3393F8440069
:1040E000002800F0628301322C3393F84460002EE4
:1040F00000F0538301322C3393F84450002D00F02C
:104100004483089F0132974203F12C034FD0DDE92D
:10411000071B93F8440020B90AEB810C0131CCF85D
:10412000FC2693F8705001322C3325B90AEB810834
:104130000131C8F8FC2693F87070561C27B90AEBB9
:1041400081090131C9F8FC6693F89C00951C20B9DF
:104150000AEB810C0131CCF8FC5693F8C870D61CE0
:1041600027B90AEB81080131C8F8FC6693F8F4001E
:10417000151D20B90AEB81090131C9F8FC5693F8E5
:104180002071561D27B90AEB810C0131CCF8FC6671
:1041900093F84C01951D20B90AEB81080131C8F84C
:1041A000FC560732934503F59A73B2D10791099AE9
:1041B0001C9992F82520002901F0DB871C9B9FEDBC
:1041C000639A634D634EDB074FF000084FF0000920
:1041D00000F192824B46079FDDF824B0DDF8709025
:1041E00029685D489AED065A00FB016106EE901AB7
:1041F000F8EE66AAF7EE005A2AEE898A35EE256AAD
:10420000F4EEC88AF1EE10FA8AED066A296006DD3E
:104210009AED030AB4EECA0AF1EE10FA05D4B4EE30
:10422000E96AF1EE10FA00DA0AB307B3626904939F
:10423000013F0AEB870CA2EB09011944DCF8FC06EC
:104240000191DAF80420BA42CCBF01210221029187
:104250004FF02C0E0EFB00A1206900905A461C3135
:104260005046FCF77FF9049BCAF8188000222968A1
:104270003948DAED067A00FB016101EE101AF8EE1A
:10428000411AB7EE007A21EE892A77EE870AF4EE1A
:10429000C28AF1EE10FA03F10103CAED060A2960A1
:1042A00040F31082DAED032AF4EECA2AF1EE10FA96
:1042B00040F1088207B362690493013F0AEB870C5F
:1042C000A2EB09011944DCF8FC060191DAF804209C
:1042D000BA42CCBF0121022102914FF02C0E0EFBFD
:1042E00000A1206900905A461C315046FCF73AF96B
:1042F000049BCAF818800022013399457FF470AFFF
:1043000007971C9DEA0003D005980021F3F740FFB2
:10431000DAF800600896089F0AF29C73002F049355
:1043200040F3B680089A9FED0D3ADFED0D2A2C215F
:1043300001FB02A0F0EE004AF7EE007AFFEE003A31
:104340000690D34612E000BF00007AC40000802F20
:10435000100000205FF36E3C0D661900000000386D
:10436000000080376666663FCDCC4C3E9BF84650D9
:10437000022D00F03182012DDAF8086000F0B182E0
:10438000012E9BF8443000F03383002B7AD0DBF809
:104390002870002F01F0F2861C9A002A6ED07B1E36
:1043A00013F00705059838D0059A1C9E02F1080005
:1043B000721E194603F1FF335ED0012D2DD0022D60
:1043C00024D0032D1BD0042D12D0052D09D0062D8D
:1043D00041F0BA84013A194600F1080003F1FF33B5
:1043E0004AD0013A194600F1080003F1FF3343D0E7
:1043F000013A194600F1080003F1FF333CD0013ABD
:10440000194600F1080003F1FF3335D0013A19468F
:1044100000F1080003F1FF332ED00A9400F10801E7
:10442000551E0B91A3F1030CA3F1040EA3F1050893
:104430009C1FA3F107092E4640305F1E1946002B32
:1044400000F0DA83083BB6B1012E394607F1FF359B
:1044500011D0032A29460ED0042A61460BD0052A22
:10446000714608D0062A414605D0072A214602D0C7
:10447000083A4946D2D10A9CCBF82810DBF8202014
:10448000CBF8202006990BF12C0B59457FF46EAF29
:10449000DDE90772D51B02EE905A9AED033A5FED03
:1044A0004F4A1FED4FAAF8EEE23AF0EE009A73EE93
:1044B000C37AF5EEC07AF1EE10FAD8BFF0EE4A4AB0
:1044C000A4EEA73AB4EEE93AF1EE10FA8AED033A17
:1044D00040F3C187F7EE00AA73EE6A0ABB4810EEFC
:1044E000903AB6EE001AA0EB530605EE106A20EEE5
:1044F000814AB7EE086A24EE057AA5EE476A65EEB2
:10450000062A0999D1ED0B5A75EEA56AF5EEC06A37
:10451000F1EE10FA0FD4B6EE009AF4EEC95AF1EEAD
:1045200010FA01F36A8291ED0A0AF7EE008AE6EECC
:10453000808A62EEA82A1C9F002F00F0BE801C9A81
:10454000059B9FEDA33A12F0030503F108034FF01A
:1045500000004ED0012D31D0022D17D0DAED043AF3
:1045600072EEE34A0120E4EE833A0833CAED043ADE
:1045700053ED047A13ED03AA67EEA39A43ED049A70
:10458000DAED04AA6AEE2A0A43ED030A9AED041A48
:1045900032EEC14A0130A4EE031A08338AED041A40
:1045A00013ED045A13ED036A25EE017A03ED047A44
:1045B000DAED045A66EE256A43ED036A9AED049A31
:1045C0001C9E32EEC90A0833A0EE039A01308642DF
:1045D0008AED049A53ED048A13ED032A28EE898AA2
:1045E00003ED048ADAED041A62EE213A43ED033A50
:1045F00063D01C9FDAED044A72EEE47A1A46E7EEC5
:10460000834A03F1180920330832CAED044A13ED36
:104610000AAA53ED099A6AEE24AA043043ED0AAAC5
:10462000DAED040A29EEA01A874203ED091A9AED81
:10463000044A32EEC45AA5EE034A8AED044A12ED4A
:10464000026A12ED017A66EE045A114642ED025AF0
:10465000DAED046A27EE269A01F1080102ED019ACB
:104660009AED040A72EEC08AA8EE830A8AED040A63
:1046700092ED002AD2ED011A22EE008A01ED028AA3
:10468000DAED043A61EEA34A41ED014ADAED047A2B
:1046900032EEE7AAEAEE037ACAED047A59ED029AFD
:1046A00059ED01AA69EEA70A49ED020A9AED041A2A
:1046B0002AEE814A09ED014A9CD10DB0BDEC068B72
:1046C000BDE8F08FF4EEE90AF1EE10FABFF6F2ADB4
:1046D000002A3FF411AEEDE5089D002DFFEE008AA3
:1046E0003FF7C5AC099E1C9896F82520002801F0DC
:1046F0006B850025079561E52F683649DAED061AC6
:1047000001FB076003EE100AF8EE433AB7EE002A09
:1047100023EE894A71EE822AF4EEC48AF1EE10FA91
:10472000CAED062A286048DDDAED034AF4EECA4AEB
:10473000F1EE10FA41D5079B03B3079ADAF80400AB
:10474000571E0AEB870EB842CCBF01230223DEF8C6
:10475000FC1602931C9A07976769B81A01904FF0EC
:104760002C0B2369099A00930BFB01A11C31002338
:104770005046FBF7F7FECAF8188000221C994FF04C
:10478000010949457FF426ADBBE5079E0AEB860982
:10479000711CC9F8FC260791B3E4079F0AEB870850
:1047A000781CC8F8FC260790A4E4079D0AEB850C4A
:1047B000691CCCF8FC26079195E4F4EEE92AF1EEA9
:1047C00010FAB8DA002AD9D0B5E700BFDF59375F51
:1047D0000AD7233C0D661900DAF808209BF844300C
:1047E000012A00F08981002B3FF44CAEDBF8285001
:1047F000002D01F0C8841C9A002A6ED06B1E13F0A5
:104800000707059838D01C9E0598721E194600F1BE
:10481000080003F1FF335ED0012F2DD0022F24D0EA
:10482000032F1BD0042F12D0052F09D0062F41F0E3
:10483000B482013A194600F1080003F1FF334AD06F
:10484000013A194600F1080003F1FF3343D0013A61
:10485000194600F1080003F1FF333CD0013A194634
:1048600000F1080003F1FF3335D0013A194600F199
:10487000080003F1FF332ED00A9400F10801551E01
:104880000B91A3F1030CA3F1040EA3F105089C1FE7
:10489000A3F107092E4640305F1E1946002B00F099
:1048A0001B84083BB6B1012E394607F1FF3511D004
:1048B000032A29460ED0042A61460BD0052A7146E8
:1048C00008D0062A414605D0072A214602D0083AD8
:1048D0004946D2D10A9CCBF82810DBF8200000F022
:1048E000A8BD012E9BF8441000F06E8300293FF410
:1048F000C9ADDBF82830002B01F054841C9A002A43
:10490000EBD0013B13F0070705983ED0059A1C9E9B
:1049100002F10800721E194603F1FF33DBD0012FAC
:1049200033D0022F2AD0032F21D0042F18D0052FE7
:104930000FD0062F06D0013A194600F1080003F106
:10494000FF33C8D0013A194600F1080003F1FF33E4
:10495000C1D0013A194600F1080003F1FF33BAD083
:10496000013A194600F1080003F1FF33B3D0013AD0
:10497000194600F1080003F1FF33ACD0013A1946A3
:1049800000F1080003F1FF33A5D00A9400F10801FB
:10499000551E0B91A3F1030CA3F1040EA3F105081E
:1049A0009C1FA3F107092E4640305F1E1946002BBD
:1049B00000F05585083B002E8CD0012E394607F1BA
:1049C000FF3587D0032A294684D0042A614681D046
:1049D000052A71463FF47EAF062A41463FF47AAF7E
:1049E000072A21463FF476AF083A4946CED171E70F
:1049F000002B3FF447ADDBF82850002D01F0D783A2
:104A00001C9A002A74D06B1E13F0070705983ED03D
:104A1000059A1C9E02F10800721E194603F1FF332D
:104A200064D0012F33D0022F2AD0032F21D0042F9E
:104A300018D0052F0FD0062F06D0013A194600F1E5
:104A4000080003F1FF3351D0013A194600F1080084
:104A500003F1FF334AD0013A194600F1080003F18F
:104A6000FF3343D0013A194600F1080003F1FF3348
:104A70003CD0013A194600F1080003F1FF3335D06C
:104A8000013A194600F1080003F1FF332ED00A94D1
:104A900000F10801551E0B91A3F1030CA3F1040EC4
:104AA000A3F105089C1FA3F107092E4640305F1EA5
:104AB0001946002B00F02386083BB6B1012E39467B
:104AC00007F1FF3511D0032A29460ED0042A61468A
:104AD0000BD0052A714608D0062A414605D0072A80
:104AE000214602D0083A4946D2D10A9CCBF8281078
:104AF000DBF8201000F06FBF002B3FF4C3ACDBF8F5
:104B00002800002801F058831C9A002AF0D0431E88
:104B100013F0070705983ED0059A1C9D02F1080086
:104B20006A1E194603F1FF33E0D0012F33D0022F64
:104B30002AD0032F21D0042F18D0052F0FD0062FF5
:104B400006D0013A194600F1080003F1FF33CDD039
:104B5000013A194600F1080003F1FF33C6D0013ACB
:104B6000194600F1080003F1FF33BFD0013A19469E
:104B700000F1080003F1FF33B8D0013A194600F103
:104B8000080003F1FF33B1D0013A194600F10800E3
:104B900003F1FF33AAD00A9400F10801551E0B91CE
:104BA000A3F1030CA3F1040EA3F105089C1FA3F1CC
:104BB00007092E4640305F1E1946002B00F028875B
:104BC000083B002E91D0012E394607F1FF358CD0DD
:104BD000032A294689D0042A614686D0052A7146CF
:104BE00083D0062A414680D0072A21463FF47DAF74
:104BF000083A4946D0D178E7DDE90A48CBF82830B1
:104C00009BED0EAADBED0B9ADBED0C8A9BED0D6A9A
:104C10006E1E002D3FF432AC74EEE85A15F003001E
:104C200089EEA89A049BB14689EEA54A61D0012875
:104C30003ED002281ED0F4EEC68AF1EE10FAB6BFBE
:104C400074EEC65A69EE065A65EE845A36EE0A6A62
:104C5000F4EEE75AF1EE10FAB4EEE46A88BFF0EE33
:104C6000675AF1EE10FA80F2AC81049B06F1FF392D
:104C7000E3EC015AF4EEC68AF1EE10FAB6BF74EE18
:104C8000C65A69EE065A65EE845A36EE0A6AF4EEA2
:104C9000E75AF1EE10FAB4EEE46A88BFF0EE675A14
:104CA000F1EE10FA80F28D81E3EC015A09F1FF393F
:104CB000F4EEC68AF1EE10FAB6BF74EEC65A69EE8B
:104CC000065A65EE845A36EE0A6AF4EEE75AF1EEB9
:104CD00010FAB4EEE46A88BFF0EE675AF1EE10FA0B
:104CE00080F26F8109F1FF3919F10101E3EC015AFA
:104CF00079D0F4EEC68AF1EE10FAB6BF74EEC65A59
:104D000069EE065A65EE845A36EE0A6AF4EEE75A00
:104D1000F1EE10FAB4EEE46A88BFF0EE675AF1EEF5
:104D200010FA80F24E81F4EEC68A0433F1EE10FAE6
:104D300009F1FF371A4643ED015AC0F23D8169EE91
:104D4000065A36EE0A6AF4EEE75AF1EE10FAB4EEBD
:104D5000E46A88BFF0EE675AF1EE10FA80F2318112
:104D6000F4EEC68AF1EE10FA1346E3EC015AB6BF30
:104D700074EEC65A69EE065A65EE845A36EE0A6A31
:104D8000F4EEE75AF1EE10FAB4EEE46A88BFF0EE02
:104D9000675AF1EE10FA80F21481F4EEC68AF1EE51
:104DA00010FAC2ED015AB6BF74EEC65A69EE065A41
:104DB00065EE845A36EE0A6AF4EEE75AF1EE10FA1E
:104DC000B4EEE46A88BFF0EE675AF1EE10FA02F131
:104DD000080380F2F680022F02F10C03A7F1030909
:104DE00043ED015A85D1DBED0FAA9BED108A8BEDC7
:104DF0000D6A0BF11C01F00726C937EEC80A77EEE1
:104E0000EA0A049B08F1080744D4049BF3EC016A06
:104E1000F4EE636AF1EE10FA01EB224C00F0BE8072
:104E2000206917ED026A8445ACBFACEB000EE64684
:104E3000206830F91E80206B07EE108A8445A8BFD9
:104E4000ACEB000C206A26EE831AF8EEC71A30F994
:104E50001C9057ED016A21EE812A0AEE109AA2EE0B
:104E60002A6A013E701CE2EE206A2A4407F1080714
:104E7000F8EECA9AB0EE469A69EE818AB0EE664ABA
:104E8000A8EE809AA8EE884A07ED049A07ED034A37
:104E900000F08880B64677E0266917ED026A57ED84
:104EA000016AB042ACBFA0EB060C8446266836F916
:104EB0001CC0266B05EE90CAB042A8BF801B266AB4
:104EC00025EE031AB8EEE57A36F9108067EE011A7E
:104ED00002EE108AA1EEAA6A2A440EF1FF3CE1EE2E
:104EE000A06A083701EB2246B8EEC2AAF0EE468A65
:104EF0006AEE019AB0EE669AE9EE808AA9EE889A87
:104F000047ED048A07ED039AB3EC014AB4EE634A15
:104F1000F1EE10FA42D0206917ED026A57ED016AEE
:104F20008642ACBFA6EB000EB646206830F91EE004
:104F3000206B05EE10EA8642A8BF361A206A24EEDE
:104F4000031AF8EEC55A30F9166025EE817A01EEA3
:104F5000906AA7EE2A6A2A440837E7EE206A0CF125
:104F6000FF3EB8EEE12AF0EE469A22EE01AAF0EEFC
:104F7000668AEAEE009AEAEE088A47ED049A47ED5F
:104F8000038ABCF1000F0DD0B3EC015AB4EE635AA2
:104F9000F1EE10FA01EB22407FF47EAF4FF00008F3
:104FA0008BF844800699CBF820200BF12C0B594547
:104FB0007FF4DCA9FFF76CBA34EEC65A65EE045AEA
:104FC000BFE6C3ED003A0EE700293FF45BAADBF829
:104FD0002860002E01F0F4801C9A002A3FF44EAAAB
:104FE000731E13F0070705983ED01C9A0598013AE6
:104FF000194600F1080003F1FF333FF43DAA012FE9
:1050000032D0022F28D0032F1ED0042F14D0052F0A
:105010000AD0062F41F0BC80013A194600F1080081
:1050200003F1FF333FF428AA013A194600F10800C2
:1050300003F1FF333FF420AA013A194600F10800BA
:1050400003F1FF333FF418AA013A194600F10800B2
:1050500003F1FF333FF410AA013A194600F10800AA
:1050600003F1FF333FF408AA0A9400F10801551E2A
:105070000B91A3F1030CA3F1040EA3F105089C1FEF
:10508000A3F107092E4640305F1E1946002B00F0A1
:105090009786083B002E3FF4EEA9012E394607F112
:1050A000FF353FF4E8A9032A29463FF4E4A9042A7E
:1050B00061463FF4E0A9052A71463FF4DCA9062ABF
:1050C00041463FF4D8A9072A21463FF4D4A9083A1B
:1050D0004946CAD1FFF7CFB9DDE90A48CBF82830F5
:1050E000DBED0E0A9BED0B9A9BED0C0A9BED0D7A06
:1050F0006E1E002D3FF4F1AB34EEC02A15F0030113
:1051000089EE001A049BB64689EE025A61D0012945
:105110003ED002291ED0B4EEC70AF1EE10FAB6BF97
:1051200034EEC72A21EE072A22EE052A37EE207A2E
:10513000B4EEE72AF1EE10FAB4EEE47A88BFB0EEEE
:10514000672AF1EE10FA80F28381049B06F1FF3E9C
:10515000A3EC012AB4EEC70AF1EE10FAB6BF34EEA2
:10516000C72A21EE072A22EE052A37EE207AB4EE6E
:10517000E72AF1EE10FAB4EEE47A88BFB0EE672ABF
:10518000F1EE10FA80F26481A3EC012A0EF1FF3EE9
:10519000B4EEC70AF1EE10FAB6BF34EEC72A21EE1C
:1051A000072A22EE052A37EE207AB4EEE72AF1EE3E
:1051B00010FAB4EEE47A88BFB0EE672AF1EE10FA86
:1051C00080F246810EF1FF3E1EF10105A3EC012A9B
:1051D00079D0B4EEC70AF1EE10FAB6BF34EEC72AA2
:1051E00021EE072A22EE052A37EE207AB4EEE72ACE
:1051F000F1EE10FAB4EEE47A88BFB0EE672AF1EE71
:1052000010FA80F22581B4EEC70A0433F1EE10FAE9
:105210000EF1FF379C4603ED012AC0F2148121EE06
:10522000072A37EE207AB4EEE72AF1EE10FAB4EE50
:10523000E47A88BFB0EE672AF1EE10FA80F20881B6
:10524000B4EEC70AF1EE10FA6346A3EC012AB6BF2A
:1052500034EEC72A21EE072A22EE052A37EE207AFD
:10526000B4EEE72AF1EE10FAB4EEE47A88BFB0EEBD
:10527000672AF1EE10FA80F2EB80B4EEC70AF1EE85
:1052800010FA8CED012AB6BF34EEC72A21EE072AA8
:1052900022EE052A37EE207AB4EEE72AF1EE10FA74
:1052A000B4EEE47A88BFB0EE672AF1EE10FA0CF1A2
:1052B000080380F2CD80022F0CF10C03A7F1030E3E
:1052C00003ED012A85D1DBED0F1ADBED10AADDF825
:1052D00010C08BED0D7A08F10802DBE907E077EEEC
:1052E000E10A37EEEA1ADBF82480B6EE004A91E0D4
:1052F000216927688B42ACBF591A194607EB410553
:1053000037F91110B5F9027005EE901AB5F90410CD
:10531000B5F9065008EE907A06EE101AB8EEE8AA33
:10532000F8EEC66AB8EEE58A3AEE662A36EEC85A54
:1053300009EE105AB0EE427AA5EE047A276B256A80
:10534000B8EEC90A05EE909A70EE4A8AF0EE476A06
:10535000E8EE846ABB42A8BFDB1BB8EE656A29EEA3
:10536000838A66EE225A76EE829A75EEE78A05EB1C
:10537000430999EEA87A35F91330B9F90210B9F951
:105380000470B9F9065052ED029A25EE879A00EEA4
:10539000107AA5EE049A013E083205EE101AA5EE29
:1053A00089AA711C4044B8EEC57A2AEE082A0AEE92
:1053B000103AB8EEC06AF8EECA6A0AEE105A36EE33
:1053C000660A37EE466AF8EECA6AB0EE465AA0EEB2
:1053D000045A12ED039A36EEC7AAE2EE219AA2EE23
:1053E000209AB0EE452AAAEE042A36EE026A96EE1C
:1053F000285A65EE258AE0EE048AA8EEA57A67EEC3
:10540000085AE5EE819AAAEEA59A42ED049A02EDB9
:10541000039A0ED0FCEC019AF4EE639AF1EE10FAC6
:105420000EEB20431FFA80F97FF462AF00268BF861
:1054300044600699CBF820000BF12C0B59457EF403
:1054400095AFFFF725B834EEC74A24EE052AE8E603
:10545000C3ED003A37E7F7EE002AFFF752B8DDE96F
:105460000A48CBF82830DBED0E1ADBED0B5A9BED2A
:105470000C6A9BED0D9A6E1E002D3FF42EAA74EE61
:10548000C60A15F00300C5EE86AA049B324685EED7
:10549000A08A40D001281FD0022840F02C84B4EE0E
:1054A000C96AF1EE10FAB6BF74EEC90A6AEE890A4B
:1054B00060EE880A39EE219AF4EEE70AF1EE10FA6E
:1054C000B4EEE49A88BFF0EE670AF1EE10FA80F2CB
:1054D0001381E3EC010A013AB4EEC96AF1EE10FA65
:1054E000B6BF74EEC90A6AEE890A60EE880A39EE20
:1054F000219AF4EEE70AF1EE10FAB4EEE49A88BFCE
:10550000F0EE670AF1EE10FA80F2F680013A571CCD
:10551000E3EC010A78D0B4EEC96AF1EE10FAB6BF36
:1055200074EEC90A6AEE890A60EE880A39EE219A99
:10553000F4EEE70AF1EE10FAB4EEE49A88BFF0EE6A
:10554000670AF1EE10FA80F2D780B4EEC96A04332C
:10555000F1EE10FA02F1FF379E4643ED010AC0F268
:10556000C6806AEE890A39EE219AF4EEE70AF1EE76
:1055700010FAB4EEE49A88BFF0EE670AF1EE10FA82
:1055800080F2BA80B4EEC96AF1EE10FA7346E3EC29
:10559000010AB6BF74EEC90A6AEE890A60EE880A8B
:1055A00039EE219AF4EEE70AF1EE10FAB4EEE49A3D
:1055B00088BFF0EE670AF1EE10FA80F29D80B4EE3B
:1055C000C96AF1EE10FACEED010AB6BF74EEC90A4F
:1055D0006AEE890A60EE880A39EE219AF4EEE70A4B
:1055E000F1EE10FAB4EEE49A88BFF0EE670AF1EE3D
:1055F00010FA0EF108037FDA022F0EF10C03A7F167
:10560000030243ED010A86D19BED0F1A9BED10AA10
:10561000049F8BED0D9A08F10802DBE907E077EEB5
:10562000C19A77EECA8ADBF8248054E021692568A4
:105630008B42ACBF591A194605EB410C35F91110D4
:10564000BCF9025002EE105A256B05EE101AAB425F
:10565000216AA8BF5B1B06EE909A01EB4309B8EEE6
:10566000C57AF8EE661AB8EEC26A31F91330B9F9A4
:10567000025061EEA25A76EE47AA00EE903A09EE89
:10568000105AA5EEAA7A013E083224EE038AB8EE3B
:10569000C95AB8EEE04A12ED046A35EE442A28EE03
:1056A000070A12ED037AA2EE254A731C4044A0EECD
:1056B000016AA0EE297A68EE046AF0EE461AF0EE6E
:1056C000475AE6EEA81AE6EE8A5A42ED041A42ED6F
:1056D000035A3FF4AEAEB7EC014AB4EE634AF1EEC2
:1056E00010FA0EEB20431FFA80F99FD19EE634EEAC
:1056F000C90A60EE080A36E7C3ED003A84E7DDE93F
:105700000A48CBF82830DBED0EAA9BED0B8A9BED07
:105710000C0A9BED0D5A6F1E002D3FF4E9A934EEE3
:10572000C01A15F00300C8EE000A049BBE4688EEBE
:10573000019A43D0012820D0022840F0BC82B4EE68
:10574000C50AF1EE10FAB6BF34EEC51A20EE851A7E
:1057500021EE091A35EE2A5AB4EEE71AF1EE10FAE4
:10576000B4EEE45A88BFB0EE671AF1EE10FA80F298
:105770004181A3EC011A0EF1FF3EB4EEC50AF1EE31
:1057800010FAB6BF34EEC51A20EE851A21EE091ABA
:1057900035EE2A5AB4EEE71AF1EE10FAB4EEE45AF6
:1057A00088BFB0EE671AF1EE10FA80F223810EF195
:1057B000FF3E1EF10105A3EC011A79D0B4EEC50A33
:1057C000F1EE10FAB6BF34EEC51A20EE851A21EEBE
:1057D000091A35EE2A5AB4EEE71AF1EE10FAB4EED1
:1057E000E45A88BFB0EE671AF1EE10FA80F2028137
:1057F000B4EEC50A0433F1EE10FA0EF1FF369C4602
:1058000003ED011AC0F2F18020EE851A35EE2A5A16
:10581000B4EEE71AF1EE10FAB4EEE45A88BFB0EE37
:10582000671AF1EE10FA80F2E580B4EEC50AF1EEE7
:1058300010FA6346A3EC011AB6BF34EEC51A20EE87
:10584000851A21EE091A35EE2A5AB4EEE71AF1EE5E
:1058500010FAB4EEE45A88BFB0EE671AF1EE10FA0F
:1058600080F2C880B4EEC50AF1EE10FA8CED011A90
:10587000B6BF34EEC51A20EE851A21EE091A35EEB0
:105880002A5AB4EEE71AF1EE10FAB4EEE45A88BFE1
:10589000B0EE671AF1EE10FA0CF1080380F2AA805C
:1058A000022E0CF10C03A6F1030E03ED011A85D1B3
:1058B000FD07DBE907C1DBED0F1ADBED105ADBF862
:1058C00024E0049B8BED0D5A08F1080271D4049B6F
:1058D000B3EC017AB4EE637AF1EE10FA0CEB2145E9
:1058E00076D02069266812ED022A12ED016A8542FF
:1058F000A8BF2D1A67EE036A36F915500AEE105A42
:10590000F8EECA9A013F69EEA68A7E1CA8EEA12A8B
:10591000714402F10802A8EEA56A02ED042A02ED24
:10592000036A46D157E02769266812ED020A12ED94
:10593000019ABD42A8BFED1B714436F9155000EE27
:10594000905AB8EEE04A0CEB214024EE081A08F118
:10595000FF37A1EE210AA1EE259A02ED020A02ED1F
:10596000019AB3EC015AB4EE635AF1EE10FA25EE47
:10597000032A09F108022BD02669256819ED02AA2D
:1059800059ED016AB042A8BF801B714435F910007F
:1059900007EE100AF8EEC79A69EE828AA8EEA1AA6D
:1059A000E8EEA56A09ED02AA49ED016AB8F1000F17
:1059B00011D0F3EC01AAF4EE63AAF1EE10FA2AEE8C
:1059C000838A0CEB214502F1080907F1FF38AAD1BF
:1059D00000268BF84460CBF8201006990BF12C0BB5
:1059E00059457EF4C3ACFEF753BD34EEC54A24EEF0
:1059F000091A0BE7C3ED003A5AE7099C94ED0A2A0D
:105A0000B7EE008A72EE081A62EEA12AFEF793BD85
:105A1000DDE90A48CBF82830DBED0E1ADBED0BAAE6
:105A2000DBED0C0A9BED0D7A05F1FF39002D3FF4FB
:105A30005FA834EEE00A15F003008AEEA01A049B7A
:105A4000CE468AEE804A43D0012820D0022840F07A
:105A50008581F4EEC70AF1EE10FAB6BF34EEC70A3C
:105A600021EE070A20EE040A37EE217AB4EEE70AA7
:105A7000F1EE10FAB4EEE47A88BFB0EE670AF1EE08
:105A800010FA80F21581A3EC010A0EF1FF3EF4EE4C
:105A9000C70AF1EE10FAB6BF34EEC70A21EE070AC4
:105AA00020EE040A37EE217AB4EEE70AF1EE10FA9E
:105AB000B4EEE47A88BFB0EE670AF1EE10FA80F235
:105AC000F7800EF1FF3E1EF10107A3EC010A78D02A
:105AD000F4EEC70AF1EE10FAB6BF34EEC70A21EEB3
:105AE000070A20EE040A37EE217AB4EEE70AF1EE57
:105AF00010FAB4EEE47A88BFB0EE670AF1EE10FA5D
:105B000080F2D680F4EEC70A0433F1EE10FA0EF1FB
:105B1000FF369C4603ED010AC0F2C58021EE070A5C
:105B200037EE217AB4EEE70AF1EE10FAB4EEE47A39
:105B300088BFB0EE670AF1EE10FA80F2B980F4EE99
:105B4000C70AF1EE10FA6346A3EC010AB6BF34EEC1
:105B5000C70A21EE070A20EE040A37EE217AB4EED6
:105B6000E70AF1EE10FAB4EEE47A88BFB0EE670A05
:105B7000F1EE10FA80F29C80F4EEC70AF1EE10FA12
:105B80008CED010AB6BF34EEC70A21EE070A20EEFB
:105B9000040A37EE217AB4EEE70AF1EE10FAB4EE19
:105BA000E47A88BFB0EE670AF1EE10FA0CF1080350
:105BB0007EDA022E0CF10C03A6F1030E03ED010AAE
:105BC00086D1DBE907C19BED0FAADBED109ADBF86C
:105BD00024E0049F8BED0D7A08F10806F6EE00AA8A
:105BE0004EE0206923688242A8BF121A03EB4208E4
:105BF00033F91220B8F90400B8F90250B8F90630A8
:105C000001EE900A05EE905A09EE102AB8EEE18AEC
:105C1000B8EEE51AB8EEC90A31EE487A38EE405AC5
:105C200004EE103AF0EE476AE5EE2A6A083619F1FA
:105C3000010066EE220AB8EEC46AB0EE669A76EE0D
:105C4000415A70EEE78AA5EEAA9A714416ED048ACD
:105C500056ED031A37EE090AD0EE286A60EEA68ADE
:105C6000E5EE2A8AA0EEA81A22EE012AA2EE0A8AFE
:105C7000E2EE291A06ED048A46ED031A3FF4ABAEB4
:105C8000F7EC016A8DB205EE105AF4EE636AF1EE9C
:105C900010FA26EE832AB8EE456A0CEB214209F190
:105CA000FF399ED194E634EEC78A28EE040A37E71E
:105CB000C3ED003A85E7B4EEC50AF1EE10FAB6BFBF
:105CC00034EEC51A20EE851A21EE091A35EE2A5A4D
:105CD000B4EEE71AF1EE10FAB4EEE45A88BFB0EE73
:105CE000671AF1EE10FABFF685AE049B07F1FF3E8E
:105CF000A3EC011A23E5B4EEC96AF1EE10FAB6BFBF
:105D000074EEC90A6AEE890A60EE880A39EE219AB1
:105D1000F4EEE70AF1EE10FAB4EEE49A88BFF0EE82
:105D2000670AF1EE10FABFF6E7AC049B721EE3ECD3
:105D3000010AFFF7B4BB07980AEB8009411CC9F8B8
:105D4000FC260791FEF7BCB9013A194600F108009C
:105D500003F1FF337EF43EABFEF78EBBF4EEC70AD1
:105D6000F1EE10FAB6BF34EEC70A21EE070A20EEB4
:105D7000040A37EE217AB4EEE70AF1EE10FAB4EE37
:105D8000E47A88BFB0EE670AF1EE10FA90DA049B6D
:105D900009F1FF3EA3EC010A5BE6013A194600F166
:105DA000080003F1FF337EF444ADFEF794BD079D78
:105DB0000AEB85086E1CC8F8FC260796FEF779B931
:105DC000DDE90A48CBF828309BED0E1A9BED0BAAB3
:105DD000DBED0C9A9BED0D6A6E1E002D3EF44EAB72
:105DE00034EEE90A15F00300CAEE298A049F324610
:105DF000CAEE00AA5DD001283CD002281DD0F4EEE6
:105E0000C69AF1EE10FAB6BF34EEC60A28EE860A3C
:105E100020EE2A0A36EE016AB4EEE70AF1EE10FA35
:105E2000B4EEE46A88BFB0EE670AF1EE10FA80F2D1
:105E30009D81049F721EA7EC010AF4EEC69AF1EE52
:105E400010FAB6BF34EEC60A28EE860A20EE2A0AF9
:105E500036EE016AB4EEE70AF1EE10FAB4EEE46A47
:105E600088BFB0EE670AF1EE10FA80F27F81A7ECEE
:105E7000010A013AF4EEC69AF1EE10FAB6BF34EE1A
:105E8000C60A28EE860A20EE2A0A36EE016AB4EE29
:105E9000E70AF1EE10FAB4EEE46A88BFB0EE670AE2
:105EA000F1EE10FA80F26281013A511CA7EC010A6E
:105EB00079D0F4EEC69AF1EE10FAB6BF34EEC60A07
:105EC00028EE860A20EE2A0A36EE016AB4EEE70AC8
:105ED000F1EE10FAB4EEE46A88BFB0EE670AF1EEB4
:105EE00010FA80F24381F4EEC69A0437F1EE10FA0C
:105EF00002F1FF31BE4607ED010AC0F2328128EE01
:105F0000860A36EE016AB4EEE70AF1EE10FAB4EE54
:105F1000E46A88BFB0EE670AF1EE10FA80F22681DB
:105F2000F4EEC69AF1EE10FA7746A7EC010AB6BF76
:105F300034EEC60A28EE860A20EE2A0A36EE016AF8
:105F4000B4EEE70AF1EE10FAB4EEE46A88BFB0EE00
:105F5000670AF1EE10FA80F20981F4EEC69AF1EECA
:105F600010FA8EED010AB6BF34EEC60A28EE860A94
:105F700020EE2A0A36EE016AB4EEE70AF1EE10FAD4
:105F8000B4EEE46A88BFB0EE670AF1EE10FA0EF1E3
:105F9000080780F2EB8002290EF10C07A1F1030241
:105FA00007ED010A85D1F70708F10801DBE907E2EF
:105FB000DBED0F0A9BED109ADBF82480049B8BED40
:105FC0000D6A00F1B980049BB3EC017AB4EE637AF8
:105FD000F1EE10FA0EEB22403EF4E0AF276925689F
:105FE00051ED021A51ED015AB842A8BFC01B05EB92
:105FF000400935F91000B9F902701FFA82FC01EE70
:10600000100A04EE10CA09EE907AB8EEC1AAB8EEF2
:10601000445AF8EEE98A65EE226A78EECAAA27EEBB
:10602000032AA6EEAAAA013E701CB0EE610A22EE77
:106030000A8AB0EE656AA0EE880A424401F10801BE
:10604000A9EE086A01ED040A01ED036A74D1FEF7B6
:10605000A9BFD4F81090276851ED019A11ED021AEA
:106060004845A8BFA0EB090007EB400937F910002D
:10607000B9F9027008EE900A08EE107AF8EEE8AA74
:10608000B8EEC80A62EE226A30EE6A6A4244E6EE70
:1060900086AA95B20EEB224601EE905A25EE2A7A98
:1060A000B0EE695AA0EE871A01F10805A9EE075A69
:1060B00001ED021A01ED015AB3EC014AF8EE615A02
:1060C000B4EE634AF1EE10FA25EEA2AA24EE032AFA
:1060D0003EF464AF2069216815ED026A8642A8BFCC
:1060E000361A01EB460931F91660B9F9027001EE72
:1060F000906A06EE907AF8EEE15AF8EEE69A55EDDF
:10610000016A79EEE58AF0EE46AAEAEE285A4244A0
:106110000CF1FF36B0EE668A22EE25AA05F10801E1
:10612000E0EE8AAAA9EE0A8A45ED02AA05ED018AE7
:10613000BCF1000F3EF436AFB3EC017A06F1FF3C40
:1061400096B204EE106AB4EE637AF1EE10FA27EE1E
:10615000035AB8EE442A0EEB22407FF47AAFFEF7E2
:106160001DBF34EEC68A28EE2A0ACAE6C7ED003AF9
:1061700019E70AF29C770497FEF7D4B8DDF814808B
:106180001C9DFEF73DBDDDF814801C9DFEF7A8BFE9
:10619000013A194600F1080003F1FF337EF43CAFE9
:1061A000FEF76AB9DDF814801C9DFFF75CB9DDF8D5
:1061B00014801C9DFFF7A7BADDF814801C9D2BE40A
:1061C000DDF814801C9DFFE51C9C0794FEF760B968
:1061D0002DE9F84FD1F81080DFED677A07EE108ACD
:1061E0002DED068BB8EEC79ADDF8409039EE670AC0
:1061F0001F46FDEEC00A036B164610EE902A4B4474
:1062000093420D460446036340F36083002282629A
:1062100002630277D6ED008A96F8241096ED068A7E
:10622000B8EEE0AA68EEA8AA6AEE8A4A002900F051
:106230005582D6ED015A9FED516A9FED519A65EE58
:10624000A56A68EE8A7AA6EE869ADFED4B8AB6EEEC
:106250000E7AE7EE878A29EE0A4A34EE280AB4EE6F
:10626000CA0AF1EE10FA80F2B885D6ED020A9FED67
:10627000451A4548454970EE811AFDEEE19AF8EE5F
:10628000E92A19EE90BA71EEE24A01EB8B0AFEEEB2
:10629000CC4ADAED003A14EE903A00EB830C9CED18
:1062A000003A23EE232A09F1FF3CB9F1000F00F078
:1062B000048396F835906E699FED2F5ADFED341AFE
:1062C0009FED341ADFED362ADFED363A94ED0B6A96
:1062D000314AF7EE004A07F10800371F474422EE23
:1062E000053AB4EEE42AF1EE10FA4FEA073ED4F88C
:1062F00028806E68276A58BFB0EE453A16EE103A0D
:10630000A8EB03010AEE101AF8EEC6AAF8EECA5A74
:10631000D4ED006A94ED035AE5EEA1AAF4EEC56A45
:10632000BDEEEA6AF1EE10FA84ED0B6AC0F21F8549
:10633000B0EE459A84ED065A94ED027A84ED053A62
:1063400075EE077AF0EE430A77EEC99AF5EE400A49
:10635000B0EE42AAF1EE10FAB0EE680AB0EE445A7E
:10636000C4ED049AC4ED028A84ED034A84ED00AAC8
:1063700000F0108518E000BF00008042A4707D3F4F
:106380000AD7233C00000043780702087C0B020870
:10639000ACC5273700000000140000206F12033A3C
:1063A0000000803700000038CAEE205AF4EEE45AAC
:1063B000F1EE10FA88BFF0EE645AF5EEC05AF1EE35
:1063C00010FAB8BFF0EE415AB9F1000F01D035EE26
:1063D0004AAA75EE00AA2B697AEECA6AF6EE009A0E
:1063E000FEEECA6A16EE90BAAEEB0B014FEA011A46
:1063F0001FFA8AFAB3EB213F4FEA213B09EE10AABC
:10640000D4BFABEB030ADA4606EB0A0116F80AA082
:1064100032F91AA007EE90AA91F801A032F91AA059
:1064200000EE90AA91F802A0C97832F91AA032F9C8
:1064300011100AEE10AAF8EEE0AAF8EECA6AB8EE59
:10644000497AB8EEE75A27EE220A7AEEE67A07EEA4
:10645000101A36EEC55AF8EEC70AB0EE677AA5EE06
:10646000297A012F70EEEA6AB0EE47AAA6EEA9AA31
:1064700030EE649A77EE8A0A99EE207A60EE077A17
:10648000E5EE297AE0EE27AA6AEEA36A00F090848E
:10649000022F57D1296BD5F824A08B45A8BFABEBB1
:1064A000010B0AEB0B011AF80BB032F91BA091F8A3
:1064B00001B009EE90AA32F91BA091F802B0C97898
:1064C00005EE10AA32F91BA032F911B007EE10AA9E
:1064D000F8EEC57AB8EEC75AF8EEE9AA37EEC57AF3
:1064E0000AEE10BA75EE6A0AF8EECA9AB0EE475A8A
:1064F000B6EE00AAA0EE8A5A79EEE79AF0EE45AA27
:10650000E9EE8AAA37EE2A7A99EE075A20EE059A22
:10651000A0EE8A9AF0EE660AE0EE097AB0EE660A1C
:10652000A7EEE30AD7EEA30A60EE089AE0EE886AC7
:10653000E7EEA39A66EEA56A69EEA57A40ED026AD7
:1065400040ED017AF4EE645AF1EE10FA00F0BD80ED
:1065500094ED045AD4ED00AA35EE6A7AF6EE009A6C
:10656000BEEECA7A74EEE55A17EE101AAEEB010BC6
:10657000B3EB2B3F4FEA2B3AD4BFAAEB03035346AE
:106580004FEA0B1189B209EE101AF118F35C32F9D7
:1065900013B04B7800EE90BA32F913B08B78C9780B
:1065A00006EE90BA32F913B032F9113007EE90BA14
:1065B000F8EEE6AAB8EEE77AB8EEE0AA7AEEC77A85
:1065C00077EE4A6A05EE103AB0EE677AA6EEA97A3F
:1065D000012FF8EEC50AB0EE47AA30EEEA5AB8EE3F
:1065E000490AA5EE29AA20EE220A77EE8A0A30EEA1
:1065F000649A90EE897A60EE077AE6EEA97AE0EE88
:1066000027AA6AEEA36A00F0DB83022F5DD12B6B11
:10661000696A9A45A8BFAAEB030A01EB0A0B11F8B5
:106620000A309BF8011032F913A032F9113009EE4B
:1066300090AA9BF802A09BF803B032F91A1005EE5D
:10664000103A07EE101AF8EEC57A32F91B30B8EEA0
:10665000C75AF8EEE9AA37EEC57A0AEE103A75EE97
:106660006A0AF8EECA9AB0EE475AB6EE00AAA0EE51
:106670008A5A79EEE79AF0EE45AAE9EE8AAA50ED39
:10668000029A37EE2A7A97EE095A20EE059A10ED13
:10669000015AA0EE8A9AF0EE660AE0EE097AB0EEB0
:1066A000660AE7EEE36A97EEA30A66EE886AE0EE12
:1066B000080AE7EEA36AF0EE457AE0EEA59AE6EE68
:1066C000A57A40ED029A40ED017A0CF1FF3CBCF155
:1066D000FF3F00F108007FF411AEEEE009F1FF3654
:1066E000B9F1000F00F0E78068691FEDD42A5FED73
:1066F000D42A5FEDD43AD4F820C008EB0002A2EB14
:10670000090EAEF103016868D5F810E06D4AB6EEE7
:10671000004AB7EE003A09035EE0BCF1020F56D121
:10672000D5F830B0D5F824A0D945A8BFA9EB0B09FE
:106730000AEB09081AF8099098F801A032F919B083
:1067400032F91A9000EE90BA98F802B098F80380E7
:1067500032F91BA006EE909A07EE90AAB8EEE65A20
:10676000F8EEE7AAB8EEE0AA32F9189075EE6A9A48
:106770007AEECA5A07EE109AB0EE696AA5EE846AFC
:106780003B460833F8EEC78AF0EE460A78EEC51AA3
:10679000F0EE406AE1EE840A39EEA0AA91EE0A6AB0
:1067A00029EE061AA5EE841AA9EE015AB0EE409A17
:1067B000E5EE636A95EE239A66EE887AA9EE080AFA
:1067C000E5EE237A87ED000AC7ED017A1F46013E08
:1067D000731C01F580516ED0D4ED018A74EEE81A75
:1067E000E1EE828AB0EE681ABEEECA1AC4ED018AE2
:1067F00011EE103ACB1A4FEA03181FFA88FABEEBD3
:10680000233F4FEA233906EE10AAD4BFA9EB0E0AA4
:10681000CA4600EB0A0B10F80A309BF8018032F9E7
:1068200013309BF803A09BF802B005EE903A32F9C2
:10683000183032F91B8009EE903A0AEE108AF8EE11
:10684000E90AB8EECA5AB8EEE50A30EEC57A32F96E
:106850001A3075EE40AAB8EE469A06EE903AB0EEBF
:10686000476AAAEE846ABCF1010FF8EEE67AF0EE10
:10687000461A77EEE08A29EE229AE8EE841A39EE7B
:10688000431A77EE215A91EE256A69EE069AEAEEEE
:10689000849AE9EE290A20EEA30A7FF43EAF3B4634
:1068A0000833013E87ED000A87ED010A1F46731C7D
:1068B00001F5805190D100252560BDEC068BBDE827
:1068C000F88F00BF140000200AD7233C96F825005B
:1068D000002840F04082237F002B3FF49BAC94EDD6
:1068E0000B2AA06A1FED081AD6ED008A12EE102AB4
:1068F000811A02EE901AF8EEC29AB8EEE23AF3EE7E
:10690000001AE3EE019A28EEA10AFDEEE9AAB8EE1C
:10691000E0AAC4ED0BAAF1F78DFCBDEEC04AF8EE7B
:10692000EA3A14EE10AA8AF3040BDFF8C4A40AEBC7
:106930008B00D0ED004A63EEA44A0BF1FF33B4EEB6
:10694000E4AAF1EE10FA80F2E680591C00F0E38030
:106950000AEB830C9CED005A63EE854AABF1020E04
:10696000B4EEE4AAF1EE10FA80F2D5801EF1010037
:1069700000F0D1800AEB8E02D2ED005A63EEA54AF8
:10698000ABF10303B4EEE4AAF1EE10FA80F2C38097
:10699000591C00F0C0800AEB830191ED006A63EEA0
:1069A000864AABF1040CB4EEE4AAF1EE10FA80F2E0
:1069B000B2801CF1010000F0AE800AEB8C00D0ED3B
:1069C000006A63EEA64AABF1050EB4EEE4AAF1EE5E
:1069D00010FA80F2A0801EF1010100F09C800AEB09
:1069E0008E0292ED008A63EE884AABF10603B4EEA4
:1069F000E4AAF1EE10FA80F28E80581C00F08B8031
:106A00000AEB8301D1ED007A63EEA74AABF10700F0
:106A1000B4EEE4AAF1EE10FA7DDA411C7BD00AEB69
:106A2000800C9CED007A63EE874AABF1080EB4EE61
:106A3000E4AAF1EE10FA6EDA1EF101006BD00AEB57
:106A40008E0292ED009A63EE894AABF10903B4EE2F
:106A5000E4AAF1EE10FA5EDA591C5CD00AEB83016D
:106A600091ED000A63EE804AABF10A0CB4EEE4AAA1
:106A7000F1EE10FA4FDA1CF101004CD00AEB8C0059
:106A8000D0ED000A63EEA04AABF10B0EB4EEE4AA1F
:106A9000F1EE10FA3FDA1EF101013CD00AEB8E0252
:106AA00092ED001A63EE814AABF10C03B4EEE4AA56
:106AB000F1EE10FA2FDA581C2DD00AEB8301D1ED3C
:106AC000001A63EEA14AABF10D00B4EEE4AAF1EEB8
:106AD00010FA20DA411C1ED00AEB800C9CED002A33
:106AE00063EE824AABF10E03B4EEE4AAF1EE10FAC3
:106AF00011DA5A1C0FD00AEB830BDBED009A63EE20
:106B0000A94AB4EEE4AAF1EE10FA04DA1BB1DFED03
:106B1000B62A63EEA24A96F8242096ED068A002A49
:106B20003FF4DCAD96ED013A68EE8A3AB3EE004AE6
:106B3000DFEDAE8A23EE040AB6EE0E5AE3EE858A46
:106B4000F1F778FBFDEEC05AF8EEEAAA15EE901ABE
:106B500081F304030AEB830090ED006A2AEE864A73
:106B600003F1FF3BB4EECA4AF1EE10FA40F2E680C0
:106B70001BF1010100F0E2800AEB8B0EDEED006AF2
:106B80002AEEA64AA3F1020CB4EEC4AAF1EE10FA62
:106B900080F2D4801CF1010000F0D0800AEB8C025E
:106BA000D2ED007A2AEEA74AD81EB4EEC4AAF1EEBE
:106BB00010FA80F2C380411C00F0C0800AEB800113
:106BC00091ED007A2AEE874AA3F1040BB4EEC4AA31
:106BD000F1EE10FA80F2B2801BF1010000F0AE80FD
:106BE0000AEB8B0E9EED009A2AEE894AA3F1050C62
:106BF000B4EEC4AAF1EE10FA80F2A0801CF10101FB
:106C000000F09C800AEB8C0292ED000A2AEE804A8A
:106C1000991FB4EEC4AAF1EE10FA80F28F80481CDE
:106C200000F08C800AEB8100D0ED000A2AEEA04A29
:106C3000A3F1070BB4EEC4AAF1EE10FA7EDA1BF151
:106C400001017BD00AEB8B0E9EED001A2AEE814AE1
:106C5000A3F1080CB4EEC4AAF1EE10FA6EDA1CF13E
:106C600001006BD00AEB8C02D2ED001A2AEEA14A89
:106C7000A3F10900B4EEC4AAF1EE10FA5EDA411CE9
:106C80005CD00AEB800191ED002A2AEE824AA3F142
:106C90000A0BB4EEC4AAF1EE10FA4FDA1BF10100B0
:106CA0004CD00AEB8B0EDEED009A2AEEA94AA3F136
:106CB0000B0CB4EEC4AAF1EE10FA3FDA1CF101019C
:106CC0003CD00AEB8C02D2ED002A2AEEA24AA3F1B4
:106CD0000C01B4EEC4AAF1EE10FA2FDA481C2DD044
:106CE0000AEB8100D0ED004A2AEEA44AA3F10D0B75
:106CF000B4EEC4AAF1EE10FA20DA1BF101011DD0A6
:106D00000AEB8B0E9EED003A2AEE834A0E3BB4EE60
:106D1000C4AAF1EE10FA11DA5A1C0FD00AEB830A5A
:106D2000DAED003A2AEEA34AB4EEC4AAF1EE10FA64
:106D300004DA1BB19FED2C4A2AEE844A34EE285A1D
:106D4000B4EECA5AF1EE10FA01DB7AEE448AB7EEDD
:106D5000002AFFF7A8BA802B43DD2268A362002037
:106D600001210023A261206021772363B7E5F5EEBE
:106D7000406AF1EE10FA11D0D4ED050A94ED020A42
:106D800036EE82AAF5EE400AF1EE10FA84ED00AA82
:106D90007FF40AABF7EE005AFFF716BB94ED069AA4
:106DA000B4EEC95AF1EE10FA3FF6C6AAFFF7C0BA20
:106DB00025EEA6AA00ED02AA00ED01AAFFF7C2BBCC
:106DC00050ED02AA10ED017AE5EEA6AAA5EEA67A8C
:106DD00040ED02AA00ED017A77E47AEE448AFFF7EB
:106DE00044BA0021216376E50000803D0000804226
:106DF00030C402082DE9F84FD1F81090DFED667A23
:106E000007EE109A2DED068BB8EEC79ADDF840809C
:106E100039EE670A1F46FDEEC00A036B164610EEF8
:106E2000902A434493420D460446036340F32C8367
:106E30000020A06220632077D6ED008A96F8241007
:106E400096ED068AB8EEE0AA68EEA8AA6AEE8A4A2B
:106E5000002900F03682D6ED015A9FED506A9FED71
:106E6000509A65EEA56A68EE8A7AA6EE869ADFEDFC
:106E70004A8AB6EE0E7AE7EE878A29EE0A4A34EE9F
:106E8000280AB4EECA0AF1EE10FA80F27985D6ED3E
:106E9000020A9FED441A444B444870EE811AFDEEFD
:106EA000E19AF8EEE92A19EE901A71EEE24A00EB47
:106EB000810AFEEECC4ADAED003A14EE90CA03EBFA
:106EC0008C0292ED003A23EE232A08F1FF30B8F14C
:106ED000000F00F0D58296F835806E699FED2E5A2E
:106EE000DFED331A9FED331ADFED342ADFED343A4C
:106EF000D4F828E094ED0B6AF7EE004A07F1080297
:106F0000371F4F4422EE053AB4EEE42AF1EE10FAB0
:106F10004FEA073C2E68276A58BFB0EE453A16EE96
:106F2000109AAEEB09030AEE103AF8EEC6AAF8EE94
:106F3000CA5AD4ED006A94ED035AE5EEA1AAF4EE24
:106F4000C56ABDEEEA6AF1EE10FA84ED0B6AC0F292
:106F5000E184B0EE459A84ED065A94ED027A84ED10
:106F6000053A75EE077AF0EE430A77EEC99AF5EE28
:106F7000400AB0EE42AAF1EE10FAB0EE680AB0EEA6
:106F8000445AC4ED049AC4ED028A84ED034A84EDA8
:106F900000AA00F0D28415E000008042A4707D3F7A
:106FA0000AD7233C00000043780702087C0B020844
:106FB000ACC52737000000006F12033A000080378D
:106FC00000000038CAEE205AF4EEE45AF1EE10FA4E
:106FD00088BFF0EE645AF5EEC05AF1EE10FAB8BF71
:106FE000F0EE415AB8F1000F01D035EE4AAA75EE25
:106FF00000AAF6EE009A7AEECA6AFEEECA6A16EEA9
:10700000901AACEB010329694FEA2339B1EB233F16
:10701000D4BFA9EB010BCB464FEA031A1FFA8AFA39
:1070200009EE10AA06EB4B0336F91BA007EE90AA57
:10703000B3F902A000EE90AAB3F904A0B3F90630A8
:107040000AEE10AAF8EEE0AAF8EECA6AB8EE497A9B
:10705000B8EEE75A27EE220A7AEEE67A07EE103A01
:1070600036EEC55AF8EEC70AB0EE677AA5EE297A71
:10707000012F70EEEA6AB0EE47AAA6EEA9AA30EE9A
:10708000649A77EE8A0A99EE207A60EE077AE5EE46
:10709000297AE0EE27AA6AEEA36A00F05C84022F48
:1070A00050D12B6BD5F820A09945A8BFA9EB0309B7
:1070B0000AEB49033AF91990B3F902A009EE909A44
:1070C000B3F90490B3F9063005EE10AA07EE109A52
:1070D000F8EEC57AB8EEC75AF8EEE9AA37EEC57AE7
:1070E0000AEE103A75EE6A0AF8EECA9AB0EE475AFE
:1070F000B6EE00AAA0EE8A5A79EEE79AF0EE45AA1B
:10710000E9EE8AAA37EE2A7A99EE075A20EE059A16
:10711000A0EE8A9AF0EE660AE0EE097AB0EE660A10
:10712000A7EEE30AD7EEA30A60EE089AE0EE886ABB
:10713000E7EEA39A66EEA56A69EEA57A42ED026AC9
:1071400042ED017AF4EE645AF1EE10FA00F0B280EA
:1071500094ED045AD4ED00AA35EE6A7AF6EE009A60
:10716000BEEECA7A74EEE55A17EE10AAACEB0A0925
:107170004FEA0913B1EB293F1FFA83FA4FEA29338B
:10718000D4BF591A194606EB410936F9111009EE18
:1071900010AA00EE901AB9F902A0B9F90410B9F9D1
:1071A000069006EE90AA07EE901AF8EEE6AAB8EE60
:1071B000E77AB8EEE0AA7AEEC77A77EE4A6A05EE89
:1071C000109AB0EE677AA6EEA97A012FF8EEC50AFA
:1071D000B0EE47AA30EEEA5AB8EE490AA5EE29AA5F
:1071E00020EE220A77EE8A0A30EE649A90EE897ACF
:1071F00060EE077AE6EEA97AE0EE27AA6AEEA36AC5
:1072000000F0B183022F55D1296BD5F820A08B4215
:10721000A8BF5B1A0AEB43093AF91330B9F9021017
:10722000B9F904A0B9F9069005EE101A07EE10AAF4
:1072300009EE903AF8EEC57AB8EEC75AF8EEE9AA28
:1072400037EEC57A0AEE109A75EE6A0AF8EECA9A17
:10725000B0EE475AB6EE00AAA0EE8A5A79EEE79A47
:10726000F0EE45AAE9EE8AAA52ED029A37EE2A7AA2
:1072700097EE095A20EE059A12ED015AA0EE8A9A6D
:10728000F0EE660AE0EE097AB0EE660AE7EEE36A2F
:1072900097EEA30A66EE886AE0EE080AE7EEA36AB4
:1072A000F0EE457AE0EEA59AE6EEA57A42ED029A76
:1072B00042ED017A0138431C02F108027FF42FAE3F
:1072C000DEE008F1FF36B8F1000F00F0D7806A6900
:1072D0001FEDC72A5FEDC72A5FEDC73AD5F810E06A
:1072E000D4F820C009EB0203A3EB080BABF10301B8
:1072F0002A68B6EE004AB7EE003A080356E0BCF141
:10730000020F4ED1D5F830A0D5F82090D345A8BFB4
:10731000ABEB0A0B09EB4B0839F91BB0B8F902309B
:10732000B8F904A0B8F9068006EE903A0AEE90AAE1
:1073300000EE90BAF8EEE67AB8EEEA7AB8EEE0AA95
:1073400037EEC70A77EE4A1A08EE908AB0EE406A26
:10735000A1EE846A39460831B8EEE85AF0EE460AE2
:1073600035EE671AF0EE696AE1EE040A30EE20AA03
:1073700095EE8A6A69EE065AE1EE845AE9EE257ABC
:10738000B0EE699AE7EEE36A97EEA39A66EE88AAF2
:10739000E9EE089AE7EEA3AAC7ED009AC7ED01AAA5
:1073A0000F46013E731C00F5805067D0D4ED018A72
:1073B00074EEE81AE1EE828AB0EE681ABEEECA1ADE
:1073C000C4ED018A11EE103AA0EB0308BEEB283F92
:1073D0004FEA283BD4BFABEB0E09D94602EB490379
:1073E00032F919904FEA081A06EE109AB3F90280A2
:1073F000B3F90490B3F9063005EE908A00EE109AC6
:10740000F8EEE59AB8EEC0AAB8EEC69A79EECAAA26
:107410007AEE497A00EE903AF0EE6A8AE7EE848AD4
:107420001FFA8AF1BCF1010FF8EEE06A05EE101ABE
:1074300036EEE97AB0EE681AA7EE041AF8EE451AAD
:107440003AEE816A21EEA29A79EE435AD5EE868A07
:1074500029EE280AA7EE840AE9EE009A69EEA39ABB
:107460007FF44DAF3B460833013EC7ED009AC7EDB0
:10747000019A1F46731C00F5805097D100252560A6
:10748000BDEC068BBDE8F88F96F82500002840F08B
:107490003582237F002B3FF4CFAC94ED0B2AA06AFA
:1074A0009FEDCE1AD6ED008A12EE102A811A02EE56
:1074B000901AF8EEC29AB8EEE23AF3EE001AE3EE52
:1074C000019A28EEA10AFDEEE9AAB8EEE0AAC4ED01
:1074D0000BAAF0F7AFFEBDEEC04AF8EEEA3A14EEA2
:1074E00010AA8AF30403DFF8FCA20AEB8302D2EDB0
:1074F000004A63EEA44A581EB4EEE4AAF1EE10FA74
:1075000080F2DC80411C00F0D9800AEB800C9CEDFD
:10751000005A63EE854A991EB4EEE4AAF1EE10FA21
:1075200080F2CC80481C00F0C9800AEB810EDEEDB1
:10753000005A63EEA54AD81EB4EEE4AAF1EE10FAA2
:1075400080F2BC80411C00F0B9800AEB800292ED11
:10755000006A63EE864A191FB4EEE4AAF1EE10FA4F
:1075600080F2AC80481C00F0A9800AEB810CDCEDB5
:10757000006A63EEA64A581FB4EEE4AAF1EE10FAD0
:1075800080F29C80411C00F099800AEB800E9EEDF9
:10759000008A63EE884A9A1FB4EEE4AAF1EE10FA6C
:1075A00080F28C80501C00F089800AEB8201D1EDC2
:1075B000007A63EEA74AD81FB4EEE4AAF1EE10FAFF
:1075C0007CDA411C7AD00AEB800C9CED007A63EEE9
:1075D000874AA3F1080EB4EEE4AAF1EE10FA6DDAD0
:1075E0001EF101006AD00AEB8E0292ED009A63EE62
:1075F000894AA3F10900B4EEE4AAF1EE10FA5DDACB
:10760000411C5BD00AEB800191ED000A63EE804AD9
:10761000A3F10A0CB4EEE4AAF1EE10FA4EDA1CF172
:1076200001004BD00AEB8C0EDEED000A63EEA04A9F
:10763000A3F10B02B4EEE4AAF1EE10FA3EDA511C0B
:107640003CD00AEB820090ED001A63EE814AA3F170
:107650000C01B4EEE4AAF1EE10FA2FDA481C2DD09A
:107660000AEB810CDCED001A63EEA14AA3F10D0ECA
:10767000B4EEE4AAF1EE10FA20DA1EF101011DD0F9
:107680000AEB8E0292ED002A63EE824A0E3BB4EEC4
:10769000E4AAF1EE10FA11DA5A1C0FD00AEB8300BB
:1076A000D0ED009A63EEA94AB4EEE4AAF1EE10FA26
:1076B00004DA1BB1DFED4C2A63EEA24A96F82410DF
:1076C00096ED068A00293FF4FCAD96ED013A68EE8E
:1076D0008A3AB3EE004ADFED428A23EE040AB6EEA0
:1076E0000E5AE3EE858AF0F7A5FDFDEEC05AF8EEDE
:1076F000EAAA15EE902A82F304030AEB830090EDC8
:10770000006A2AEE864A5A1EB4EECA4AF1EE10FA10
:1077100040F2E780511C00F0E4800AEB820CDCEDC3
:10772000006A2AEEA64A991EB4EEC4AAF1EE10FA37
:1077300080F2D780481C00F0D4800AEB810EDEED89
:10774000007A2AEEA74AD81EB4EEC4AAF1EE10FAC7
:1077500080F2C780411C00F0C4800AEB800292EDE9
:10776000007A2AEE874A191FB4EEC4AAF1EE10FA85
:1077700080F2B780481C00F0B4800AEB810C9CEDCD
:10778000009A2AEE894A581FB4EEC4AAF1EE10FA04
:1077900080F2A780411C00F0A4800AEB800E9EEDD1
:1077A000000A2AEE804A9A1FB4EEC4AAF1EE10FA3B
:1077B00080F29780501C00F094800AEB8201D1ED9A
:1077C000000A2AEEA04AD81FB4EEC4AAF1EE10FABD
:1077D00080F28780411C00F0848007E00AD7233CB8
:1077E0000000804230C402080000803D0AEB800C9B
:1077F0009CED001A2AEE814AA3F1080EB4EEC4AA49
:10780000F1EE10FA6DDA1EF101006AD00AEB8E0279
:10781000D2ED001A2AEEA14AA3F10900B4EEC4AADF
:10782000F1EE10FA5DDA411C5BD00AEB800191EDBC
:10783000002A2AEE824AA3F10A0CB4EEC4AAF1EEA1
:1078400010FA4EDA1CF101004BD00AEB8C0EDEED83
:10785000009A2AEEA94AA3F10B02B4EEC4AAF1EEF3
:1078600010FA3EDA511C3CD00AEB8200D0ED002A1F
:107870002AEEA24AA3F10C01B4EEC4AAF1EE10FA6A
:107880002FDA481C2DD00AEB810CDCED004A2AEEE1
:10789000A44AA3F10D0EB4EEC4AAF1EE10FA20DA58
:1078A0001EF101011DD00AEB8E0292ED003A2AEE84
:1078B000834A0E3BB4EEC4AAF1EE10FA11DA5A1C58
:1078C0000FD00AEB830ADAED003A2AEEA34AB4EEAF
:1078D000C4AAF1EE10FA04DA1BB11FED3D4A2AEEFC
:1078E000844A34EE285AB4EECA5AF1EE10FA01DB9B
:1078F0007AEE448AB7EE002AFFF7E7BA802B43DD21
:107900002268A362002001210023A2612060217768
:107910002363C2E5F5EE406AF1EE10FA11D0D4ED22
:10792000050A94ED020A36EE82AAF5EE400AF1EE5F
:1079300010FA84ED00AA7FF445ABF7EE005AFFF78A
:1079400051BB94ED069AB4EEC95AF1EE10FA3FF627
:1079500004ABFFF7FEBA25EEA6AA02ED02AA02EDDD
:1079600001AAFFF7EFBB52ED02AA12ED017AE5EE94
:10797000A6AAA5EEA67A42ED02AA02ED017A99E442
:107980007AEE448AFFF783BA0021216381E500BFC4
:107990002DE9F041456BD0ED0F0AD0ED104A9FED77
:1079A000725AD0ED137A9FED717A036806EE105A81
:1079B000B8EEC63AF0EE005A70EEE46A044685EE80
:1079C000831ADE6898680F46D9693B69361101FB56
:1079D00006F600EB26360021A6EB6508984494EDE8
:1079E000122A98FBF3FC2DED028BF5EEC06A9FED99
:1079F000608A84F85010F7EE002AF1EE10FA72EE69
:107A0000628A48BF74EEE06AF0EE485AE8EE855AA2
:107A100003FB1C809160F2EE083AF4EEE36A27EE75
:107A2000870A4CBFBFEE004AB7EE004AF1EE10FAEB
:107A300088BFF0EE636AE6EE844A11759175FCEE3C
:107A4000C01ABDEEE50A74EE880AB8EEC04A82EDAF
:107A5000041A75EEC46ABDEEE01AFEEECC6AC2ED01
:107A6000031A506078EE647A42484349C4ED104AE4
:107A700010EE10CA16EE902AB8EEC16A01EB820829
:107A8000BDEEE77A00EB8C0270EEC61AD8ED002A44
:107A900092ED008AB8EEC72AFEEECC1A68EE223AC2
:107AA00011EE908A77EEC24A11EE102AFEEECA3A23
:107AB00001EB880CFEEECC4A00EB8208DCED008A7C
:107AC00098ED005A17EE10CA13EE902A14EE908A21
:107AD00000EB8C00521B01EB880190ED000A91ED48
:107AE000004A82EAE27068EE855AA0EBE271402912
:107AF000C4ED135A0EDD05EB6212554205F003008A
:107B000002F0030158BF4142551A03EE105AB8EE75
:107B1000C33A656370EE000A94F86C20D4ED116AE4
:107B200020EE841A4FEA450861EE037ABDEEE76A5B
:107B300016EE100A1B1AA3EB450121EAE17007EECD
:107B4000100AB8EEC78ACAB928EE265ABDEEC50A91
:107B5000BDEC028B7F69666510EE106AB81B451B91
:107B6000A565BDE8F08100BF0000704200008047BD
:107B7000000000437C0B020878070208F3EE001AAD
:107B800026EEA10AF0F756FBBDEEC02AD4ED194A45
:107B900012EE102A82F30403804A02EB8301D1ED36
:107BA000003AF8EEE42A591E62EEA34AB4EEE48AE3
:107BB000F1EE10FA80F2E280481C00F0DF8002EB68
:107BC000810EDEED008A62EEA84AA3F1020CB4EE4B
:107BD000E48AF1EE10FA80F2D1801CF1010000F08D
:107BE000CD8002EB8C0090ED005A62EE854AD91EE2
:107BF000B4EEE48AF1EE10FA80F2C080481C00F086
:107C0000BD8002EB810E9EED000A62EE804AA3F178
:107C1000040CB4EEE48AF1EE10FA80F2AF801CF1AD
:107C2000010000F0AB8002EB8C00D0ED005A62EE58
:107C3000A54A591FB4EEE48AF1EE10FA80F29E8054
:107C4000481C00F09B8002EB810E9EED004A62EE24
:107C5000844AA3F1060CB4EEE48AF1EE10FA80F245
:107C60008D801CF1010000F0898002EB8C0090ED0A
:107C7000003A62EE834AD91FB4EEE48AF1EE10FABC
:107C80007CDA481C7AD002EB810EDEED000A62EE4F
:107C9000A04AA3F1080CB4EEE48AF1EE10FA6DDA12
:107CA0001CF101006AD002EB8C00D0ED006A62EE9C
:107CB000A64AA3F10901B4EEE48AF1EE10FA5DDA06
:107CC000481C5BD002EB810E9EED001A62EE814AE9
:107CD000A3F10A0CB4EEE48AF1EE10FA4EDA1CF1CC
:107CE00001004BD002EB8C00D0ED007A62EEA74A87
:107CF000A3F10B01B4EEE48AF1EE10FA3EDA481C6F
:107D00003CD002EB810E9EED006A62EE864AA3F142
:107D10000C0CB4EEE48AF1EE10FA2FDA1CF101003B
:107D20002CD002EB8C0090ED007A62EE874AA3F132
:107D30000D01B4EEE48AF1EE10FA1FDA481C1DD0F2
:107D400002EB810EDEED001A62EEA14A0E3BB4EEAC
:107D5000E48AF1EE10FA11DA591C0FD002EB83021B
:107D600092ED002A62EE824AB4EEE48AF1EE10FA55
:107D700004DA1BB19FED0A8A62EE884A02EE908A0D
:107D8000F8EEE23ADFED078A34EEE35AB4EEE85A51
:107D9000F1EE10FAB8BFB0EE685AD7E630C4020868
:107DA0000000803D000000002DE9F04F2DED048B18
:107DB00083B08846109E15461F460A69836E416B44
:107DC0003344A2EB410293420446836604DD002063
:107DD000C4E9190084F86C0095F8253023B195F8B2
:107DE0002410002900F03E83D4ED186AD4ED177AF0
:107DF000D5ED000A237EA9686868E16337EEA60A1C
:107E0000B7EE007AB4EEC70AF1EE10FAB7EE001A38
:107E1000B6BF77EE406ADFED146A84ED170A71EEA3
:107E2000601AA8BF84ED177AE1EEA60AA064C4ED3B
:107E3000110A23B194F83010002940F01E8395ED0B
:107E4000068A06F1FF39002E00F0FA8204F11C05C3
:107E5000DFED069A064E9FED079ADFED038A019546
:107E6000A4F1140A39E200BF0000000000008037CE
:107E700014000020000000381A4605EB020BAD5C30
:107E80009BF8012036F915C036F9125006EE90CA5B
:107E90009BF802C09BF803B036F91C2001EE905A03
:107EA00002EE902AB8EEE12AF8EE645AB8EEE23A11
:107EB000B8EEE67A65EEA90A36F91B2072EE435A4F
:107EC00073EE474AB6EE000A03EE902AF0EE656ABA
:107ED000E4EE806A0129B8EEE34A65EE097AB7EE6E
:107EE000006A34EE425A30EEC61AB0EE666AA5EE6B
:107EF000006A36EE257AD1EE076A66EEA01AE4EE45
:107F0000801AA1EEA02A27EE820A00F0228202291E
:107F100000F0398223690344E36094F830000028BC
:107F200040F0DC80606AD4ED0B1A236AD8F804C0F4
:107F3000051404EE105AF8EEC44AF0EE002A24EEBE
:107F4000A15AF7EE005AB4EEE25AF1EE10FAB4EE8E
:107F5000E55AACBF01220022F1EE10FA84F830207D
:107F6000ACBF0122002284F8312082B206EE102A32
:107F7000D8F8102003EB2043A8BF32EEC55A934235
:107F8000ACBF9A1A1A460CEB020B1CF8025036F9D9
:107F900015209BF8015036F915C09BF802509BF84C
:107FA00003B003EE102A36F9152007EE90CA04EE4E
:107FB000102AF8EEE71AB8EE461AF8EEC44AF8EEC0
:107FC000C36A21EE290A31EEE46A36F91B2074EE09
:107FD000E65AB7EE002AF6EE000A70EE423A02EEDA
:107FE000902AB0EE462AA5EEA02A012925EE097AAC
:107FF000B8EEE25AB0EE423A35EE611AA1EE203AFE
:1080000076EE036A93EEA62A60EE027AE5EEA07A97
:10801000E0EE271A67EE210A00F0A88102295AD162
:10802000D8F83050D8F8241057ED021A57ED014A0D
:10803000AB42A8BF5B1BCA18CB5C517836F9135012
:1080400092F803B036F911C036F91B3002EE905A9F
:10805000957836F9152005EE90CA02EE102AB8EE92
:10806000E51AB8EEC23AB8EEE25A71EE435A33EE70
:10807000455AB6EE004A06EE903AB0EE652AA5EEF5
:10808000042AF8EEE67A30EEA16A77EEC12AF0EE25
:10809000421AE2EE841AF0EE647A31EEA53A93EEDB
:1080A000832A60EE023AE5EE043AA0EE231AB0EE1F
:1080B000600AE7EE017A97EE010AE7EE410AB0EEB8
:1080C000674AB0EE467AA8EE007AA8EE204A07ED9D
:1080D000027A07ED014AA16A01446162019DA3464B
:1080E0009BF81900002800F0EE809BF81A30002B56
:1080F00040F0E98001228BF81A2041462A462046AA
:10810000FFF746FC297D002940F0DD80D5E901E13B
:108110000A1402EE902A95ED045AA06BD8F804C018
:10812000B8EEE22AF0EE005A62EE051AF7EE006AA7
:10813000F4EEE51AF1EE10FAF4EEE61AACBF012205
:108140000022F1EE10FA2A75ACBF012200226A75F6
:10815000D8F810200EEB2143A8BF75EEE11A934228
:10816000ACBF9A1A1A461FFA81FE03EE10EA0CEB16
:10817000020E1CF8022036F912C09EF8012007EE0C
:1081800010CA36F912C09EF8032006EE10CA9EF8F7
:1081900002C036F9122036F91CC005EE90CAB8EEBE
:1081A000C65AF8EE433AF8EEE56AF8EEC74A23EE0F
:1081B000A94A75EE663A61EE890A76EEE41AB6EEE1
:1081C000000A02EE902AB0EE637AA1EE807A0128CE
:1081D000B8EEE22AF7EE007A34EE671A72EE457ACC
:1081E000B0EE473AA7EE803A73EE834A94EE817A76
:1081F00024EE076AA1EE806AA4EE065A25EE200A54
:1082000000F0238102285BD1D8F83020D8F8240070
:1082100057ED025A57ED016A9342A8BF9B1AC21844
:10822000C35C92F801C036F9130036F91C3092F89D
:1082300003C002EE900A907836F9102003EE903ACF
:1082400007EE102AF8EEE37AB8EEC73AF8EEE21A33
:1082500036F91C3037EEC36A30EE252A73EE615AC8
:10826000B6EE005A04EE903AB0EE467AA5EE857A64
:10827000F8EEE42AF0EE471A72EEE73AE3EE851ADA
:1082800031EE863A93EE017A24EE071AA5EE851AAE
:10829000B0EE665AE4EE017AB0EE404AA0EEA75A7C
:1082A00090EEA74AA0EEE70AF0EE456AF0EE420A29
:1082B000E8EE040AE8EE006A47ED020A47ED016ABB
:1082C000E8680844A860183DAA450BF1180B7FF434
:1082D00007AFB9F10109C0F0B380BB460837CBED59
:1082E000008AA16B47ED018A207E00287FF415AE3D
:1082F000E06894ED052AA568031402EE903AB8EE02
:10830000E23AF0EE003A23EE025AB7EE004AB4EE3B
:10831000E35AF1EE10FAB4EEC45AACBF01220022C7
:10832000F1EE10FA2276ACBF0122002205EB2043C9
:10833000627601DB33EEC55AD8F81020D8F8045025
:108340001FFA80FC9A4204EE90CA3FF795AD9A1A44
:1083500093E557ED023A57ED016A33EE807A36EE37
:10836000800A07ED027A07ED010AD3E557ED024ACC
:1083700017ED016A34EEA01A76EE200A07ED021A14
:1083800047ED010AA7E6D8F83020D8F824509A42E1
:1083900000DC9B1AEA18ED5C92F801B036F915C0C2
:1083A000957836F91B3057ED022A17ED013A04EEA5
:1083B00010CA92F803C036F9152036F91CB005EE44
:1083C000903A05EE102AF8EEE56AB8EEC56AF8EEC6
:1083D000C44AB6EE002A36EE644A76EEC64A07EE86
:1083E00010BAB0EE645AA4EE025AF8EEC71A70EE54
:1083F000223A71EEE62AF0EE455AE2EE825A35EE66
:10840000A46A96EE015A25EE201AA4EE021AB0EEE6
:10841000432AE1EE206AF0EE400AA6EEA72AD6EE45
:10842000A70AA6EEE70AB0EE633AF0EE427AA8EEAB
:10843000203AE8EE007A07ED023A47ED017A69E565
:1084400003B0BDEC048BBDE8F08F17ED022A57EDA9
:10845000017A72EE004A37EE800A47ED024A07EDD4
:10846000010A2DE7A06E802804DD4FF00109606647
:1084700084F86C900023A366B6E4012284F83220CD
:108480004146221D2046FFF783FAD8E42DE9F0414A
:10849000456BD0ED0F0AD0ED104A9FED725AD0ED2A
:1084A000137A9FED717A036806EE105AB8EEC63A59
:1084B000F0EE005A70EEE46A044685EE831ADE6838
:1084C00098680F46D9693B69361101FB06F600EB47
:1084D00026360021A6EB6508984494ED122A98FBF5
:1084E000F3FC2DED028BF5EEC06A9FED608A84F8F7
:1084F0005010F7EE002AF1EE10FA72EE628A48BFD1
:1085000074EEE06AF0EE485AE8EE855A03FB1C80F0
:108510009160F2EE083AF4EEE36A27EE870A4CBF68
:10852000BFEE004AB7EE004AF1EE10FA88BFF0EE57
:10853000636AE6EE844A11759175FCEEC01ABDEED1
:10854000E50A74EE880AB8EEC04A82ED041A75EEA8
:10855000C46ABDEEE01AFEEECC6AC2ED031A5060AA
:1085600078EE647A42484349C4ED104A10EE10CACE
:1085700016EE902AB8EEC16A01EB8208BDEEE77AEA
:1085800000EB8C0270EEC61AD8ED002A92ED008A3C
:10859000B8EEC72AFEEECC1A68EE223A11EE908AA7
:1085A00077EEC24A11EE102AFEEECA3A01EB880CB1
:1085B000FEEECC4A00EB8208DCED008A98ED005A12
:1085C00017EE10CA13EE902A14EE908A00EB8C007E
:1085D000521B01EB880190ED000A91ED004A82EAFE
:1085E000E27068EE855AA0EBE2714029C4ED135A9F
:1085F0000EDD05EB6212554205F0030002F00301A7
:1086000058BF4142551A03EE105AB8EEC33A65639B
:1086100070EE000A94F86C20D4ED116A20EE841AF2
:108620004FEA450861EE037ABDEEE76A16EE100ADE
:108630001B1AA3EB450121EAE17007EE100AB8EE20
:10864000C78ACAB928EE265ABDEEC50ABDEC028B10
:108650007F69666510EE106AB81B451BA565BDE80D
:10866000F08100BF0000704200008047000000431E
:108670007C0B020878070208F3EE001A26EEA10A26
:10868000EFF7D8FDBDEEC02AD4ED194A12EE102A3C
:1086900082F30403804A02EB8301D1ED003AF8EE45
:1086A000E42A591E62EEA34AB4EEE48AF1EE10FA0F
:1086B00080F2E280481C00F0DF8002EB810EDEEDEC
:1086C000008A62EEA84AA3F1020CB4EEE48AF1EE4D
:1086D00010FA80F2D1801CF1010000F0CD8002EB95
:1086E0008C0090ED005A62EE854AD91EB4EEE48A01
:1086F000F1EE10FA80F2C080481C00F0BD8002EB61
:10870000810E9EED000A62EE804AA3F1040CB4EEE5
:10871000E48AF1EE10FA80F2AF801CF1010000F063
:10872000AB8002EB8C00D0ED005A62EEA54A591FD7
:10873000B4EEE48AF1EE10FA80F29E80481C00F05C
:108740009B8002EB810E9EED004A62EE844AA3F10B
:10875000060CB4EEE48AF1EE10FA80F28D801CF182
:10876000010000F0898002EB8C0090ED003A62EE8F
:10877000834AD91FB4EEE48AF1EE10FA7CDA481C81
:108780007AD002EB810EDEED000A62EEA04AA3F180
:10879000080CB4EEE48AF1EE10FA6DDA1CF1010077
:1087A0006AD002EB8C00D0ED006A62EEA64AA3F11B
:1087B0000901B4EEE48AF1EE10FA5DDA481C5BD0F0
:1087C00002EB810E9EED001A62EE814AA3F10A0CC3
:1087D000B4EEE48AF1EE10FA4EDA1CF101004BD04F
:1087E00002EB8C00D0ED007A62EEA74AA3F10B01F8
:1087F000B4EEE48AF1EE10FA3EDA481C3CD002EB0B
:10880000810E9EED006A62EE864AA3F10C0CB4EE76
:10881000E48AF1EE10FA2FDA1CF101002CD002EB01
:108820008C0090ED007A62EE874AA3F10D01B4EE60
:10883000E48AF1EE10FA1FDA481C1DD002EB810E1B
:10884000DEED001A62EEA14A0E3BB4EEE48AF1EED0
:1088500010FA11DA591C0FD002EB830292ED002AB4
:1088600062EE824AB4EEE48AF1EE10FA04DA1BB149
:108870009FED0A8A62EE884A02EE908AF8EEE23AAA
:10888000DFED078A34EEE35AB4EEE85AF1EE10FA5F
:10889000B8BFB0EE685AD7E630C402080000803D89
:1088A000000000002DE9F84F2DED048BDDF8389025
:1088B0000F4615461E460A69836E416B4B44A2EB78
:1088C000410293420446836604DD0020C4E9190096
:1088D00084F86C0095F8253023B195F82410002910
:1088E00000F00C83D4ED186AD4ED177AD5ED000AA8
:1088F000237EA9686868E16337EEA60AB7EE007ABE
:10890000B4EEC70AF1EE10FAB7EE001AB6BF77EE72
:10891000406ADFED136A84ED170A71EE601AA8BF92
:1089200084ED177AE1EEA60AA064C4ED110A23B122
:1089300094F83010002940F0EC8295ED068A09F198
:10894000FF38B9F1000F00F0C882DFED069A9FED05
:10895000069ADFED038A04F11C0AA4F1140911E25E
:108960000000000000008037000000381A460BEBC2
:1089700042053BF912C0B5F90420B5F902B002EE88
:10898000902A01EE90BA06EE90CAB8EEE12AF8EE0F
:10899000645AB8EEE23AB8EEE67A65EEA90AB5F99D
:1089A000062072EE435A73EE474AB6EE000A03EE13
:1089B000902AF0EE656AE4EE806A0128B8EEE34A98
:1089C00065EE097AB7EE006A34EE425A30EEC61A06
:1089D000B0EE666AA5EE006A36EE257AD1EE076A39
:1089E00066EEA01AE4EE801AA1EEA02A27EE820A13
:1089F00000F00382022800F01A8225690D44E56028
:108A000094F83010002940F0CD80616AD4ED0B1A43
:108A1000256AD7F800C00B1404EE103AF8EEC44AE9
:108A2000F0EE002A24EEA15AF7EE005AB4EEE25A14
:108A3000F1EE10FAB4EEE55AACBF01220022F1EEDD
:108A400010FA84F83020ACBF0122002284F83120D3
:108A50008AB206EE102A3A6905EB2143A8BF32EE2E
:108A6000C55A9342ACBF9A1A1A460CEB420B3CF91A
:108A70001250BBF9022003EE105ABBF9045007EE66
:108A8000902A04EE105AF8EEE71AB8EE461AF8EEFD
:108A9000C44AF8EEC36A21EE290A31EEE46ABBF952
:108AA000062074EEE65AB7EE002AF6EE000A70EEE3
:108AB000423A02EE902AB0EE462AA5EEA02A0128FC
:108AC00025EE097AB8EEE25AB0EE423A35EE611A76
:108AD000A1EE203A76EE036A93EEA62A60EE027AC1
:108AE000E5EEA07AE0EE271A67EE210A00F0928107
:108AF000022854D13A6B386A56ED021A56ED014AF3
:108B00009342A8BF9B1A00EB430230F91330B2F92D
:108B10000250B2F90400B2F906C005EE905A02EE16
:108B2000100A02EE903AB8EEC23AB8EEE51AB8EE84
:108B3000E25A71EE435A33EE455AB6EE004A06EE5B
:108B400090CAB0EE652AA5EE042AF8EEE67A30EE79
:108B5000A16A77EEC12AF0EE421AE2EE841AF0EE34
:108B6000647A31EEA53A93EE832A60EE023AE5EE9E
:108B7000043AA0EE231AB0EE600AE7EE017A97EE0F
:108B8000010AE7EE410AB0EE674AB0EE467AA8EE77
:108B9000007AA8EE204A06ED027A06ED014AA36AA1
:108BA0000B446362A34655469BF81910002900F058
:108BB000DF809BF81A00002840F0DA804FF00102B5
:108BC0008BF81A2039462A462046FFF75FFC2B7D9A
:108BD000002B40F0CD80D5E901E10A1402EE902A85
:108BE00095ED045AA06BD7F800C0B8EEE22AF0EE7B
:108BF000005A62EE051AF7EE006AF4EEE51AF1EE9D
:108C000010FAF4EEE61AACBF01220022F1EE10FADF
:108C10002A75ACBF012200226A753A690EEB214326
:108C2000A8BF75EEE11A9342ACBF9A1A1A461FFA12
:108C300081FE03EE10EA0CEB420E3CF91220BEF965
:108C400002C007EE102ABEF9042006EE10CA05EE97
:108C5000902AB8EEC65AF8EE433AF8EEE56AF8EE16
:108C6000C74A23EEA94ABEF9062075EE663A61EEC0
:108C7000890A76EEE41AB6EE000A02EE902AB0EE09
:108C8000637AA1EE807A0128B8EEE22AF7EE007A44
:108C900034EE671A72EE457AB0EE473AA7EE803AA4
:108CA00073EE834A94EE817A24EE076AA1EE806A1D
:108CB000A4EE065A25EE200A00F01381022854D1B2
:108CC0003A6B386A56ED025A56ED016A9342A8BFD4
:108CD0009B1A00EB430230F91330B2F904C0B2F929
:108CE000020007EE10CA03EE900A02EE903AB8EEC8
:108CF000C73AF8EEE37AF8EEE21AB2F9063037EE48
:108D0000C36A30EE252A73EE615AB6EE005A04EEBD
:108D1000903AB0EE467AA5EE857AF8EEE42AF0EEC7
:108D2000471A72EEE73AE3EE851A31EE863A93EE91
:108D3000017A24EE071AA5EE851AB0EE665AE4EE23
:108D4000017AB0EE404AA0EEA75A90EEA74AA0EEF4
:108D5000E70AF0EE456AF0EE420AE8EE040AE8EEB1
:108D6000006A46ED020A46ED016AE8680844A86018
:108D7000183DA9450BF1180B7FF416AFB8F10108A7
:108D8000C0F0AB80B3460836CBED008AA06B46ED51
:108D9000018A257E002D7FF433AEE16894ED052A2B
:108DA000A5680B1402EE903AB8EEE23AF0EE003A03
:108DB00023EE025AB7EE004AB4EEE35AF1EE10FA8F
:108DC000B4EEC45AACBF01220022F1EE10FA2276B2
:108DD000ACBF0122002205EB2143627601DB33EEBA
:108DE000C55A3A69D7F800B01FFA81FC9A4204EEDE
:108DF00090CA3FF7BBAD9A1AB9E556ED023A56ED67
:108E0000016A33EE807A36EE800A06ED027A06EDCC
:108E1000010AF2E556ED024A16ED016A34EEA01A97
:108E200076EE200A06ED021A46ED010AB7E63A6B25
:108E30003D6A9A4200DC9B1A05EB430235F9135058
:108E4000B2F902C0B2F904B0B2F9063056ED022A06
:108E500016ED013A04EE105A05EE90CA05EE10BA6E
:108E6000F8EEE56AB8EEC56AF8EEC44AB6EE002A36
:108E700036EE644A76EEC64A07EE103AB0EE645A11
:108E8000A4EE025AF8EEC71A70EE223A71EEE62A04
:108E9000F0EE455AE2EE825A35EEA46A96EE015A99
:108EA00025EE201AA4EE021AB0EE432AE1EE206A63
:108EB000F0EE400AA6EEA72AD6EEA70AA6EEE70A2B
:108EC000B0EE633AF0EE427AA8EE203AE8EE007A8D
:108ED00006ED023A46ED017A8FE5BDEC048BBDE864
:108EE000F88F16ED022A56ED017A72EE004A37EE3F
:108EF000800A46ED024A06ED010A36E7A06E802898
:108F000004DD4FF00108606684F86C800023A366DE
:108F1000E8E4012284F832203946221D2046FFF77A
:108F2000B5FA0AE52DE9F04F0446007899B0032818
:108F3000CDE902211F4604F5805A00F0C1850528BD
:108F400000F016839AF8C437002B00F08485A0F156
:108F50000401B1FA81F25509A8466668002E40F373
:108F60008B81039ADFEDCA5A9FEDCA6ADFEDCA4AC8
:108F7000CDF810A04FF0000EBC46234608327146D3
:108F8000C1462746387AA2F10804002800F08C81F7
:108F9000B9F1000F40F0AB84D3F83C0FFF2800F389
:108FA0005D810CF1FF35BCF1000F00F0578115F029
:108FB000070800F03981D4ED000AD3F8384F20EECD
:108FC000A41A461CFDEEC16AC3F83C6F16EE90BAB7
:108FD0000BF30F0A24F810A0B8F1010FD3F83C0FDF
:108FE00005F1FF35144600F01F81B8F1020F5ED085
:108FF000B8F1030F55D0B8F1040F3AD0B8F1050F0E
:109000001FD0B8F1060F16D0FF2811DCD2ED001AE0
:1090100021EEA45A461CBDEEC52AC3F83C6F12EEE1
:10902000106A06F30F0BD3F8386F26F810B0083427
:10903000D3F83C0F013DFF2841F38B80D3F83C0F60
:10904000013DFF2812DCA3469BED004A64EE247A22
:10905000461CBDEEE70AC3F83C6F10EE106A06F33B
:109060000F0AD3F8386F26F810A00834D3F83C0F55
:10907000013DFF2812DCA04698ED007A67EE240A35
:10908000461CBDEEE01AC3F83C6F11EE106A06F301
:109090000F0BD3F8386F26F810B00834D3F83C0F14
:1090A000013DFF2840F3F784D3F83C0F013DFF2832
:1090B00012DCA3469BED002A62EE242A461CBDEE7C
:1090C000E23AC3F83C6F13EE106A06F30F0AD3F8C6
:1090D000386F26F810A00834D3F83C0F013DA3E008
:1090E000D3F83C6FFF2E12DC254695ED000A20EEEA
:1090F000247A751CFDEEC70AC3F83C5F10EE905A47
:1091000005F30F08D3F8385F25F816800834D3F834
:109110003C6FFF2E12DCA3469BED001A61EE246A21
:10912000751CFDEEE61AC3F83C5F11EE905A05F38C
:109130000F0AD3F8385F25F816A00834D3F83C6F2F
:10914000FF2E12DCA04698ED005A25EE242A751C4D
:10915000FDEEC22AC3F83C5F12EE905A05F30F0BE6
:10916000D3F8385F25F816B00834D3F83C6FFF2EDB
:1091700012DCA2469AED003A63EE243A751CBDEE6D
:10918000E34AC3F83C5F14EE105A05F30F08D3F816
:10919000385F25F816800834D3F83C6FFF2E12DCB8
:1091A000A346DBED007A27EEA40A751CBDEEC07A5B
:1091B000C3F83C5F17EE105A05F30F0AD3F8385F77
:1091C00025F816A00834D3F83C6FFF2E12DCA04619
:1091D000D8ED000A20EEA41A751CFDEEC16AC3F892
:1091E0003C5F16EE905A05F30F0BD3F8385F25F865
:1091F00016B00834D3F83C6FFF2E12DCA246DAED2D
:10920000001A21EEA45A751CBDEEC52AC3F83C5FB6
:1092100012EE105A05F30F08D3F8385F25F81680C0
:109220000834C51FD3F83C0FFF2812DCA046D8ED48
:10923000003A23EEA44A461CFDEEC47AC3F83C6F04
:1092400017EE906A06F30F0BD3F8386F26F810B0BC
:109250000834681E002D7FF443AF7E680EF1010EC6
:10926000764503F1200302F104023FF78BAE3C4642
:10927000DDF810A020786746052800F26082DFE85C
:1092800010F01D05FF040E051F046304770100BFE5
:10929000000000380000803B00FEFF4649265F4288
:1092A0008FBA2141DB0F4940B9F1000F40F04A82EB
:1092B000D3F87C0FFF28D1DC0CF1FF35BCF1000F97
:1092C000CCD015F0070B00F03981D4ED000AD3F8AB
:1092D000784F20EEA41A461CFDEEC16AC3F87C6FDD
:1092E00016EE90AA0AF30F0824F81080BBF1010FC4
:1092F000D3F87C0F05F1FF35144600F01F81BBF158
:10930000020F5ED0BBF1030F55D0BBF1040F3AD072
:10931000BBF1050F1FD0BBF1060F16D0FF2811DCE3
:10932000D2ED001A21EEA45A461CBDEEC52AC3F8A0
:109330007C6F12EE106A06F30F0AD3F8786F26F8E6
:1093400010A00834D3F87C0F013DFF2840F3EC86D1
:10935000D3F87C0F013DFF2812DCA2469AED004AAB
:1093600064EE247A461CBDEEE70AC3F87C6F10EE6B
:10937000106A06F30F08D3F8786F26F810800834C7
:10938000D3F87C0F013DFF2812DCA3469BED007A49
:1093900067EE240A461CBDEEE01AC3F87C6F11EE9E
:1093A000106A06F30F0AD3F8786F26F810A0083475
:1093B000D3F87C0F013DFF2840F35983D3F87C0F8D
:1093C000013DFF2812DCA2469AED002A62EE242A13
:1093D000461CBDEEE23AC3F87C6F13EE106A06F34A
:1093E0000F08D3F8786F26F810800834D3F87C0F74
:1093F000013DA3E0D3F87C6FFF2E12DC254695EDEE
:10940000000A20EE247A751CFDEEC70AC3F87C5FC3
:1094100010EE905A05F30F08D3F8785F25F8168000
:109420000834D3F87C6FFF2E12DCA3469BED001AA4
:1094300061EE246A751CFDEEE61AC3F87C5F11EE3E
:10944000905A05F30F0AD3F8785F25F816A0083470
:10945000D3F87C6FFF2E12DCA04698ED005A25EE63
:10946000242A751CFDEEC22AC3F87C5F12EE905AC6
:1094700005F30F0BD3F8785F25F816B00834D3F84E
:109480007C6FFF2E12DCA2469AED003A63EE243A7E
:10949000751CBDEEE34AC3F87C5F14EE105A05F369
:1094A0000F08D3F8785F25F816800834D3F87C6F5E
:1094B000FF2E12DCA346DBED007A27EEA40A751C12
:1094C000BDEEC07AC3F87C5F17EE105A05F30F0AA1
:1094D000D3F8785F25F816A00834D3F87C6FFF2EF8
:1094E00012DCA046D8ED000A20EEA41A751CFDEE91
:1094F000C16AC3F87C5F16EE905A05F30F0BD3F8E0
:10950000785F25F816B00834D3F87C6FFF2E12DC94
:10951000A246DAED001A21EEA45A751CBDEEC52A4A
:10952000C3F87C5F12EE105A05F30F08D3F8785F8A
:1095300025F816800834C51FD3F87C0FFF2812DCED
:10954000A346DBED003A23EEA44A461CFDEEC47AA6
:10955000C3F87C6F17EE906A06F30F0AD3F8786FA2
:1095600026F810A00834681E002D7FF443AF74E67F
:10957000FA0003D0DDE90201EFF7DCFED4F8682E33
:109580001FEDBA3A5FEDBA5A5FEDBA3A04EB8209C1
:109590000AF5F56109F6344C0B68CCF800300AF294
:1095A000A47B09F63C48DBF80060C8F8006004F5CD
:1095B000BD5595ED004A9AF8C517B4F8803C64EEA5
:1095C000047AF6EE002A27EEA27AF7EE044A67EE56
:1095D000070AB7EE006AE0EE835A0AF5F76204F56F
:1095E000BE5EF0EE461AE0EEA53A04F60440DEF860
:1095F00000E092ED002AA4F8823C27EE231A36EE12
:10960000440A71EE246AB4EEE22AE1EE261A04F668
:10961000346CA4F8801CF1EE10FA86EE215A8CED21
:10962000001ACCED014A8CED025AC0F860E080EDE2
:109630001D0A80ED1E0AC0F2FC8432EE623AB4EEDE
:10964000622A73EE035AF1EE10FAC0ED195A00F0D7
:10965000F284DFEDD22A9AF8C457B4F8842CC0ED16
:109660001A2A0AF2BC7B9BED000AA4F8862CB7EEFE
:10967000006AB6EE004AF0EE467AE0EE447AA4F8CC
:10968000845C09F654440AF2B478C4ED007A98ED8B
:10969000007A67EE070A09F65C4E20EE871A0AF593
:1096A000F6618EED001AD1ED006AF4EEC46AF1EEB7
:1096B00010FA76EEC41A40F18584B0EE004AA1EEAD
:1096C000846A09F6444BB64E9FEDB60ADFEDB67AD2
:1096D000CBF80060E6EE007A09F64C4527EEA76A63
:1096E00085ED006A0AF2AC7ADAED000A9FEDAF7AF6
:1096F0009FEDAF1ADFEDA91A029970EEC76AB3EEBB
:10970000042A26EE815A09F62C49B4EEE15AF1EE0C
:1097100010FAB8BFB0EE615A25EE053A3A4663EE4C
:10972000055A65EEA52A62EEA53A63EEA34A24EE39
:10973000824A24EE230A89ED000AF3F77BFD19B073
:10974000BDE8F08FD3F87C5F55B9D3F8744F072C80
:1097500006DDD3F8700FA0EB0C0A5445C0F2F58279
:109760000CF1FF30BCF1000F3FF478ADC407164692
:109770007ED552ED027AC5B16E1EC6F5807BD3F858
:10978000785FC3F87C6F35F91B8006EE908A07EE90
:10979000106AB8EEE61AB0EE675A91EE255AB8EEA6
:1097A000C70A60EE060AE0EE857AD3F8745FD3F854
:1097B00060AFFEEEE87A072D17EE904A04F30F062D
:1097C0000FFA86FB2AF815B004DCD3F8704F2C444E
:1097D0002AF814B0D3F8706F0135B542A8BF0D4612
:1097E000C3F8745F0138D3F87C5F02F108063FE0EC
:1097F000D3F87C0F16ED020AC0B1441EC4F5807583
:10980000D3F8780FC3F87C4F07EE104A30F91540B3
:1098100006EE904AF8EEE61AB0EE405A91EEA55ADE
:10982000F8EEC70A20EE861AA1EE050AD3F8744FA7
:10983000D3F860AFBEEEE80A072C10EE105A05F31D
:109840000F000FFA80F82AF8148004DCD3F8705F58
:1098500025442AF81580651CD3F8704FA542A8BF8F
:109860000D46C3F8745FD3F87C5F0BF1FF30083608
:1098700056ED021AC5B1013DD3F8784FC3F87C5FAD
:10988000C5F5807802EE105A34F9185003EE905A5C
:10989000B8EEE34AF0EE617AD4EE257AF8EEC22A09
:1098A00022EE863AE3EE271AD3F8744FD3F860AF6E
:1098B000FEEEE81A072C11EE90BA0BF30F050FFA23
:1098C00085F82AF8148004DCD3F8705F25442AF860
:1098D0001580D3F8705F0134AC42A8BF0C4608363F
:1098E000C3F8744F00F1FF3B002881D1B5E40CF1BF
:1098F000FF35BCF1000F3FF4B1AC164641F6DF78FE
:10990000D3F83C0F56ED022AC0B1441E03EE104AB4
:10991000C3F83C4FD3F8380FC4F58074B0EE627AC8
:1099200030F914B007EE90BAB8EEE70AF8EEC33A91
:1099300090EE257A23EE864AE4EE072AFEEEE82A28
:1099400012EE90AA0AF30F0040F38D000028BABF70
:1099500040427F244FF0FF344045A8BF40462130AD
:1099600080B23F282CD97F280FFA80FB5AD9BBF14F
:10997000FF0F5CDDBBF5007F5EDBBBF5806F60DB5E
:10998000BBF5006F62DBBBF5805F68DBBBF5005F9A
:109990006AD04FF0080B4FF0700A15E0000000008D
:1099A0006F12833A1F856B3F0AD7A33DCDCC4C3D48
:1099B000E4388E3F0AD7233CA4707D3F320C433CF1
:1099C0004FF0010B4FF0000A40FA0BF000F00F0BC4
:1099D0004AEA0B0084EA000AD3F8244FD3F8340F84
:1099E00004F800A0D3F8344F072C0BDCD3F8240F75
:1099F00010F904A000EB040BD3F8304F0BF804A0CF
:109A0000D3F8344FD3F8300F0134844205F1FF35D9
:109A1000A8BF0C46681C06F10806C3F8344F7FF453
:109A20006FAF1AE44FF0020B4FF0100ACCE74FF083
:109A3000030B4FF0200AC7E74FF0040B4FF0300A3A
:109A4000C2E74FF0050B4FF0400ABDE74FF0060BA1
:109A50004FF0500AB8E70125A846FFF77EBA4FF04D
:109A6000070B4FF0600AAFE784F07F0AB4E7A04627
:109A7000D8ED006A66EEA41A461CBDEEE15AC3F8A2
:109A80007C6F15EE106A06F30F0BD3F8786F08346D
:109A900026F810B092E4A246DAED006A66EEA41A47
:109AA000461CBDEEE15AC3F83C6F15EE106A06F392
:109AB0000F08D3F8386F083426F81080FFF7F4BA8F
:109AC0000AF2A47292ED005A1FED460A5FED463A83
:109AD0001FED466AF6EE002A75EE624A0AF2AC798C
:109AE000D9ED001A64EEA40AB1EE004A60EE847A61
:109AF00031EEE22AB0EE621AF0EE406AA7EEA41A46
:109B00000AF5F6630AF5FB68E1EEA36A1E68C8F879
:109B1000006022EE023A0AF2DC7EB4EEC63A0AF2A5
:109B2000E475F1EE10FACEED006A85ED001A00F151
:109B30008A82B5EE007AB4EEC73AF1EE10FA40F33D
:109B40003583F7EE002A80E24022002108A8EEF7D4
:109B50001FFB94F8D438DA4807904FF07C524FF04E
:109B60007E510A920B91002B00F05A8204F5BD5EE3
:109B7000DEED000A257A9AF8C567CDED060A8DF864
:109B80003D600097002D40F04282029B06AA04F53A
:109B9000766104F66800FEF785FE0AF5F56BDBEDED
:109BA000004A9FEDC81AC848C84ADFEDC96A9FED50
:109BB000C92A9FEDC93ADFEDC95ADFEDC92A34EE53
:109BC000814A0AF5F76CBDEEC45A0AF2A47EF8EE9B
:109BD000C53A15EE109A34EE630ADCED001A9EEDDC
:109BE000001ABEEECC0AB6EE007A10EE103A02EB86
:109BF000890100EB830804F5BE50A1EE872A0AF222
:109C0000BC76A1EE263A3568D0ED001A91ED006AD7
:109C1000D8ED007A04F6E42067EE860A61EEA56AC4
:109C2000F4EEE24AF1EE10FA80ED0C2A856480ED44
:109C30000F3AC0ED116AC0ED190AC0F21F819FED05
:109C4000A92AF4EEC24AF1EE10FA00F197829FEDD4
:109C5000A63AF4EEC34AF1EE10FAC0F2AE829FEDDE
:109C6000A37AF4EEC74AF1EE10FA40F1078174EEE0
:109C7000C72AB0EE044AF7EE005AE2EE845AFFE03B
:109C8000227A0097002A40F04482029B04F5BD52DC
:109C900004F5766104F66800FEF704FE4FE5237ACA
:109CA0000097002B40F0A881029B04F5BD5204F5FB
:109CB000766104F6D800FDF79DF840E50AF2AC7C29
:109CC0009CED004A9FED8A0AF6EE003AB4EEE34AB4
:109CD000F1EE10FAB4EEC04A4CBF4FF0010C4FF059
:109CE000000CF1EE10FA8AF8D4C7C0F2238174EEAA
:109CF000407A9FED821A67EE811A0AF5F965C5ED83
:109D0000001A0AF5F661D1ED006A207AB6EE082A4B
:109D1000F4EEC26AF1EE10FA46BF9FED762A66EEC7
:109D2000826AF7EE006A0AF2CC7ACAED006A0097FE
:109D3000002840F0BB80029B04F5BD5204F576611B
:109D400004F14C00FAF76AF9F9E4BCF1000F3FF4B2
:109D500085AA1CF0030604EB0C0A15463DD0012E23
:109D600026D0022E12D012ED022AD3F8600F62EE36
:109D7000242A02F10805BDEEE23A13EE10BA0BF305
:109D80000F0820F814800134C3F8744F55ED023ADF
:109D9000D3F8600F23EEA44A0835FDEEC47A17EE1F
:109DA000906A06F30F0B20F814B00134C3F8744F17
:109DB00015ED020AD3F8600F20EE247A0835FDEE87
:109DC000C70A10EE908A08F30F0620F814600134D9
:109DD0005445C3F8744F3FF440AACB460592504611
:109DE00015ED021A61EE246A04F10108FDEEE61A8F
:109DF000E61C11EE902A02F30F09D3F8602F22F827
:109E00001490C3F8748F95ED005A25EE242A04F1BE
:109E10000209FDEEC22A043412EE902A02F30F0A60
:109E2000D3F8602F22F818A0C3F8749F95ED023A7A
:109E300063EE243A8442BDEEE34A05F1200514EEB8
:109E4000102A02F30F08D3F8602F22F81980C3F804
:109E5000746F55ED047A27EEA40ABDEEC07A17EEB2
:109E6000102A02F30F09D3F8602F22F81690C3F8D6
:109E7000744FB5D1059AD946FFF7EFB9F7EE005AFE
:109E80009AF8C447C0ED135A002C66D000214FF059
:109E90007E5B8162C0F82CB0C0F834B08163029957
:109EA0003A46F4F7C7FF19B0BDE8F08F029B04F5FE
:109EB000BD5204F5726104F14C00F7F779FF3EE4FE
:109EC000CDCCCC3D00000043780702087C0B020893
:109ED000D7A3703F9A99993ECDCC4C3D0000964354
:109EE000333333BF999999BE9999993E3333333FB0
:109EF00014AE073FBE9FAA3FD7A3F03E14AE074063
:109F0000CECCCC3B6666A63F8FC2F53C6666E63F8C
:109F10007A146E3FCDCC2C409A99193F6F12833A38
:109F2000CDCCCC3E0AD7233C66668640CDCC4CBD1A
:109F3000000000001FED106AB4EEC64AF1EE10FA00
:109F400000F22E8136EE445A5FED144A65EE240A83
:109F50000AF5F969C9ED000AD3E61FED176A1FED8E
:109F6000171A0AF2AC7CF0EEE44ADCED000A64EE6B
:109F7000867A0AF5F66ADAED001AE0EE817AF6EEF4
:109F8000006AF4EEE61AF1EE10FAC0ED0A6AC0EDCE
:109F90000B7A46BF5FED246A5FED247A5FED246A99
:109FA000B6EE002AF4EEC21A48BFE1EEA76AF1EE5F
:109FB00010FA00F3EC801FED253AC0ED0D6A80ED3C
:109FC0000E3A6CE71FED2D5A1FED2D2A5FED2D5A2D
:109FD00021EE853A09F64C4363EE032A09F6444C18
:109FE00062EEA23A83ED006A63EEA34AE4EE825A7F
:109FF000CCED005AFFF776BB029B04F5BD5204F589
:10A00000726104F6D800FCF7E3F8FFF798BB029BF7
:10A0100006AA04F5726104F66800FDF7C5FEBCE50A
:10A0200004F5BD58D8ED007AB5EE006A67EE860AF1
:10A03000A0E500264666F6EE003A73EEC24A74EEDC
:10A04000A42AFFF708BB5FED462A04F5BF50C0ED18
:10A05000002A04F5BD5104F60C10DDE90232009728
:10A0600006F090FA6468012C7FF469AB002F3FF48E
:10A0700066ABF900A1F10802D608029B013616F082
:10A08000070503EBC7072BD0012D21D0022D1AD0D5
:10A09000032D13D0042D0CD0052D07D0062D02D092
:10A0A0001868586008331C685C6008331968596088
:10A0B0000833D3F800C0C3F804C00833D3F800A0B5
:10A0C000C3F804A00833D3F800B0C3F804B00833D1
:10A0D000D3F80090C3F8049008339F423FF42FABAD
:10A0E0001A689E681D699C69196AD3F82880186BE4
:10A0F000D3F838E05A60DE605D61DC615962C3F814
:10A100002C805863C3F83CE040339F42E8D1FFF70E
:10A1100016BB029B04F5BD5204F5726104F668009B
:10A12000FDF742FEFFF70BBBA046D8ED002A22EE5A
:10A13000A43A461CFDEEC33AC3F87C6F13EE906A56
:10A1400006F30F0BD3F8786F083426F810B0FFF73A
:10A15000FFB8A246DAED002A22EEA43A461CFDEE34
:10A16000C33AC3F83C6F13EE906A06F30F08D3F8B6
:10A17000386F083426F81080FEF760BF32EEE40A2C
:10A18000F0EE043AF7EE005AE0EE235A78E631EEAC
:10A19000C27A5FED9D5A1FED9D3AA7EE253A0CE776
:10A1A0000AF5F96B0026CBF80060AAE55FEDA25A2C
:10A1B0005FEDA22AE3EE252A47E75FEDA35A5FE6AB
:10A1C0002DE9F04F2DED068B8BB0CDE90032837A6F
:10A1D0000391002B40F09D810446407A002840F016
:10A1E0008881E17A002940F0848194F800806278C7
:10A1F000424540F07E81009D002D00F09E80009F32
:10A20000039A9FEDCC7ABE00331F9808013004F505
:10A210007A6110F00305134602EB87090A4633D032
:10A22000012D18D0022D41F07786B3F90000B3F963
:10A23000025002EE900A04EE105AB8EEE23AF8EE3E
:10A24000C44A63EE073A24EE875AC2ED003A82ED23
:10A25000015A04330832B3F90070B3F902A005EED5
:10A26000907A08EE90AAB8EEE56AB8EEE89A26EE83
:10A27000078A69EE079A0433994582ED008AC2ED98
:10A28000019A02F1080254D0B3F900B0B3F902C048
:10A29000B3F904E0B3F90660B3F90800B3F90A5062
:10A2A000B3F90C70B3F90EA00AEE10BAF8EECAAA10
:10A2B00000EE10CA6AEE877A01EE90EA03EE106AA9
:10A2C00004EE900A06EE105A09EE107A0AEE90AAF1
:10A2D000F8EEC99AC2ED007AF8EEC00AB8EEE12AAB
:10A2E000F8EEC33AB8EEE45AB8EEC68AF8EEEA7A67
:10A2F00029EE87AA20EE871A62EE072A23EE874A04
:10A3000065EE075A68EE078A67EE879A103399451B
:10A3100082ED011AC2ED022A82ED034AC2ED045A0F
:10A32000C2ED058A82ED06AAC2ED079A02F120026B
:10A33000AAD16368012B01F0008504F580500490D8
:10A34000049DA8F10406012E05F2BC7898ED008A60
:10A3500040F21C850498DFED78AA90F8C46794F861
:10A3600008A0DFED767A9FED761ADFED761A9FED85
:10A37000762A9FED763ADFED763A9FED765A94EDA8
:10A38000037ADFED752A009B68EE086AB3EE040AD3
:10A39000A6EEAA0A002E04F6A869F7EE000A18BF76
:10A3A000F0EE607ABAF1000F14BFF0EE614AF0EE01
:10A3B000414AC0EE245A04F6BC6E04F59555089542
:10A3C000B0EE636A65EEA58AF0EE609AA8EE823A76
:10A3D00037EEC74AA8EE836AA4EE227A65EE865A63
:10A3E00084ED037A35EE859A99ED036A99ED04AA16
:10A3F000C9ED005AE5EE899A89ED015AC0EEA97AB5
:10A40000C9ED027ACEED005A8EED015ACEED027AF8
:10A41000002B01F0178641F2A82202EBC30CA444E2
:10A420002244ACEB020BABF1080717F0180F4FEA10
:10A43000C305C7F3C10000F0F08052ED026AE6EEFA
:10A44000456A012802F1080275EEA5AA36EECA5A3D
:10A45000A6EE655A25EE270AA0EE256A02ED040A4B
:10A46000F0EE460AA0EEAAAAA0EE256A99ED015ADE
:10A47000D9ED027AD9ED005A00F0CF8002281AD027
:10A4800012ED021AA6EE451A083275EEA51A31EE43
:10A490004A2AA6EE652A22EE273AA3EE256A02EDA5
:10A4A000043AA6EE21AA99ED015AD9ED027AA3EE5B
:10A4B000256AD9ED005A52ED023AE6EE453A0832E5
:10A4C00075EEA52A33EECA7AA6EE657A27EE274AFC
:10A4D000A4EE256A02ED044AF0EE464AA4EEA2AAD2
:10A4E000A4EE256A99ED015AD9ED027AD9ED005A08
:10A4F00093E0DDE9005303EB85079F420CD0FA1A85
:10A50000002118460BB0BDEC068BBDE8F04FEDF70F
:10A510003FBE009A920004D10BB0BDEC068BBDE8A3
:10A52000F08F01980BB0BDEC068BBDE8F04FEEF755
:10A5300001BF00BF000000380000C842000000005A
:10A540000000FA4600007A4649265F428FBA214150
:10A55000DB0F4940ABAAAA3F6F12033A3333B33F34
:10A56000D9ED016A51ED029A99ED001A99ED026A4E
:10A5700091ED003AEAEEE69A083671EE012A79EE9C
:10A58000CA4AEAEEC14A24EE869AE9EE01AA01ED32
:10A59000029AF0EE6A0AE9EE010AD9ED013A99ED64
:10A5A000002A99ED025AAAEEA2AAA0EEE33A72EEB0
:10A5B000021A33EE4A4AA0EEC24A24EE050AE0EE41
:10A5C000020A06ED020AF0EE608AE0EE028AD9ED98
:10A5D000015A53ED027AD9ED006A99ED027AE8EE5C
:10A5E000E57AA0EEA1AAF0EE684A37EECA1A76EE36
:10A5F000A69AA8EEE61A61EE072AE2EEA64A43ED15
:10A60000022AB0EE646AA2EEA66AA4EEA9AA99EDA7
:10A61000015AD9ED005AD9ED027A52ED028AE6EEDE
:10A62000458A02F108018C4535EEA59A78EECA9A62
:10A6300002F11803E6EE659A0E4602F1200269EE79
:10A64000A76AA6EEA56A42ED0A6AF0EE46AAE6EE11
:10A65000A5AAA6EE09AA83D141F2AC22AF182744DD
:10A660002244B81AA0F10803D9080131C9ED03AAA0
:10A6700089ED04AA11F00306DEED035A9EED04AA4B
:10A6800062D0012E3FD0022E1ED012ED020A9EEDA6
:10A69000016ADEED000A9EED021AA5EEC60A083236
:10A6A000F0EE653A30EE4A2A70EEA01AA5EEE02AE6
:10A6B00022EE013AE0EE833A02ED043AF0EE635AFC
:10A6C000E0EE835AA3EEA1AA083252ED042A9EEDD1
:10A6D000017A9EED004ADEED024AE5EEC72AB0EEB1
:10A6E000659A72EECA7A34EE045AE5EEC47A67EEE1
:10A6F000A48AA4EE289A42ED048AF0EE495AE4EEC8
:10A70000285AA9EE05AA083252ED049ADEED01AAF4
:10A71000DEED006A9EED020AE5EEEA9AF0EE651AB9
:10A7200039EECA6A76EEA60AA5EEE66A26EE001AA9
:10A73000E6EE811A02ED041AF0EE615A9742E6EE57
:10A74000815AA1EEA0AA76D012ED022A9EED013A1E
:10A75000DEED003ADEED022AD2ED007AA5EEC32A44
:10A760001046083033EEA37A32EE4A4A8046A5EE10
:10A77000E34A203264EE224AE3EEA45A42ED0A4A4A
:10A78000B0EE659AA3EEA49ADEED018A9EED005A22
:10A79000DEED029AA5EE87AAE9EE687A75EE05AAC3
:10A7A00077EECA6AE9EE456A26EEA90AA5EE009A96
:10A7B00000ED020AF0EE490AA5EE009A08309EED7F
:10A7C000016A98ED001ADEED001ADEED025AA0EEE5
:10A7D000AAAAA9EE461A31EEA12A31EE4A3AA9EE0A
:10A7E000613A63EE253AA1EEA39A40ED023AF0EE0B
:10A7F000492AA1EEA39A12ED044A9EED017ADEEDFC
:10A80000004ADEED028AA2EE82AAA9EE474A34EEA1
:10A81000A45A74EE4A9AE9EE649A69EEA8AAA4EEE4
:10A82000AA9A42ED04AAF0EE495A9742E4EEAA5AD7
:10A83000A9EE05AA88D194ED039A1FEDB81A8EED02
:10A8400004AAF7EE006AF0EE007A36EEC90A77EE57
:10A85000C80A05F57A6720EE206A04F57A61274474
:10A8600066EE084A7D1A2D0724EE81AACEED035A22
:10A87000B3EE0B4AF2EE023A0A4637D5D1ED001A92
:10A88000D1ED015A91EDC02AD1EDC12AB0EE613A65
:10A89000F0EE658AA2EE0A3A04F6A8729742E2EE5A
:10A8A0008A8A23EE035A28EEA87AF0EE449AF0EE54
:10A8B00044AAE5EE239AE7EE23AA35EE049A77EE52
:10A8C000047A69EE036A27EEA80AC6EEA90A80EEAA
:10A8D0002A6A30EEE11A36EE652AE1EE241AE2EE3B
:10A8E000245AC1ED001AC1ED015A6AD0D2ED008A96
:10A8F000D2EDC01AD2ED015A92EDC15AD2ED029AB0
:10A90000F0EE682AE1EE8A2A1032B0EE449A62EE46
:10A91000A2AAB0EE653AAAEEA39A7AEE846AA5EEF0
:10A920000A3A66EEA20A23EE037A80EE891AF0EE66
:10A93000447AE7EE237A37EE040A71EE681A20EEC5
:10A94000036AE1EEA48A86EE272A42ED048AD2ED5C
:10A95000BE8AD2EDBF6A32EE655AF0EE692AE8EEA1
:10A960008A2AE5EE245A22EEA23A42ED035AF0EE8C
:10A97000445AE3EE235A73EE04AAB0EE441A2AEEC8
:10A98000A27A87EE259A79EE697AE7EEA49A42EDEB
:10A99000029A52ED019AB0EE690AA6EE8A0A60EEBA
:10A9A000000AA0EEA31A30EE846A26EE002AC2EE58
:10A9B000011A31EEE95AE5EE249A42ED019A9742E6
:10A9C00094D1BAF1000F00F0EA81049B0A4604F525
:10A9D000BF5E0099D3F86C5B0EF108094FEA510B8A
:10A9E00004F5855A09F1B40CDDF8008010320AF143
:10A9F00008074646A2F11000D0E900010CEBC50E95
:10AA00000EF5B473CEE90001C3E90001B5F1010808
:10AA100048BF05F12C0812E903000CEBC80303F54D
:10AA2000B4754FEAC80E83E8030085E80300B8F167
:10AA3000010554BFAEF1080E0EF5B07E0EF108010F
:10AA40009FEDCFAA614401F1080301F5B87E48BF2C
:10AA500008F12C05F0EE4AAA023E49460846F0EC01
:10AA6000012A13ED027A53ED018A91ED013AD3EDFB
:10AA7000001A93ED019AD0ED013A91ED034AD1ED20
:10AA8000044AD1ED057AD1ED065AD3ED0B9A91ED3A
:10AA9000070AD3ED0C0A93ED0D1AD1ED086A93ED78
:10AAA0000E6A93ED0F2AE2EE87AA18464833A2EE0B
:10AAB000A8AA08302431E3EE21AAA3EE09AA90ED5A
:10AAC000005A90ED017A53ED0E8A13ED0D3A53EDD5
:10AAD0000B2AE3EE85AAA3EE87AAE4EE28AAA4EE49
:10AAE00003AA13ED0C4A53ED093AE4EE84AAA4EE4E
:10AAF000A2AA53ED0A4AA7EEA3AAE7EEA4AA53ED31
:10AB0000087AA5EEA9AA9E45E5EEA7AAA0EE01AA9D
:10AB1000E0EE20AAA6EE82AAE6EE86AA9ED147ED36
:10AB200002AA07ED01AA10320837002E7FF462AFA7
:10AB3000049F04F58956C7F86C5B324651465B4664
:10AB4000204604F5DB55FEF7EDF9103504F58D527E
:10AB50000795D7F8F48E0592B435BBF1000F01F0DC
:10AB600035820BF58D7304EB031106919146AE46C9
:10AB70000994083616E903000EEBC80A0AF5B47406
:10AB8000B8F1010CCAE900014FEAC80B84E80300E0
:10AB900001F12182ABF10800E04608307044079FC4
:10ABA00000F1080B09F108044FF0000A1030CAF157
:10ABB0002C056A0800EBC205A5EB0B03A3F1080105
:10ABC000C908DFED6FAA013111F00701B0EE6A7A12
:10ABD0005B463A4669D0012957D0022948D003295B
:10ABE00039D004292AD005291BD006290CD0D7ED4D
:10ABF000009A1BED02AA5BED015AA9EE8A7A08328F
:10AC00000BF10803E9EEA5AA1146083391ED000AFD
:10AC100053ED040A13ED031AA0EE207A0832E0EE99
:10AC200001AA94460833DCED006A13ED042A13ED03
:10AC3000036AA6EE827A0832E6EE86AA1146083347
:10AC4000D1ED001A13ED049A13ED035AA1EE897A9F
:10AC50000832E1EE85AA94460833DCED008A13ED54
:10AC6000043A13ED034AA8EE837A0832E8EE84AA88
:10AC700011460833D1ED002A53ED044A53ED033A4F
:10AC8000A2EEA47A0832E2EEA3AA9446083313EDAA
:10AC900004AA53ED035ADCED007A9D42A7EE8A7AAE
:10ACA00002F10802E7EEA5AA58D00290944653EDAF
:10ACB000019A13ED02AADCED006A92ED026AD3ED6F
:10ACC000005AD2ED063A93ED049A92ED084A93EDBC
:10ACD000060AD3ED078AD2ED0A4A93ED081AD3ED9E
:10ACE000090A92ED0C5A93ED0A2AD3ED0B1AD2ED14
:10ACF0000E7A93ED0C3AD3ED0D2A1946A6EE8A7A18
:10AD000040330831E6EEA9AA403251ED019ADCED5C
:10AD1000046A91ED01AAA6EE257AE6EE29AA91ED44
:10AD2000006A53ED0B5AE6EE8AAA9D42A6EE867A99
:10AD3000E3EEA5AAA3EE897AE4EE28AAA4EE007AAF
:10AD4000E4EEA0AAA4EE817AE5EE21AAA5EE027AAD
:10AD5000E7EEA2AAA7EE837AA8D1029837EE077A87
:10AD60007AEEAAAA04ED027A44ED01AA0437083467
:10AD7000BAF1000F41F023814FF0010A17E700BF3D
:10AD8000000000000000004300E0EF44237A04F5D7
:10AD900095520892002B41F0D98004F57A6104F5B0
:10ADA0008D52009B05922046FEF7BCF82578EA1EDE
:10ADB000022A40F2F380049B03F5F66EDEED003AC2
:10ADC000002D01F09980049D05F2AC7898ED004AC1
:10ADD000009A059904F6742080ED0A4AF1F736FDD1
:10ADE0002578022D40F0DA80049991F8C40720B14B
:10ADF00094F8F468002E00F0E582049F1FED1F1AFE
:10AE00005FED1F0AAA4AAB499FEDAB2ADFEDAB1AF3
:10AE100007F5F56BDBED007A77EE814A07F2A47C4B
:10AE2000BDEEE43ADCED009A04F5676AB8EEC35A69
:10AE30009AED0CAA69EEA96A74EEC52A71EE4A5A17
:10AE400026EEA06AFEEECC2AE9EE865A12EE909A21
:10AE500013EE100A02EB890301EB800EA5EE82AA25
:10AE600093ED007ADEED00AA8AED0CAA67EE2A3A8D
:10AE7000F4EEE17AF1EE10FACAED0B3AC1F2CE80AF
:10AE80009FED8F9AF4EEC97AF1EE10FA41F1EE805F
:10AE900071EEE71AB0EE042AF7EE008AE1EE828A3C
:10AEA000009BCAED0D8A03F1FF3B002B01F01281DC
:10AEB00013F00705059F41D0012D34D0022D2BD072
:10AEC000032D22D0042D19D0052D10D0062D07D02A
:10AED000059F50463946F1F7A5FD0BF1FF3B0837BA
:10AEE000394650460BF1FF3B0837F1F79BFD3946D9
:10AEF00050460BF1FF3B0837F1F794FD39465046B9
:10AF00000BF1FF3B0837F1F78DFD394650460BF149
:10AF1000FF3B0837F1F786FD394650460BF1FF3B02
:10AF20000837F1F77FFD39460BF1FF3B5046F1F74B
:10AF300079FD1BF1010307F108072ED0394607F10F
:10AF400008095046F1F76EFD49465046F1F76AFD93
:10AF500007F110015046F1F765FD07F11801504661
:10AF6000F1F760FD07F120015046F1F75BFD07F1B5
:10AF700028015046F1F756FD07F130015046F1F730
:10AF800051FDABF1080B07F138015046F1F74AFDCE
:10AF90001BF1010107F14007D0D125786A1E012A73
:10AFA00040F210820099059B01F50D7004EBC0067C
:10AFB0009E4204D0F21A08980599EEF7BBF9052DC8
:10AFC00000F04C810499D4ED046A9DED009A009F35
:10AFD00001F2B479D9ED003AB8EEC96A33EEE65A17
:10AFE00085EE06AA002F00F0108104F58D5304337E
:10AFF000009A0399334E3448DDF8148001EB820B3C
:10B00000D207DFED329ADFED328AB3EE001A69D54E
:10B0100076EE8A6AB1F9027053ED014A26EE817A22
:10B0200007EE907AFDEEC7AA31F9047B1AEE908AFA
:10B030004FEA880A0AF1040906EB090206EB880CBC
:10B04000DCED005A92ED002A059AF8EEEA1A32EE8B
:10B05000654A37EE613A824481449AED000AD9ED9F
:10B06000002AE3EE045A8B4503F1080372EEC03A5E
:10B0700025EEA85AA3EE830A02F1080825EE246AF9
:10B0800004EE907A20EE299AB8EEE47AF8EEE70A18
:10B09000A7EE096A03ED036AD2ED017A65EE27AAED
:10B0A000E0EE89AAC2ED01AA00F0AF801AE000BF6D
:10B0B000780702087C0B0208CDCC4C3D333333BFFC
:10B0C000999999BE844F0208C84F020800000038C1
:10B0D0009A99993FAE47213F3333B33EA470BD3EAA
:10B0E0009A99193F0F4676EE8A6AB7F9049053EDA4
:10B0F000010A66EE811A76EE8A6AFDEEE15A26EEC4
:10B10000813A15EE902A910001F1040A06EB820EB5
:10B1100006EB0A0CDEED003A9CED002AB7F902209E
:10B12000B8EEE50A0144824491ED005ADAED002AB6
:10B1300037F9041B31EEC04A32EE639A32EEC56A2B
:10B14000E4EE093A03F1080E0437A6EE045A08F1BA
:10B15000100863EEA84A05EE901A25EE297A64EEEF
:10B16000A07AB8EEE54A0AEE902AE4EE077AF8EE05
:10B17000EA0A43ED017A58ED033A24EEA35AFDEEB4
:10B18000C32AA0EE875AB8EEE29A08ED035A93ED6F
:10B19000012A12EE903A9A0006EB830A131DF11869
:10B1A0009AED006A91ED007A02440344D2ED004A20
:10B1B000D3ED007A37F9022C33EE493A77EE46AAFE
:10B1C00077EEE40AA3EE2A6ABB450EF1080301EE0E
:10B1D000909AE0EE834AB8EEE10A66EE281A24EE71
:10B1E000A94A61EE823AE0EE043A00EE102A4EEDF2
:10B1F000013A18ED015AF8EEC05A21EE852AA5EE63
:10B20000842A08ED012A7FF46EAF043D012DC4EDC0
:10B21000046A23D904F5BE5696ED00AA5FED539A51
:10B220005FED538A1FED531A5FED536A624F009A28
:10B230000599E8EE016A04F52A60604C9FED608A8A
:10B240004763EAEE298AC4626AEE082AC0ED0C8AD6
:10B25000C0ED0A2AC0ED0E6AF1F7CEFD0099002973
:10B260003FF45AA90198059BCA0700EB8105B6EE89
:10B27000009AF3EE0BAAB2EE023A35D593ED006ACE
:10B28000D3ED014A66EE090A64EE891A20EEA07A2F
:10B2900061EEA17AB0EE6A4AF0EE6A3AA7EE034A8E
:10B2A0000430A842E7EE833A03F1080337EE2A0A96
:10B2B00077EEAA5A20EE205A25EEA12A85EE04AA9E
:10B2C000C2EE239ABEEEE8AAFEEEE89A1AEE10BA93
:10B2D0000BF30F0619EE908A08F30F0C20F8046C9C
:10B2E00020F802CC3FF418A9D3ED008A93ED011A9F
:10B2F000D3ED026A93ED038A68EE892A61EE094A6A
:10B3000026EE894A68EE093A22EEA26A24EEA40AE1
:10B3100024EE047AF0EE6A0AB0EE6A5AF0EE6A1A87
:10B3200063EEA37AE6EE030A071D083076EE2A5A8A
:10B33000A0EE035A1033E7EE031A30EE2AAA77EE96
:10B340002A9AB0EE6A2A25EEA21A6AEE246A29EE3B
:10B35000848AA7EE832A77EEAA8AC1EE204A68EE95
:10B36000A32A86EE854AC8EE213A82EE826AFEEE74
:10B37000E84ABEEEE84AFEEEE83A14EE909A09F387
:10B380000F0A14EE102A02F30F0413EE901A01F3C1
:10B390000F06BEEEE86A20F808AC20F8064C20F84C
:10B3A000046CA84216EE10BA0BF30F08A7F802803F
:10B3B0009AD1FFF7B1B800BF3333333FCDCC4C3E09
:10B3C000713D0A3F009F8C4A8C497E1E049800F50F
:10B3D000F66CDCED007AF6EE004AF4EEE47AF1EE7B
:10B3E00010FA00F1C785B7EE003A37EEC35ADFED29
:10B3F000842ADFED849AD1ED806A92ED006AE5EE51
:10B40000229A26EE86AABDEEE97A6AEE245AF8EE72
:10B41000C7AA17EE107A79EEEA6AF0EE663AFEEE07
:10B42000CC3A13EE90AA01EB870102EB8A02D1ED30
:10B43000004AD2ED007AF5EEC05A64EEA72AB5EEC6
:10B44000003AF1EE10FA62EE839A00F1CA859FEDA0
:10B450006E5AB4EEC5AAF1EE10FA00F3ED8525EEB2
:10B46000A56A9FED6AAADFED6AAADFED6A6A9FED21
:10B470006B7AE6EE0AAAF7EE003AE6EE2A6AB0EE3A
:10B48000630A65EEA65A35EE879AA5EE890A83EE21
:10B49000804AF5EEC09AF1EE10FA00F1A885DFEDD2
:10B4A0005E8AF4EEE82AF1EE10FA00F3BF8529EE89
:10B4B000A91ADFED560A9FED562ADFED561ADFED89
:10B4C000574AA1EE202AB7EE003AE1EE021AF0EE5A
:10B4D000432A29EEA16A76EE247AE6EE272AC3EE05
:10B4E000226A009804F6F86C9FED4C3ADCED034AB2
:10B4F000DCED049ACCED005A8CED013A8CED024A59
:10B50000002800F0CB85059B03F1100B03F1080E1A
:10B510000BEBC608A8EB0E014FEAC609A1F108061D
:10B5200016F0180F7246C6F3C10000F0D5801EED6C
:10B5300002AAA4EEC3AA01280EF10802B0EE647AB2
:10B540003AEE695AA4EEE55A65EE25AAAAEE847A87
:10B55000E7EE259AF0EE474A4EED029AEAEE844A6B
:10B56000E7EE259A9CED013ADCED005A9CED024A8B
:10B5700000F0B28002281ED052ED023AE4EEC33A47
:10B580000832F0EE648A33EEE99AA4EEE59A29EEE9
:10B59000250AE0EE048AE8EEA59AF0EE684A42ED4C
:10B5A000049AE0EE044AE8EEA59A9CED013ADCED3F
:10B5B000005A9CED024A12ED021AA4EEC31A083298
:10B5C000F0EE641A71EE690AE4EEE50A20EEA52AAF
:10B5D000E2EE041AE1EEA59AF0EE614A42ED049A19
:10B5E000E2EE044AE1EEA59A9CED013ADCED005A48
:10B5F0009CED024A70E000BF780702087C0B02084D
:10B600000000584300000043EE7C7F3F49265F4224
:10B610008FBA2141DB0F4940EE7CFF3FE4388E3F7B
:10B62000DCED015A5AED028A9CED001ADCED022A8B
:10B630009AED003AE5EE658A0833203278EEE94A61
:10B64000E5EE414A64EE81AAAAEEA25AE5EE019A1D
:10B65000B0EE459AAAEEA29A4AED029ADCED013AC2
:10B66000DCED000A9CED022AA9EE633AE5EE019AB0
:10B6700033EE695AA9EE605A25EE204AA4EE029AEA
:10B68000E9EE209AF0EE497AA4EE029A43ED029A8E
:10B69000DCED011A17ED020A9CED00AADCED025A5E
:10B6A000E7EEA09AA9EE610A30EE697AA9EE4A7A2D
:10B6B00067EE0A8AA8EEA59AE9EE0A9AF0EE494AE0
:10B6C00047ED029AE9EE0A9AE8EEA54A9CED013AA6
:10B6D000DCED005A9CED024A52ED027AE4EEC37AA8
:10B6E00002F1080AD04502F1180777EEE92A53461D
:10B6F000E4EEE52A22EEA5AAEAEE044AE4EEA59AD3
:10B70000B0EE645A42ED029AAAEE045AE4EEA59A0B
:10B7100086D1CCED049A8CED035A9CED004ADCED09
:10B72000012ADCED023A04F58D5C0CF1140804F5F5
:10B730008D510C31C844A8EB0106A6F1080A04F6A5
:10B740000C7204F58D531AF0180FD2ED039AD2ED56
:10B7500004AA82ED004AC2ED012AC2ED023A03F1C9
:10B7600004030846CAF3C10700F0C18011ED027A54
:10B77000A9EEE27A012F01F1080037EE6A9AA9EEEC
:10B78000C49A29EE040AE0EE239AE9EE84AAF0EEC8
:10B79000698A41ED02AAE0EE239AE8EE84AAD2ED8E
:10B7A000012A92ED004AD2ED023A00F0A080022F69
:10B7B0001CD010ED021AA9EEE21A083071EE6A0AE6
:10B7C000E9EEC40A20EE842AE2EE239AE9EE84AA86
:10B7D000F0EE691A40ED04AAE2EE239AE1EE84AAA3
:10B7E000D2ED012A92ED004AD2ED023A10ED023A72
:10B7F000A9EEE23A083073EE6A4AE9EEC44A64EE12
:10B80000845AE5EEA39AE9EE84AAF0EE697A40ED57
:10B8100004AAE5EEA39AE7EE84AAD2ED012A92EDFE
:10B82000004AD2ED023A62E092ED010A16ED027A88
:10B8300092ED00AAD2ED029AA9EE407ABA460837F4
:10B84000203077EE6A5AE9EE4A5A65EE8A8AA8EE07
:10B85000A99AE9EE0AAAF0EE492AE8EEA92A46EDED
:10B8600002AAD2ED014AD2ED023AB0EE6A1ADAED3E
:10B8700000AAA9EE0A1AE2EEE4AA92ED009A3AEEC4
:10B88000C13AB0EE622AA2EEC93A63EE090AA0EE0E
:10B89000A32AA2EE091AB0EE425AA0EEA35A07ED6F
:10B8A000021A92ED014A5CED027AD2ED001A92ED95
:10B8B000020AE5EE447AA2EE091A37EEC17AA5EE45
:10B8C000617A27EE21AAAAEE005AA5EE211AF0EE1F
:10B8D000459AF0EE41AAEAEE009AE5EE21AA0CEDB7
:10B8E000021AD2ED012A92ED004AD2ED023A10ED91
:10B8F00002AAA9EEE2AA00F10806B04500F1180C70
:10B900003AEE6A5A3746A9EEC45A25EE047AE7EEB3
:10B91000239AE9EE84AAB0EE699A40ED02AAA7EE56
:10B92000239AE9EE84AA7FF47FAFCB44ABEB0E08F9
:10B930005FEDC69A82ED039AA8F1080AC2ED04AA47
:10B940001AF0180F04F56D62D2ED03AA92ED040A05
:10B9500082ED006AB0EE699AC2ED019AC2ED026A08
:10B96000CAF3C10000F0BD805EED028AEAEEE98A0A
:10B9700001280EF1080E36EE061A78EEC00AEAEE3D
:10B98000C60A20EEA62AE2EE06AA0EED042AF0EE82
:10B990006A1AA1EE210AE2EE06AA92ED019AD2ED10
:10B9A000026A92ED006A00F09C8002281BD01EED16
:10B9B000023AAAEEC93A0EF1080E76EE065A73EE76
:10B9C000404AEAEEC64A64EEA67AE7EE86AA4EED53
:10B9D000047AA5EEAA0A92ED019AD2ED026AE7EE88
:10B9E00086AA92ED006A5EED022AEAEEC92A0EF1FD
:10B9F000080E36EE064A72EEC03AEAEEC63A23EE7A
:10BA0000A6AAEAEE06AA0EED04AAB0EE6A5AA4EEC1
:10BA1000050AEAEE06AA92ED019AD2ED026A92EDCB
:10BA2000006A5EE092ED012A17ED020AD2ED007A7B
:10BA300092ED025AD7ED008AA0EEC20A083677EEE0
:10BA4000A71A30EE6A7AB0EE6A0AA0EEE77A27EE1D
:10BA500005AAEAEE270A07ED02AAB0EE601AAAEEDE
:10BA6000271AD2ED019AD2ED002AD2ED024AA1EEB8
:10BA7000A00AE1EE698A72EEA23A78EEC06AE1EEBF
:10BA8000626A26EEA49AA9EE221A06ED029AF0EE58
:10BA9000410AE9EE220AD2ED01AA1CED023A92ED2A
:10BAA000002A92ED026AA3EE810AA0EEEA3AF0EED5
:10BAB000601A73EE407A32EE024AE0EEC27A27EE66
:10BAC000865AE5EE021A0CED025AF0EE61AAE5EE96
:10BAD00002AAA4EE210A92ED019A92ED006AD2ED3B
:10BAE000026A1EED027AAAEEC97A0EF10807BB457A
:10BAF00076EE069A77EE408A0EF1180CEAEEC68AC8
:10BB00003E460EF1200E28EEA61AE1EE06AA0EED34
:10BB10000A1AA9EEAA0AF0EE6A0AE1EE060AF0EEA7
:10BB200040AA7FF47FAF09F110071F4482ED040A99
:10BB3000C2ED030AD2ED004A92ED011AD2ED027A6B
:10BB40007A1AA2F1080904F6E46B19F0180F9BEDBC
:10BB5000030A9BED042ACBED004A8BED011ACBEDD5
:10BB6000027AC9F3C10000F0B88051ED021AE0EE8C
:10BB7000411A012801F1080134EEA43A71EEC25ACB
:10BB8000E0EE645A65EEA72AA2EEA40A41ED042A6B
:10BB9000B0EE404AA3EE042AA2EEA40A9BED011ADD
:10BBA000DBED027ADBED004A00F0978002281AD024
:10BBB00051ED023AE0EE413A083134EEA4AA33EEF8
:10BBC000C25AA0EE645A25EE279AA9EE240A01ED86
:10BBD000049AAAEE002A9BED011ADBED027AA9EE87
:10BBE000240ADBED004A51ED026AE0EE416A0831B9
:10BBF00034EEA46A36EEC27AA0EE647A67EE279A33
:10BC0000A9EEA40A41ED049AF0EE408AA6EE282A95
:10BC1000A9EEA40A9BED011ADBED027ADBED004AE6
:10BC20005BE09BED019A5AED02AA9BED003A9BED79
:10BC3000020AE5EEC9AA3046083673EE030A3AEE68
:10BC4000C27AA5EEC37A67EE007AE7EE835A4AED30
:10BC5000027AB0EE655AE7EE835ADBED011A90EDF9
:10BC600000AADBED009ADBED028AA0EE852AA5EEA4
:10BC7000E1AA39EEA91A7AEE426AE5EEE96A66EEC1
:10BC8000A82AE2EEA95A46ED022AB0EE656AA2EEB3
:10BC9000A96ADBED014A58ED023A9BED009ADBED13
:10BCA00002AAA1EE252AE6EE643A39EE094A33EEFD
:10BCB000C23AA6EE493A63EE2A0AA0EE896A48ED36
:10BCC000020AB0EE460AA0EE890AA4EE062A9BED0F
:10BCD000011ADBED004ADBED027A51ED020AE0EEDB
:10BCE000410A01F1080A574574EEA4AA70EEC21A7F
:10BCF00001F11808E0EE641A564601F1200121EE28
:10BD0000A73AA3EE240A01ED0A3AF0EE405AE3EE18
:10BD1000245AAAEE802A84D100990598CBED035AC3
:10BD200001F50D7704EBC70282428BED042A00F087
:10BD30006481059BD21AFFF73EB9009A04EBC20951
:10BD400009F57A60461AA6F10805EA0808F1FF37F6
:10BD50000132FEB204F580573D4612F0030204970B
:10BD6000B7EE007A04F6A47705F5F76B00F0A28031
:10BD7000012A33D0022A18D0012E98BFDBED009A99
:10BD800091ED010A57ED010A86BFF6EE006AF0EE6A
:10BD9000669A77EE696A69EE809A0837E0EEA69AAD
:10BDA000083147ED039A41ED019A012E98BFDBED72
:10BDB000009A91ED011A57ED011A86BFF6EE006A5E
:10BDC000F0EE669A77EE696A69EE819A0837E1EEDD
:10BDD000A69A083147ED039A41ED019A012E98BFCA
:10BDE000DBED009A91ED012A57ED012A86BFF6EEB0
:10BDF000006AF0EE669A77EE696A69EE829A083117
:10BE0000E2EEA69A083747ED039A41ED019A88427F
:10BE100050D1FEF795BAF6EE006AF0EE664A93ED61
:10BE2000015A5AED015A24EE858A012EA5EEA68A02
:10BE300003F108010AF1080C88BFF6EE006A0AED6A
:10BE4000018A83ED018A98BF9BED008AD1ED018ABA
:10BE50001CED016A8CBFB0EE668A77EE486A28EE68
:10BE6000289A012EA6EE269A03F110090AF1100E67
:10BE700088BFF6EE006A0CED019A81ED019A98BF39
:10BE80009BED009AD9ED019A1EED01AA8CBFB0EE90
:10BE9000669A77EE496A69EE299A03F11801EAEE8B
:10BEA000269A88420AF118074EED019AC9ED019AC7
:10BEB0003EF446AA012E98BFDBED009A91ED013ABF
:10BEC00057ED013A86BFF6EE006AF0EE669A77EE1D
:10BED000696A29EE834A012EA3EEA64A07F1080AF1
:10BEE00001F1080307ED014A81ED014A93D8DBED2A
:10BEF000004A77EE646A92E7B6EE089AF4EEC93A21
:10BF0000F1EE10FA40F38E8033EEC90AF1EE008AAA
:10BF100020EE284AFEF75CBF039BB3F90070B3F92B
:10BF2000026007EE907A01EE106AB8EEE70AF8EECA
:10BF3000C11A60EE070A21EE872AC1ED000A81EDE1
:10BF4000012A043304F6A872FEF76FB904F5BF5B4B
:10BF500000990BF1080904F57A624FEA510B04F5D8
:10BF6000855A09F1B40C002972D0049FD7F86C5B94
:10BF7000FEF73ABD37EEE49A9FED5A0ADFED5A8A92
:10BF8000E9EE008A4FF0000A1427BDEEE81AF8EE39
:10BF9000C10A11EE108A38EEE04A01EB880BBEEEC2
:10BFA000CC4A9BED002A14EE109A02EB8903D3EDE4
:10BFB000001A21EE82AA6AEE245AFFF734BA069CD0
:10BFC00009F110094C457EF4D4AD099C049FC7F8D3
:10BFD000F48EFEF7EBBE08F12C080BF5B070FEF7FF
:10BFE000DCBDDFED425AB7EE004AFFF752BA9FEDD3
:10BFF0003F6AF7EE006AFFF774BA049ED4ED046A54
:10C00000DDED002A06F2B47C9CED000AB8EEE24AAF
:10C0100030EE662A82EE04AAFEF7EABFF7EE008A47
:10C02000FEF73EBF9FED314AFEF7D2BEDFED306A2C
:10C030009FED306AFFF755BA9FED2D4ADFED2D5A7F
:10C04000FFF727BABAF1000F3EF4A7AE04F5855A00
:10C05000514604F5895200232046FCF763FF0499FA
:10C0600004F58D52D1F8F48E0592AFE79FED224A88
:10C07000F4EEC47AF1EE10FA30DB9FED200AF4EE14
:10C08000C07AF1EE10FAC9D537EEC01AF0EE040A04
:10C09000F7EE008AE1EE208AFEF702BF04F60C7686
:10C0A00004F56D6704F6E46AC6ED005A86ED013AC0
:10C0B00086ED024A87ED006A87ED013AC7ED026A14
:10C0C0008AED006A8AED013ACAED026AD4ED046A8B
:10C0D000FFF79BB84FF0FF36FFF778B9DFED038A23
:10C0E000FEF7DEBE000058430000004300000000E1
:10C0F0007919193D389691409999993E3333333FD8
:10C1000008B52D4B98421BD02C49884224D02C4A8C
:10C1100090422DD02B4B984206D02B49884233D0E9
:10C120002A4A90423CD008BD01214FF40050EDF75F
:10C13000E9FCBDE8084000214FF40050EDF7E2BCF7
:10C1400001214FF48050EDF7DDFCBDE808400021EF
:10C150004FF48050EDF7D6BC01214FF48040EDF74D
:10C16000C5FCBDE8084000214FF48040EDF7BEBC9F
:10C1700001214FF40040EDF7B9FCBDE80840002173
:10C180004FF40040EDF7B2BC01214FF48010EDF701
:10C19000B9FCBDE8084000214FF48010EDF7B2BCB7
:10C1A00001214FF40010EDF7ADFCBDE8084000217F
:10C1B0004FF40010EDF7A6BC0030014000380040FD
:10C1C000003C004000340140005001400054014058
:10C1D000838BF0B523F47B6222F00F042504022345
:10C1E0002F0C878303848C68828B9C421FFA82FC0D
:10C1F0005AD02F4B8D889F68002D0CBF0126022638
:10C200003F0204D59C6824F400029A608C68284B95
:10C21000D3F88450D3F88470C5F3881EC7F3027234
:10C220005D685F6805F03F037D024CBF214D224DE4
:10C23000B5FBF3F70EFB07F3B1F806E0B3FBF2F240
:10C24000BEF5007F27D07601B2FBF6F505EB85073A
:10C250007B00B3FBF4F40534A6B2184CA4FB06260D
:10C260003509AA1EC6F3C007FD2A94BF45EA072771
:10C2700002274EEA070303840E884C888D8889893B
:10C2800026434CEA06072F430F43BAB242F4006C30
:10C29000A0F81CC0F0BD120A02EB82056F00B7FBCC
:10C2A000F4F305339EB2D8E7B1F806E02746E0E79D
:10C2B0000038024000127A000024F400CDCCCCCC2F
:10C2C000838B21B199B241F480628283704723F459
:10C2D00080610A04130C8383704700BF838B10B501
:10C2E00023F47B6222F00F0423041B0C4FF0020C9A
:10C2F0008383A0F820C0B1F800E0B1F802C08C88B8
:10C300002EF4007292B2002AB1F80CE0818B4CEA54
:10C3100004040CBF4FF480730023234343EA0E034D
:10C320000B439AB242F40064848310BD83889BB2AD
:10C3300012B119438180704723EA0101818070475F
:10C3400030B5012183B004460220EDF7ABFB01219B
:10C350000420EDF7A7FB40F201154FF4087369467E
:10C360000A48CDE90035EDF7B1F9302208486946B1
:10C37000CDE90025EDF7AAF90020C4F80200C4F8C1
:10C3800006002070607003B030BD00BF00040240A2
:10C39000000802402DE9F041427884782032D5B27D
:10C3A000074645701CB1A5428CBF00240124B97911
:10C3B00019B18D4298BF44F00204F878A300DEB2B0
:10C3C00018B1854298BF46F00106FA791AB1954234
:10C3D00098BF46F002063979B400E0B219B18D4237
:10C3E00098BF40F001003B7A1BB19D4298BF40F0DE
:10C3F00002007E798200D4B21EB1B54298BF44F0EB
:10C400000104797A19B18D4298BF44F002043A4888
:10C41000394EDFF8E88000221021EDF775FA082583
:10C420003AE0002220214046EDF76EFA01229440C6
:10C4300020213046EDF768FAE4B200226B1E20217D
:10C4400030469DB2EDF760FA220654BF0022012269
:10C4500020214046EDF758FA012294402021304631
:10C46000EDF752FAE4B26B1E0022202130469DB255
:10C47000EDF74AFA230654BF00220122202140464C
:10C48000EDF742FA304601222021EDF73DFA681E11
:10C49000640085B2E4B215B3002230462021EDF7E6
:10C4A00033FA20064CBF0122002220214046EDF73E
:10C4B0002BFA0122944020213046EDF725FAE4B210
:10C4C000202100223046EDF71FFA013D2106ADB2D2
:10C4D000A7D5012220214046EDF716FAA6E7064827
:10C4E00001221021EDF710FA3A780448BDE8F04136
:10C4F0004FF40071EDF708BA000802400004024052
:10C500000023C0F80230C0F806300370704700BF47
:10C5100010B5012182B004460220EDF7C3FAC02213
:10C520004FF0012306486946CDE90023EDF7CEF828
:10C530000020A070E0702070607002B010BD00BFDD
:10C540000004024038B50B4D8278C378027004466F
:10C55000437080212846EDF7D1F9B0FA80F0410907
:10C56000A17028464021EDF7C9F9B0FA80F56A09B3
:10C57000E27038BD0004024010B443680C790A68C8
:10C5800023F0407C2CF4807343EA04241443446079
:10C59000D1E9032313438A68846813430A4A22407B
:10C5A0004C79134343EA44038360097DC46A01F173
:10C5B000FF3C24F470035FFA8CF243EA02515DF809
:10C5C000044BC162704700BFFDF7FFC010B40849BB
:10C5D000426803684C681343064A2240D0E902408F
:10C5E0001343234303434B605DF8044B704700BF84
:10C5F00000230140E030FCFF836819B143F00102E1
:10C600008260704723F0010181607047092910B5ED
:10C610002CD9A1F10A0E0EEB4E0CC4684FF0070E98
:10C6200003FA0CF30EFA0CFC24EA0C042343C36057
:10C63000062A0CD802F1FF3C446B0CEB8C021F2342
:10C64000934024EA030491402143416310BD0C2A26
:10C650001AD8A2F1070C036B0CEB8C021F24944038
:10C6600023EA040391401943016310BD046901EBFF
:10C67000410E4FF0070C0CFA0EFC03FA0EF324EAFD
:10C680000C0423430361D3E70D3AC36A02EB820231
:10C690001F24944023EA040491402143C16210BD49
:10C6A000836843F080418160704700BF836819B19F
:10C6B00043F480728260704723F480718160704718
:10C6C000836819B143F400728260704723F40071EB
:10C6D0008160704730B5012183B0224C224D062085
:10C6E000EDF7E0F9214B694620464FF44062CDE971
:10C6F0000023ECF7EBFF204604220A21EDF70AF9AC
:10C70000204604220B21EDF705F940F20223694689
:10C7100020464FF47042CDE90023ECF7D7FF69467D
:10C72000284640220092ECF7D1FF204605220C213A
:10C73000EDF7F0F8204605220D21EDF7EBF8204645
:10C7400005220F21EDF7E6F8204605220E21EDF730
:10C75000E1F8284605220621EDF7DCF8012003B0B8
:10C7600030BD00BF00040240000802400202010088
:10C7700070B5002084B014460D46EDF78DF9002009
:10C78000EDF73AF94BF680339C420CD04AF6444020
:10C7900084426BD0B4F5FA4F6ED03A498C425FD0E8
:10C7A000002004B070BD03214FF48170EDF71AF939
:10C7B0000120EDF721F93B20EDF7B0F94FF4805659
:10C7C00048BB3B20EDF7AAF902463B201ABBEDF728
:10C7D000A5F903463B20F3B9EDF7A0F901463B204C
:10C7E000C9B9EDF79BF902463B20A2B9EDF796F9DE
:10C7F00003463B207BB9EDF791F901463B2051B947
:10C80000EDF78CF902463B202AB9EDF787F910B90C
:10C81000083ED6D1C4E701214FF48040EDF74EF930
:10C820001948FFF76DFC002D4FF0000014BF4FF4C6
:10C83000007500256946ADF80200ADF80400ADF8BA
:10C840000C0011480294ADF80050ADF80650FFF707
:10C85000BFFC0E486946FFF741FD012004B070BDE2
:10C86000042140F28910EDF7BDF8A1E7062140F25E
:10C870000F10EDF7B7F89BE704214FF4D570EDF7F3
:10C88000B1F895E70077010000380040003400401F
:10C890002DE9F041A84C0F4620464FF400311646D2
:10C8A000EDF7E0FE4FF49615D8B34FF40031204673
:10C8B000EDF7D8FE03464FF4003120468BB3EDF779
:10C8C000D1FE02464FF40031204652B3EDF7CAFEC6
:10C8D00003464FF4003120461BB3EDF7C3FE02467A
:10C8E0004FF400312046E2B1EDF7BCFE03464FF4B1
:10C8F00000312046ABB1EDF7B5FE02464FF40031F2
:10C90000204672B1EDF7AEFE03464FF400312046EB
:10C910003BB1EDF7A7FE20B1083DC6D10020BDE830
:10C92000F081854D854C28460121EDF763FE2146B7
:10C930002846EDF789FE4FF48058D0BB21462846A3
:10C94000EDF782FE02462146284692BBEDF77CFEBB
:10C9500003462146284663BBEDF776FE0246214694
:10C96000284632BBEDF770FE03462146284603BB3E
:10C97000EDF76AFE024621462846D2B9EDF764FE7D
:10C98000034621462846A3B9EDF75EFE024621463E
:10C99000284672B9EDF758FE58B9B8F10808BDD06D
:10C9A00021462846EDF750FE024621462846002A39
:10C9B000CCD06148624C054600223421EDF736FEAA
:10C9C00021462846EDF740FE4FF4805890BB2146A3
:10C9D0002846EDF739FE03462146284653BBEDF7BE
:10C9E00033FE02462146284622BBEDF72DFE0346C4
:10C9F00021462846F3B9EDF727FE02462146284690
:10CA0000C2B9EDF721FE03462146284693B9EDF75A
:10CA10001BFE02462146284662B9EDF715FE034685
:10CA20002146284633B9EDF70FFE18B9B8F10808CA
:10CA3000CDD173E7404D434CC6F3002141EA47078F
:10CA4000F9B22846EDF7FEFD21462846EDF7FCFD3C
:10CA50004FF4805788BB21462846EDF7F5FD024686
:10CA6000214628464ABBEDF7EFFD034621462846FE
:10CA70001BBBEDF7E9FD024621462846EAB9EDF772
:10CA8000E3FD034621462846BBB9EDF7DDFD02462E
:10CA9000214628468AB9EDF7D7FD034621462846A8
:10CAA0005BB9EDF7D1FD0246214628462AB9EDF7DC
:10CAB000CBFD10B9083FCED130E71F4D214CF1B26C
:10CAC0002846EDF7BFFD21462846EDF7BDFD4FF4A2
:10CAD0008056C8BB21462846EDF7B6FD07462146DD
:10CAE00028468FBBEDF7B0FD0346214628465BBBC9
:10CAF000EDF7AAFD0246214628462ABBEDF7A4FD24
:10CB0000074621462846FFB9EDF79EFD034621461C
:10CB10002846CBB9EDF798FD0246214628469AB93A
:10CB2000EDF792FD0746214628466FB9EDF78CFDDB
:10CB300050B9083ECED1F1E6005800400100030094
:10CB40008200070080000700204C214D2146284626
:10CB5000EDF788FD4FF4961688BB21462846EDF781
:10CB600081FD0346214628464BBBEDF77BFD02467F
:10CB7000214628461ABBEDF775FD07462146284693
:10CB8000EFB9EDF76FFD034621462846BBB9EDF737
:10CB900069FD0246214628468AB9EDF763FD07463E
:10CBA000214628465FB9EDF75DFD0346214628463C
:10CBB0002BB9EDF757FD10B9083ECED1AEE60448CB
:10CBC0000121EDF725FD0120BDE8F08104000010F2
:10CBD0000058004070B515460E4600220F2104464D
:10CBE000FFF756FE08B9002070BD1722002120462D
:10CBF000FFF74EFE0028F6D0172201212046FFF74E
:10CC000047FE0028EFD0002202212046FFF740FE19
:10CC10000028E8D0002203212046FFF739FE002833
:10CC2000E1D0122204212046FFF732FE0028DAD09C
:10CC3000002205212046FFF72BFE16B30028D2D094
:10CC4000622206212046FFF723FE0028CBD00222D5
:10CC500007212046FFF71CFE4AF644418D420CBFD7
:10CC6000202200220028BED008212046FFF710FE17
:10CC70000028B8D020460022BDE870400921FFF707
:10CC800007BE0028AFD0422206212046FFF700FE53
:10CC90000028A8D0422207212046FFF7F9FDB5F56C
:10CCA000FA4F12D009DD4AF644439D420BD0084AA0
:10CCB00095420CBF1C220022D4E7B5F5FA5F14BFE1
:10CCC00000220C22CEE72022CCE71822CAE700BFC0
:10CCD000007701002DE9F84F354E044601214FF44D
:10CCE0000010ECF7DFFE0021304602F0BDF83046C0
:10CCF00001F0F8FF00252F4AA2614FF6FE734FF4B2
:10CD0000806B4FF4006A4FF400594FF480784FF471
:10CD100000374021C4E90935C4E91055C4E912556A
:10CD2000C4E90CA9C4E90E8730466561183EE56187
:10CD3000C4F82CB0216204F1140102F069F829460C
:10CD4000304602F091F8304601F0CCFF1A4B656690
:10CD5000C4E91E75C4E91655C4E92055C4F88850C5
:10CD60004FF6FE704FF0C065C4E91453C4E91ABA17
:10CD70002066C4F87090C4F8748004F15001304605
:10CD800002F046F830460D4E012218214FF480443F
:10CD900002F074F80A48346001220221FFF7C6FA53
:10CDA000012208481146FFF7C1FA0120BDE8F88FBB
:10CDB000706002400C3800400C34004000E100E09C
:10CDC000003800400034004070B51F4B42601860CE
:10CDD000002384B00361017004460E461546FFF738
:10CDE00079FC10B9002004B070BD01214FF480001F
:10CDF000ECF764FE1548EDF745FB154A154B134853
:10CE0000CDE900236946144A02924FF48043ADF8FD
:10CE10000C30EDF76DFB0D480121EDF7DDFB2A46E7
:10CE200031462046FFF7A4FC0028DBD02A463146D5
:10CE30002046FFF7CFFE0028D4D0204604B0BDE83E
:10CE40007040FFF747BF00BFBCF901200058004009
:10CE5000A08601000000FFBF330000042DE9F0416F
:10CE600017460E46012209210446FFF711FD05462B
:10CE7000002849D0202E4AD823788BB9DFF8D080FB
:10CE80004FF480514046ECF739FD0028F8D1DFF827
:10CE9000C0804FF480514046ECF730FD0028F8D0B8
:10CEA00026482761818B4A0544D52548828B530546
:10CEB0003CD5207804F18C0704F56373E761A36522
:10CEC00050B961684BF6803C61452CD01D4A9142B7
:10CED00026D0B1F5FA4F1ED0B000012704F114019D
:10CEE00060622066A6601848E76001F091FF17486D
:10CEF00004F1500101F08CFF1348012101F0B4FF4F
:10CF00001248012101F0B0FF2846BDE8F08100255C
:10CF10002846BDE8F08106EB460398000327DDE7CD
:10CF200030010427DAE7F0000227D7E70121FFF7F5
:10CF3000C7F9BEE70121FFF7C3F9B6E700380040A3
:10CF400000340040007701007060024058600240E9
:10CF500000040240F8B50569002D00F0F380044696
:10CF6000D0E9022002FB01F100FB01F39E0006F56F
:10CF7000637306F18C0123446618002877D05700AC
:10CF8000012F74D903EB820CACF10201A1EB030E6B
:10CF9000AEF102074FEA570C0CF1010C1CF0070C24
:10CFA0004FEA40079E4603EB400032D0BCF1010F30
:10CFB00028D0BCF1020F20D0BCF1030F18D0BCF177
:10CFC000040F10D0BCF1050F08D0BCF1060F40F0E3
:10CFD000BF80B0F900C02EF802CF3844B0F900C0CD
:10CFE0002EF802CF3844B0F900C02EF802CF3844F2
:10CFF000B0F900C02EF802CF3844B0F900C02EF8C6
:10D0000002CF3844B0F900C02EF802CF8E45384424
:10D010002DD0B0F900C0AEF802C030F907C0AEF8AC
:10D0200004C030F917C0AEF806C000EB070C00EBE7
:10D0300047003CF917C0AEF808C030F917C0AEF889
:10D040000AC000EB070C00EB47003CF917C0AEF834
:10D050000CC030F917C0AEF80EC000EB070C00EBA7
:10D0600087003CF917C02EF810CF8E45D1D1184655
:10D070003146A847E568002D64D0A46861004F1EC2
:10D08000C5EBC57305FB07F706EB8402B51C06EB81
:10D090004701561BB41E58006308013313F00707FD
:10D0A00027D0012F1FD0022F19D0032F13D0042F08
:10D0B0000CD0052F05D0062F45D132F9024D0C803A
:10D0C000014432F902EDA1F800E0014432F902CD49
:10D0D000A1F800C0014432F9023D0B80014432F94D
:10D0E000027D0F80014432F9026D0E80AA42014494
:10D0F00028D032F9024C0C8032F9047C0F5232F9FC
:10D1000006EC21F810E00B1832F908CC23F810C017
:10D1100001EB400432F90A6C24F81060211804EB8A
:10D12000400332F90C4C21F8104032F90EEC23F890
:10D1300010E032F910CD1F18AA4227F810C003EBF7
:10D140008001D6D1F8BD32F9026D0E800144B4E7FA
:10D15000B0F900C02EF802CF38443AE708B5114BB9
:10D160001A6812F0C05F05D10E4B1A6812F0A05F6A
:10D170000DD108BD0C484FF0C051996000680121E5
:10D18000FFF7E8FE074B1A6812F0A05FF1D00648DF
:10D190004FF0A05199600068BDE808400021FFF7FA
:10D1A000D9BE00BF00600240BCF9012038B5D0E90B
:10D1B000033504465A000021B2FBF5F005FB102CA4
:10D1C0006D00C4E90D1CE06AE16302D02A46EAF76B
:10D1D000DFFF206B1DB12A460021EAF7D9FF0021AD
:10D1E000C4E9101138BD00BF2DE9F043012A4FF00A
:10D1F0000004DDE90859DDE90A78079E4260C36052
:10D2000084600BD996464FF0010C4FEA5E0EBEF1DA
:10D21000010F64460CF1010CF7D184601344002423
:10D2200003610160DFF8C0C081F858400369C1F8AC
:10D2300000C0DFF8B8C0C1F804C0DFF8B4C0C1F85E
:10D2400008C0DFF8B0C0C1F80CC0DFF8ACC0C1F84E
:10D2500010C0DFF8A8C0C1F814C0DFF8A4C0C1F83E
:10D2600018C0DFF8A0C0C1F81CC0DFF89CC0C1F82E
:10D2700020C0DFF898C0C1F824C0DFF894C0C1F81E
:10D2800028C0DFF890C0C1F82CC0DFF88CC0C1F80E
:10D2900030C0DFF888C0C1F834C0DFF884C0C1F8FE
:10D2A00038C0DFF880C0C1F83CC0DFF87CC0C1F8EE
:10D2B00040C007EB430EDFF874C0C1F844C0C0E9BA
:10D2C0000B7EC0F82490C0F84C80466106624FF493
:10D2D00080518561C5618464B1FBF2F28262BDE870
:10D2E000F043FFF763BF00BF5E836C3F16EFC33EA2
:10D2F000BE147B3FC2C5473E6DC47E3F36BDC83DB0
:10D300000FB17F3F30FB483D43EC7F3FB00AC93C43
:10D3100011FB7F3F900E493CC4FE7F3F880FC93B05
:10D32000B1FF7F3FC60F493BECFF7F3FD60FC93AA5
:10D330002DE9F04F85B081640E9F002F00F0F6803C
:10D340000F9C01699FED7C7A02919246C26800921F
:10D35000A1009946BE46C36B009D0193EE1A764527
:10D3600028BF7646002E00F0E480D0F83480C26AF0
:10D37000039208EB060702EB480402EB470CACEB08
:10D3800004039D1E6D08026B4FEA480B0135ABF19B
:10D39000020B15F0030593444B4652464BD0012D2A
:10D3A00031D0022D19D0DAED007A039AFEEEE87A38
:10D3B000023417EE903A03F30F0522F818503BF9A8
:10D3C000028F00EE108AF8EEC00A0AEB010220EE8E
:10D3D000871A09EB010389ED001AD2ED001AFEEE5F
:10D3E000E81A0A4411EE905A05F30F0824F8028B4C
:10D3F0003BF9025F02EE105AF8EEC22A22EE873A9B
:10D4000083ED003A0B44D2ED003AFEEEE83A0A44CE
:10D4100013EE908A08F30F0524F8025B3BF9028FA4
:10D4200004EE108AF8EEC44AA44524EE875A83ED30
:10D43000005A0B445FD098460390D2ED005A25461F
:10D44000FEEEE85A0A4415EE900A00F30F0325F8A1
:10D45000023BBBF9020006EE100AF8EEC66A08EBC2
:10D46000010366EE877A0834C8ED007A92ED000A6F
:10D47000BEEEE80A0A4410EE108A08F30F0024F802
:10D48000060CBBF9048000EE908AB8EEE01A61EE5B
:10D49000071AC3ED001A92ED002ABEEEE82A0B44EB
:10D4A00012EE100A00F30F006880BBF9065002EE7E
:10D4B000905AB8EEE23A0A4463EE073AC3ED003AF6
:10D4C00092ED004ABEEEE84A0B4414EE108A08F3CF
:10D4D0000F0024F8020C3BF9085F04EE905AB8EEF6
:10D4E000E45AA44565EE075A0A44C3ED005A03EB1B
:10D4F0000108A2D1039806FB01FBDA44D944019A42
:10D50000009C3244AEEB060E029EC263B74224BFBB
:10D51000029EBF1B9442476304D8036C151B013362
:10D52000C0E90F53BEF1000F7FF415AF05B0BDE8A1
:10D53000F08F476BE3E700BF000080382DE9F04F24
:10D54000D0E9102393B09A420F9000F0BD82D0F83A
:10D5500004C0836B456ABCF1000F01F01F834FEAE2
:10D560008C010F9A0C1FA0085169946AD76A0D911B
:10D57000013010F0030012690E464FEA840401EBFB
:10D580008C0E39D0012824D0022811D037F913602D
:10D5900095ED007A07EE906AB8EEE70A013360EE87
:10D5A000070A0D9E9A42E6EC010A98BF9B1A254491
:10D5B00037F9138095ED001A01EE908AB8EEE12A52
:10D5C000013362EE012A9A42E6EC012A98BF9B1AC7
:10D5D000254437F913A095ED003A03EE90AAB8EE72
:10D5E000E34A013364EE034A9A42E6EC014A98BFEB
:10D5F0009B1AB64525444CD037F913B0D5ED005AE7
:10D6000001339A4205EE10BA98BF9B1AB8EEC56A6C
:10D6100005EB04085D1C37F9133066EE256A3046C9
:10D6200007EE903AE0EC016A98ED007AB8EEE70A6E
:10D63000AA4260EE070AC0ED000A00D8AD1A37F919
:10D6400015606B1C9A4201EE106A08EB040A98BF41
:10D650009B1ADAED001A37F91380B8EEC12A03EEEF
:10D66000908A62EE212A0AEB040BC0ED012A9BEDA1
:10D67000003AB8EEE34A01339A4264EE034A00F1FD
:10D680000C0698BF9B1AB6450BEB0405C0ED024A89
:10D69000B2D1BCF5805F00F01A820F9EB268B0690B
:10D6A000D6F800A01092012414FA02F51190089502
:10D6B00000F01A814FF0000CAE0800F11001044F89
:10D6C0000D9C4FEA4608C2F1100EE146604608E0A4
:10D6D00070C40208F304353F020A1BF8079012F8E1
:10D6E00007C04CEA092949FA0EFB0BEB080904EBC9
:10D6F0008B0C04EB89029CED006A92ED000A76EE39
:10D70000400AB344B14441ED030A04EB8B0304EB3C
:10D71000890993ED001A99ED007A71EE471A0430E9
:10D7200041ED011ADCED007AD2ED002A93ED003ACA
:10D7300099ED002A77EEA23A33EE024A103173EEE9
:10D74000844A33EEC45A85425FFA80FB41ED084AB1
:10D7500001ED065AC0D8089D119B5FED225A0D9A23
:10D760006E1EF70803F1200808EB4711C81A870658
:10D770003ED5119A0D9C92ED006AD2ED046A36EE08
:10D78000260A884584ED000AD2ED000A92ED041ABB
:10D7900030EEC17A434684ED047A9568A5609669B7
:10D7A000A661D2ED051AD2ED077AD2ED012A31EE4B
:10D7B000E73AE3EE252AC4ED012A92ED012AA3EE11
:10D7C000652A84ED032AD2ED053A92ED074AD2ED9F
:10D7D000034A33EE845AE5EE254AC4ED054A92ED3C
:10D7E000036A95EE256A04F1200284ED076A7BD076
:10D7F00093ED000AD3ED046A70EE260A4033C2EDC1
:10D80000000A13ED101A13ED0C7A71EE471A40322C
:10D8100042ED0C1A53F8388C42F8388C53F8280C27
:10D8200042F8280C53ED0B7A53ED092A13ED0F3A09
:10D8300037EEE22AA2EE253A02ED0F3A53ED0F3A07
:10D84000E2EE653A42ED0D3A13ED0B4A53ED094A0B
:10D8500013ED0D5A34EE246AA6EE255A02ED0B5A4A
:10D8600013ED0D0A96EE250A02ED090A53ED080A9A
:10D8700053ED046A30EEA61A02ED081A13ED087A89
:10D8800053ED041A77EE617A42ED047A53F8185C8E
:10D8900042F8185C53F8086C42F8086C53ED032A00
:10D8A00013ED013A13ED072A72EEC33AA3EEA52A4F
:10D8B00002ED072A13ED074AA3EEE54A02ED054AF9
:10D8C00053ED034A13ED015A13ED056A34EE850A50
:10D8D000A0EE256A02ED036A53ED050AD0EE250A93
:10D8E0008B4242ED010A83D11099032940F207834C
:10D8F000119FCDF818A00AF10403032405930C9797
:10D900000E940E9A089E4FF0010B0BFA02F525FAC1
:10D910000BF00790002E00F0B680079C0E990D9832
:10D92000042707FA01F64FEA840906EB070849467F
:10D9300008EB8403CF194FEAC50E69000C9D0996C8
:10D94000C218730000EB060C05EB8404AE190192BB
:10D9500000EB070B1A1F04350027CC4480440B92C0
:10D960000A910296039400F104090095049759ED79
:10D97000015A58ED016A0098029B0399099C019D88
:10D9800035EEA61A0F1900ED011A59ED011A18ED1E
:10D99000017A059871EEC77AC3ED007A5BF8042C22
:10D9A0000A6055F8046C3E6050ED017A069B079AB8
:10D9B000CAED147ACAED127A93ED010A012A8AEDB2
:10D9C000150A8AED130A46D90B99029D009C019A0B
:10D9D0000E192F1D584649464346D3ED002A91EDB6
:10D9E000003A92ED002AA2EEA73AA2EE403AA4EC49
:10D9F000013AF1EC013AE2EE003AE2EEE73A65ED87
:10DA0000013AB2EC014AF3EC014A90ED006A27EECC
:10DA1000845A9C45A4EE805A35EE060AA7EC010A0A
:10DA2000F0EC010A75EE605A66ED015ADAED136A00
:10DA30009AED141ADAED151A9AED127A61EEE67A79
:10DA400021EE260AE7EE017AA7EE210ACAED127A44
:10DA50008AED130AC1D1049D0A9F029C039E01987E
:10DA60000099089A3D447444764470447144AA4233
:10DA7000049502940396F0440190F1440091F3441C
:10DA8000F4443FF674AF0E9B069D059F109C013336
:10DA9000083508379C420E930695059700F03182B1
:10DAA000DDE90C60CDE90C062BE70F9A14690F9E97
:10DAB000756C0CEB0E00A04205F10105756429BFE1
:10DAC0000F9DB063001BA86313B0BDE8F08F0F9FDC
:10DAD000054DBC690B940023D7F800A00D981034B5
:10DAE0001A461E4684E000BF70C40208F304353FA6
:10DAF0005FFA82FC4FEA12291CF8057019F805E05C
:10DB00004EEA07221211970007F5005800EB820C2D
:10DB100080449CED004AD8ED004A34EE645A07F583
:10DB2000805907F5405E03ED035A81448644D9EDE0
:10DB3000005A9EED006A75EEC66A06F1080B43EDC9
:10DB4000016ADCED007A98ED000A99ED007ADEEDCD
:10DB5000000A37EE801A77EE201A5FFA8BF231EE68
:10DB6000212A71EE612A4FEA1B2B03ED042A43EDB3
:10DB7000022A1BF805C0575D4CEA072212119700D4
:10DB800007F5005900EB8208814498ED003AD9ED81
:10DB9000003A33EE634A07F5805E07F5405B83ED9C
:10DBA000014A86448344DEED004A9BED005A74EE40
:10DBB000C55A0C36C3ED035AD8ED007A99ED006AC8
:10DBC0009EED000ADBED006A77EE860A30EE267ADB
:10DBD000103330EE871A70EEC71A5FFA86FC370AE8
:10DBE00003ED041A43ED021A1CF805207B5D303466
:10DBF00043EA022213119A0002F5005900EB830E4A
:10DC000081449EED005AD9ED005A35EE656A02F561
:10DC1000805B02F5405804ED036A83448044DBEDE9
:10DC2000006A98ED007A76EEC77A321D44ED017AEB
:10DC30009EED000AD9ED000A9BED001AD8ED001AFE
:10DC400030EE202A71EE212AB2F5805F32EE223AC0
:10DC500072EE623A04F1100304ED043A44ED023A24
:10DC60007FF446AF0B9D1FED5F2A2E4605F58047DA
:10DC7000D6ED002A96ED043A72EE833A06F12009B9
:10DC8000C1ED003A96ED004AD6ED044A34EE645AEE
:10DC900001F1200081ED045AB4688C60B2698A6198
:10DCA000D6ED055AD6ED077A96ED016A35EEE70A0C
:10DCB0004036A0EE026A403101ED0F6A56ED0F6A60
:10DCC000E0EE426A41ED0D6A56ED0B0A16ED097A57
:10DCD00016ED0D1A70EE871AA1EE821A01ED0B1ADD
:10DCE00056ED0D2AD1EE822A41ED092A16ED083AA9
:10DCF00056ED043A33EE234A01ED084A56ED084A40
:10DD000016ED045A74EEC55AB742C0ED045AD9F85C
:10DD100008308360D9F818508561D9ED057A99EDFE
:10DD2000076A99ED010A77EEC60AA0EE820A80ED35
:10DD3000010AD9ED016AE0EEC26AC0ED036A99ED0D
:10DD4000057A99ED071AD9ED031A77EE012AE2EE6A
:10DD5000821AC0ED051A99ED033A92EE823A80EDEF
:10DD6000073A85D10B9ECDF818A00AF104010327CC
:10DD700005910C960A970A9C0C9D01204FF004080F
:10DD800008FA04F700FA04F60D9C0797730807F1E8
:10DD900004089A0008EB830105EB830004EB070CF1
:10DDA000631802909444101D7A00211800937000AB
:10DDB000131F4FEAC60EEE190027A04401910993E4
:10DDC0000890039604F1040B05F1040904971BED78
:10DDD000012A58ED013A039E01980299079B009A87
:10DDE00032EE234A344609ED014A5BED014A18ED53
:10DDF000015A74EEC55AE4EC015A50F8045C0D6007
:10DE0000CD1852F8047C05992F6051ED015A069AFD
:10DE1000CAED145ACAED125AD2ED016A099F009A4E
:10DE2000CAED156ACAED136A4F444D46594643463A
:10DE300093ED006A91ED000AD2ED000AA6EE250AE4
:10DE4000A0EEE60AA5EC010AB1EC017AA0EEA67AF2
:10DE5000A6EE657A26ED017AB2EC011AF3EC011A0E
:10DE6000D0ED002A65EE817A9C45E1EEA67A77EE48
:10DE7000A26AE4EC016AB0EC013A37EEC32A27ED5E
:10DE8000012ADAED133A9AED144ADAED154A9AEDC1
:10DE9000125A64EEE35A64EE236AE5EE045AE5EEA4
:10DEA000246ACAED125ACAED136AC1D1049E089CB5
:10DEB0000398029F009D019926447044774475445D
:10DEC0007144B6F5805F049603900297F044009584
:10DED000F344F1440191F444FFF479AF0A9B069AAC
:10DEE000059E0133083208360C2B0A9306920596DC
:10DEF00000F01A86DDE90C40CDE90C043BE70D99F2
:10DF00000C9111980C9988420BD0109A4FF0040A8A
:10DF10001AFA02F200F03E86EBF70CFA0F9DAF6999
:10DF20000C970F9CE06C002800F0BA830F9EB16C38
:10DF3000B046002900F0B483336A0C9AEEF782FAF7
:10DF40007668D8F8200010960D9010990F9BB1F5C7
:10DF5000805F00F0BC839D68DA69D3F800B00E9250
:10DF6000691E0123AB40022911950B91079340F2E2
:10DF700019860BEBC507DDF8348005970C920B9CD6
:10DF8000079A012606FA04F525FA06F00690002AFB
:10DF900000F0B9800B9B069C042101FA03F77E1860
:10DFA0000C99089706EB840008EB840A0A186B00AA
:10DFB0004FEAC50E08EB060901EB84058E190C1D0E
:10DFC0007F00002000920993039502940196D446A5
:10DFD0000A970490D8ED002A19ED014A0299019A96
:10DFE000039B009C059E72EE844A41ED014AD8EDE8
:10DFF000000A19ED016A069930EEC61A012902EDF0
:10E00000011A9AED005A089A75EE055A0AEB0205B4
:10E01000C3ED005AD5ED001A31EEA10A424404EDD9
:10E02000010A56F8207CCBF85070CBF8487056F8AF
:10E030001C0CCBF85400CBF84C004CD90A9D039C27
:10E0400005EB0800DDE90065271D029C08F10403CB
:10E05000494693ED003A72ED017A77EE836AE4EC7B
:10E06000016A91ED002A30ED017A72EE473AE7EC51
:10E07000013AF3EC012A92ED004AF1EC014AD0EDAD
:10E08000000A9BED131ADBED125A32EEC45A74EEFD
:10E09000A01A25EE410A21EE216AA5EEA10A9C45AF
:10E0A000A5EE856AA5EC016AA6EC010A9BED133A80
:10E0B0009BED142ADBED156ADBED123A26EEC37AEE
:10E0C00062EE037AA3EE827AE3EEA67A8BED127A01
:10E0D000CBED137ABDD1049B099A0398029F019E50
:10E0E000009D0799134470447744764475449942DF
:10E0F0000493F044F24403900297F1440196009592
:10E10000F4443FF667AF0E9C0C9B9C4200F08F825C
:10E11000DDF834800C940B98059E471EA6F1080587
:10E12000022F0B9705957FF42AAF0E990C9CA14204
:10E1300000F03A85079F002F00F083810E9BDFEDF2
:10E14000832A7E1EF50803F1200A0AEB4511CC1A3A
:10E15000A6060D9F4DD50E9A0D9892ED004AD2ED70
:10E16000044A74EE240A5145C0ED000A92ED001AEB
:10E1700092ED045A71EE451A5346C0ED041AD2EDE1
:10E18000025A35EEA56A00F1200780ED026A92ED91
:10E19000060A30EE003A80ED063A92ED012AD2ED01
:10E1A000036A72EE263AC0ED013AD2ED057A92ED9D
:10E1B000077A37EEC74A80ED034AD2ED054AD2ED21
:10E1C000070A92ED011A92ED035A74EEA01A71EE4D
:10E1D000C55A31EEC16A35EE810A36EE053A20EEB7
:10E1E000222A63EE226A80ED052AC0ED076A00F05C
:10E1F0009180D3ED003AD3ED047A33EEA77A403321
:10E2000087ED007A13ED104A53ED0C4A74EE640A60
:10E21000403747ED0C0A13ED0E1A31EE015A07EDA7
:10E220000E5A53ED0A1A71EEA15A47ED0A5A13ED30
:10E230000F6A13ED0D0A36EE003A07ED0F3A13EDB3
:10E240000B2A53ED096A72EE663A47ED0D3A53ED2B
:10E250000B7A13ED097A13ED0F4A53ED0D4A77EE61
:10E26000870A30EEE41A30EEC45A71EE041A75EEE5
:10E27000245A21EEA26A25EEA20A07ED0B6A07EDE9
:10E28000090A13ED083A13ED042A73EE026A47ED0A
:10E29000086A53ED083A53ED047A33EEE77A07ED56
:10E2A000047A13ED064A74EE044A47ED064A53ED2C
:10E2B000020A30EEA01A07ED021A13ED075A53EDC9
:10E2C000051A75EE215A47ED075A13ED036A13ED4F
:10E2D000010A36EE403A07ED053A13ED032A53EDF5
:10E2E000016A53ED073A13ED054A72EE267A994218
:10E2F00037EEC47A77EEE34A77EE230A34EE841AD7
:10E3000020EEA25A61EE221A07ED035A47ED011AD8
:10E310007FF46FAF079D119E0D9B05F1FF3E4FF0FF
:10E320000008AC085FEA4E75C6F1100C03F110034B
:10E33000074EF0EE002A4FEA44074046414600F1FE
:10E340007A810E9DDDF81CE03EE000BFF304353F0E
:10E3500070C4020813ED043A13ED022A19F806906E
:10E360001AF8060053ED035A13ED016A73EE026AC0
:10E3700073EE423A40EA092AB0EE664AF0EE637A5A
:10E380004AFA0CF2A5EEA24AD01902EB040BE5EE14
:10E39000E26A05EB82082218E6EE227A05EB8B0989
:10E3A00005EB800AE6EE623A05EB820BC8B20A0A78
:10E3B00088ED004ACAED006AC9ED007ACBED003A5B
:10E3C000805D12F80680103353ED047A13ED027A63
:10E3D00053ED034A53ED010A37EE871A77EEC71A59
:10E3E000B0EE415A48EA0029B0EE610AA4EEA25A02
:10E3F00049FA0CF202EB070BA4EEE21A081D05EB3A
:10E400008B08A0EEA20A04EB0B0A02EB040BE0EE71
:10E41000E21A05EB820205EB8A0182ED005A86457D
:10E4200088ED001A05EB8B0888ED000A5FFA80F989
:10E43000C1ED001A03F110034FEA102A00F10401A4
:10E4400088D80F9C1099D4F80CC0D4F838E0626AD0
:10E4500001FB01F3B3FBFCF6770802EE907AF8EECD
:10E46000E24AF7EE000A80EEA47AA04600293FF4C3
:10E470001CABA56AD8F81C0011F003074FEA85060B
:10E48000A1EB0C0B256B246973464FF0000A46D0B4
:10E49000012F21D0022F40F0518392ED002AF0ECA1
:10E4A000015A27EE026ADA4566EE256A38BF35F969
:10E4B0001390FDEEE63A324413EE908A38BFC8441A
:10E4C00005EB430901339C4208F30F0798BF1B1B60
:10E4D000A9F800700AF1010A92ED004AF0EC012A55
:10E4E00067EE047ADA4567EEA24A38BF35F9139031
:10E4F000FDEEE40A0AF1010A10EE901A38BF494411
:10E5000005EB430901F30F0701331099A9F80070D7
:10E510009C4298BF1B1B8A4532443FF4C8AADDF8D1
:10E520004080574652E035F9131005EB430A894401
:10E53000324492ED004AD0ED012A09F30F0167EE53
:10E54000047A0133324467EEA24A92ED001AAAF827
:10E5500000109C4207F1010A98BF1B1BFDEEE40A64
:10E56000DA45D0ED021A38BF35F913A027EE015A6B
:10E5700010EE909A05EB430125EE210A03F1010309
:10E5800038BFD1449C4298BF1B1B09F30F0ABDEE54
:10E59000C03AA1F800A0B91C594538BF35F913108D
:10E5A00013EE109A05EB430A03F1010338BF8944C7
:10E5B00003379C4298BF1B1B474509F30F0100F12D
:10E5C0000C00AAF8001032443FF471AA92ED001A30
:10E5D000F0EC011A27EE015A324425EE210A92EDA1
:10E5E000002AD0ED005ABDEEC03A5F4527EE026A20
:10E5F00038BF35F913A013EE109A66EE256A38BFBE
:10E60000D14405EB430A01339C42FDEEE63A07F1A3
:10E61000010798BF1B1B5F4509F30F0113EE909A8A
:10E62000AAF80010FFF47FAF05EB430A80E7DDE9AD
:10E630000D280C926FE513ED040A13ED023A53ED29
:10E64000035A13ED016A0E9D079A30EE032A70EE0D
:10E65000436AF0EE423AB0EE664AE5EEA23AE119BC
:10E6600005EB8108A5EEE22A042105EBC40BA6EE1A
:10E67000224A05EB840A8A42E6EE626A03F110033D
:10E68000C5ED003A8BED002A8AED004AC8ED006A1C
:10E690007FF6D7AE307996F80080DDF81CE093E67F
:10E6A0000F984168026A0D928A0010913FF44DACB8
:10E6B000DDE90C10EAF73EFE0F9B5D68109510999E
:10E6C0001F6A0D97B1F5805F0F9B7FF444ACD3F8C0
:10E6D0001C90D3F800A0DDF83480CDF814A00B22F4
:10E6E000CDE90A29CDF824900A9F09980125042430
:10E6F00005FA07F604FA07F54FEA560C2B1D03EB53
:10E700008C0100EB8C0247187400069508EB8C0B0B
:10E710004FEAC60E08EB0309061DC3186D00002161
:10E7200003920097079402960193DC4608950491A2
:10E73000D8ED002A19ED013A029D019E0699039C2D
:10E74000009F059832EE832A434605ED012A59EDD4
:10E75000013AB3EC014A74EE634A0BEB010246ED59
:10E76000014A9BED005A35EE056AA4EC016AD2ED30
:10E77000000A70EEA05A47ED015A026CCAF8502008
:10E78000CAF84820406CCAF85400CAF84C0001EBA3
:10E79000080008994A464144D3ED006A30ED011A59
:10E7A00071EE261AE5EC011AD2ED007A31ED017A0C
:10E7B00037EEC70AA4EC010AF3EC012A90ED003A07
:10E7C000B2EC012AD1ED003A9AED134ADAED120AC1
:10E7D00072EEC34A32EE235A64EEC45A24EE056A3E
:10E7E000E0EE855A9C45A0EEA46AA6EC016AE7EC2F
:10E7F000015A9AED131ADAED141ADAED156A9AED48
:10E80000120A26EEC17A61EE817AA0EE217AE0EE5C
:10E81000267A8AED127ACAED137ABDD1049D079B40
:10E82000039E029C019F00981D44764474447744E3
:10E830007044B5F5805F0495F044F3440396029468
:10E84000F14401970090F444FFF472AF0B99099AD8
:10E85000914200F06481DDF8348009910A9B059CA7
:10E860005E1EA4F10807022E0A9605977FF43CAFBE
:10E87000DDF82CB00998834500F0A681DFEDD72A9A
:10E880000D9B5D460BF5804695ED003A95ED042A0B
:10E8900073EE023A03F1200EC3ED003A95ED004A03
:10E8A000D5ED044A34EE645A05F1200A83ED045A8A
:10E8B000D5ED020A30EEA06A403583ED026A55EDCF
:10E8C0000A5A35EEA51A403303ED0A1A55ED0F1A10
:10E8D00055ED0D6A31EEA60A03ED0F0A55ED0B7AE0
:10E8E00015ED097A37EEC73A03ED0D3A15ED0B2A0F
:10E8F00055ED093A15ED0F4A55ED0D4A32EE235A02
:10E9000075EE640A35EE446A70EE845A36EE241AC7
:10E9100065EEA21A61EE226A43ED0B1A43ED096A15
:10E9200015ED080A55ED047A30EE277A03ED087AE2
:10E9300015ED083A15ED042A73EE423AAE42CEEDDB
:10E94000043A9AED024A74EE044ACEED024A9AED78
:10E95000065A75EE050ACEED060A9AED016ADAED61
:10E96000035A36EE251A8EED011ADAED051ADAEDA4
:10E97000076A31EEE60A8EED030ADAED057A9AEDC2
:10E98000077A9AED013A9AED032A77EE873A33EE49
:10E99000C24A73EEC34A34EE035A74EE820A25EE7D
:10E9A000226A60EEA25A8EED056ACEED075A7FF418
:10E9B0006BAF0D9A8A4900201032F0EE002A06460D
:10E9C000054668E050ED043A92ED024A1AF801005B
:10E9D00019F80190D2ED014AD2ED030A33EE846AB0
:10E9E00033EEC41A49EA0023B0EE465AF0EE415A1B
:10E9F0001B11A4EEA25A980000F50058A4EEE26A9A
:10EA000000F5805E00F5405CE0EEA25A0BEB830A55
:10EA1000D844A0EEE21ADE44DC448AED005A88EDC8
:10EA2000006ACEED005A8CED001AD4ED001A94ED78
:10EA3000020A7F5C765CD4ED017A94ED033A71EEC4
:10EA4000806A31EEC07A46EA0724B0EE662AF0EE1C
:10EA5000473A2311A7EEA22A980000F50058E7EEE6
:10EA6000E26A00F5805E00F5405CE3EE223A0BEBD3
:10EA7000830AD844A3EE627ADE44DC44EBB22F0A68
:10EA80008AED002AC8ED006ACEED003A8CED007ADE
:10EA90005E5C785C303212ED041A52ED021A12ED0F
:10EAA000030A52ED017A71EE216A31EE617A40EA91
:10EAB0000624B0EE663AB0EE472A2711A0EE223ABD
:10EAC000B80005F1040CE0EE626A00F5005800F5AC
:10EAD000805EA7EEA22A00F5405305F10806A7EED6
:10EAE000E27A0BEB8704D844DE445B4402F1100069
:10EAF000BCF5805F84ED003AF7B2C8ED006A5FFABA
:10EB00008CFA8EED002A4FEA1C2905F10C0504460B
:10EB10004FEA162683ED007A7FF454AF91E40D9D01
:10EB2000DDF82C80099599E6DDE90B8CE04526D0CF
:10EB300061464FF480424046FFF7EEB992ED001A6D
:10EB4000F0EC011A27EE015ADA4525EE210A38BF0A
:10EB500035F91E10BDEEC03A05EB4E0A13EE103A21
:10EB600038BF5B1803F30F010EF101039C42AAF8B2
:10EB7000001098BF1B1B32444FF0010A8DE40F9F19
:10EB8000F86C00287FF4D2A90F9D296A0D914FF4EB
:10EB900080428DE5119B0C93FFF7C3B943690D9338
:10EBA000FEF77BBDDDF83480119B4FF0040B1BFAA0
:10EBB00003F23FF4BFAA0E984146EAF7BBFB0F9A57
:10EBC00050681090FFF7B6BA4FF48042414658465D
:10EBD000EAF7B0FB0F994A6810924FE6F304353F0D
:10EBE00070C402083A483B4AD0F8883043F47003B6
:10EBF000C0F888301368002143F00103136091606E
:10EC00001368A0F1BC2C23F08473ACF1F00023F462
:10EC1000803313605060106882B020F4802313604A
:10EC2000D16000910191116841F48030106003E0DF
:10EC30000099B1F5A04F09D0136803F40031019198
:10EC4000009801300090019B002BF1D0214A106800
:10EC500010F4003318BF012301930199012905D055
:10EC60001B494FF000628A6002B07047194B1A4985
:10EC70001A6C1A4842F080521A640A6842F4404200
:10EC80000A60996899609A6842F4004199609A68AC
:10EC900042F4A05199605860186840F080721A6080
:10ECA00019688A01FCD50E4840F205620260996835
:10ECB000A0F5806C21F0030098609A6842F0020190
:10ECC0009960DCF8083003F00C000828F9D1C7E798
:10ECD00000ED00E00038024000700040085440079A
:10ECE000003C024010B436490268002322F00102C1
:10ECF000212488420260036043608360C360036133
:10ED0000446138D02F4B98422ED02F4CA0423CD09B
:10ED10002E49884240D02E4B984232D02D4CA042F2
:10ED200041D02D49884246D02C4B984217D02C49CF
:10ED300088423CD02B4B984216D02B4CA04224D07A
:10ED40002A49884228D02A4B98421AD0294CA042FE
:10ED500029D0294988422ED0284B984208D14FF01B
:10ED60003D5243F8AC2C03E04FF4746443F8204C5C
:10ED70005DF8044B704722493D2088605DF8044BE4
:10ED80007047204843F8640CF2E74FF4741244F8DB
:10ED9000382C5DF8044B70474FF0746341F8503CD9
:10EDA0005DF8044B7047184944F87C1CE0E73D20AF
:10EDB00041F8080CDCE7154C41F8944CD8E700BF4B
:10EDC00010600240286002404060024058600240EB
:10EDD0007060024088600240A0600240B86002405B
:10EDE00010640240286402404064024058640240BB
:10EDF0007064024088640240A0640240B86402402B
:10EE0000006002403D000020400F002000003D2037
:10EE100030B4CC680B684A692343D1E906541343E4
:10EE20002B43D1E9085223432B438D6A04681343D3
:10EE30004A6B2B4313430B4D8A6B254013432B43E3
:10EE400003600D6B4469CB6A24F007022B43134324
:10EE500043610C6944604B6883608968C16030BC61
:10EE6000704700BF3F801CF0036819B143F00102F6
:10EE70000260704723F00101016070470B060CD55A
:10EE80004369AAB143F08003802943610FD002682F
:10EE900001F01E01114301607047802907D0002A4C
:10EEA000F5D1036801F01E0123EA010202607047F8
:10EEB00023F0800280294261F3D1704770B5044687
:10EEC000C0F88C10C4F8902094301D46FDF738FA35
:10EED00004F19E00EAF79AFFD4F88C60049BC4F812
:10EEE000C4300B22002084F8BC20A4F8CA00C4F867
:10EEF000C05096F83510D4F8903001F00302D86E67
:10EF0000186783F8482096F83420E97A02F0010067
:10EF1000C0F1020002F00302002947D068605208E5
:10EF2000E9722A7296F836C02648DFED276AA0FB00
:10EF30000C02910801EB4100ACEB40022A7096F8FC
:10EF40003750224A224807EE105AB8EE470A4FF4CB
:10EF5000806160EE260AC3ED130A96F838E001EEF0
:10EF600010EAF8EE411A21EEA62A83ED142A96F84B
:10EF700039C002EE90CAB8EE623A63EE263AC3EDAB
:10EF8000153A96F83A60DA6607EE906AB8EE674A84
:10EF900064EE264AC3ED164AEAF7B0FC28B9082108
:10EFA000012384F8BC10A4F8CA3070BD6968884297
:10EFB00003D0686052080121B2E7287A80EA520142
:10EFC0005208ADE7ABAAAAAA8180803B000080BFAF
:10EFD00000080240D0E9233292F8481083F8351037
:10EFE000D0F8C0104A68097AA2F10102B2FA82F29E
:10EFF000520909B142F0020283F83420D0F8C0105F
:10F00000DFED1C6A91F800C083F836C0D0F890207C
:10F0100092ED137A27EE260AFCEEC07A17EE901ACC
:10F0200083F83710D0F89020D2ED140A20EEA61AFB
:10F03000FCEEC11A11EE901A83F83810D0F8902027
:10F0400092ED152A62EE262ABCEEE23A13EE101A71
:10F0500083F83910D0F89020D2ED163A23EEA64A64
:10F06000FCEEC44A14EE901A83F83A10D0F88C00E3
:10F07000EBF72EB900007F432DE9F04100F1940633
:10F0800004463046FDF73CFAD54B94F8BC101D6899
:10F09000C5F34700EF0554BF40006FEA400005F09C
:10F0A0007F02C7B20B296AD8DFE811F0C9000C0053
:10F0B000F000060113012B013A014A015E017601BD
:10F0C0008F01A001D4F890109FEDC67AD1ED137A8C
:10F0D00027EE870AFCEEC00A10EE900A0306C2B2C1
:10F0E00000F1C28150005FFA80FE002284F8962071
:10F0F00084F89AE091ED141ADFEDBA1A21EE212A74
:10F10000FCEEC22A12EE908A5FEA08675FFA88F383
:10F1100000F1E6815A00D7B24FF0000C84F897C096
:10F1200084F89B7091ED153ADFEDAE3A23EE234A59
:10F13000FCEEC44A14EE90EA5FEA0E605FFA8EF3CA
:10F1400000F1C5815F00F8B24FF0000884F89880A4
:10F1500084F89C0091ED165ADFEDA25A25EE256A3F
:10F16000FCEEC66A16EE901A0B06CAB200F1A88130
:10F170005200D7B2002084F8990084F89D70D4F82A
:10F18000C03003F5805C9CF8D5779CF8C4272FB17C
:10F1900005F4F875002D08BF82F0010284F8942070
:10F1A000987A20B93046BDE8F041FDF7F3B8D4F8BD
:10F1B000C4308D49D3E9007E7745B8BF7746FA1150
:10F1C00031F91250002D18DB6800B0F5404F1DDA00
:10F1D000B0F5004FC0F22481C0F387154FF0000C4A
:10F1E000FF2184F8985084F89C5084F897C084F8E4
:10F1F0009B1084F896C084F89A104FF0010E84F8A2
:10F2000094E03046BDE8F041FDF7C4B8FF27002286
:10F21000C0F387104FF0010E84F8990084F89D2008
:10F2200084F8987084F89C7084F8972084F89B7018
:10F2300084F8962084F89A7084F894E0E1E7D4F892
:10F24000C430694FD3E900C06045B8BF6046C11102
:10F2500037F91120002A92DB5300B3F5404F80F2BA
:10F260001981B3F5004FC0F27A81C3F3871EFF27DF
:10F27000002384F898E084F89CE084F8973084F8C0
:10F28000963084F89B7084F89A7078E7D4F8C07050
:10F290007968387AA1F10101B1FA81F35F0908B107
:10F2A00047F0020727444FF0FF084FF0000C87F8A3
:10F2B000968087F89AC062E7D4F8903093F848E0D7
:10F2C000A6444FF0000CFF228EF896C08EF89A20CC
:10F2D00055E7402A00F2B680D4F8C08098F80000C4
:10F2E00017FB07F703284FEA172300F202815B0898
:10F2F0002044A3F18007D94380F8967080F89A10D3
:10F300003DE794F8C800402A20444FF0FF324FF008
:10F31000000198BF002280F89A2080F896102EE70E
:10F3200094F8C830402A23444FF0FF3E4FF00008C5
:10F3300098BF4FF0000E83F896E083F89A801EE79E
:10F34000FF274FF0000C84F8967084F89AC084F878
:10F35000977084F89BC084F8987084F89CC084F8F7
:10F36000997084F89DC00AE7402A4FF0FF3298BF99
:10F370000022D0B2002184F8960084F89A0084F824
:10F38000970084F89B0084F8981084F89C1084F807
:10F39000991084F89D10F2E6402A4FF0FF3E98BF86
:10F3A0004FF0000E5FFA8EF884F8968084F89A8009
:10F3B00084F8978084F89B8084F8988084F89C80F7
:10F3C00084F8998084F89D80D9E694F8C8C0A44454
:10F3D000FF2300278CF896308CF89A70CFE600BF98
:10F3E0007002002000007F43CCA802082B0AA80569
:10F3F000C5F3870203F1010354BF52006FEA4202D2
:10F40000DFB2F943D0B201F00308010635D4410060
:10F41000CFB20022A04488F8962088F89A70AEE611
:10F42000B0F5804F4FF000072EDBC0F387124FF08E
:10F43000FF0884F8977084F89B2084F8967084F80D
:10F440009A80DAE6002084F8960084F89A0084F81E
:10F45000970084F89B0084F8980084F89C0084F856
:10F46000990084F89D008AE6BF2A5CD940326FEA91
:10F4700082035FFA83FEFF2238E6BF285ED8800051
:10F4800000F0FC02FF27C5E7831184F8967084F82A
:10F490009A30B2E6FF204FF00008C3F3871184F8DA
:10F4A000991084F89D8084F8980084F89C0084F872
:10F4B000978084F89B0084F8968084F89A005EE632
:10F4C000BF2A41D8910001F0FC00FF2753E6BF2B73
:10F4D00040D940336FEA8300C0B24FF0FF0835E6F1
:10F4E000BF2B26D940336FEA8307FFB24FF0FF0CE2
:10F4F00014E65F08042247F0800104F19600E8F763
:10F5000047FE87F0FF01042204F19A00E8F740FE6D
:10F5100098F8001001F00308A044002288F8962013
:10F5200088F89A202BE6970007F0FC024FF0FF0EB8
:10F53000DCE5980000F0FC0CFF27EFE540306FEAB7
:10F540008003DFB2FF2265E740326FEA8203DFB259
:10F55000FF2010E69A0002F0FC08FF20F6E5B3F564
:10F56000804F4FF000070BDBC3F38711FF2284F8B5
:10F57000977084F89B1084F8967084F89A20FEE5C2
:10F58000981184F8967084F89A00F8E52DE9F04710
:10F590004D4D2B6800F19E060446013330462B602A
:10F5A000EAF75CFC0022304604F1A40304F1040CE9
:10F5B0004FF0040E164640F6C41710F8011B8029C0
:10F5C00050D041BBD3F800A0BAF1000F06D0D5F857
:10F5D0000090A9EB0A08B8F57A7F5BDCD968B9B36B
:10F5E000D5F80080A8EB0101B94231DDD4F888A03C
:10F5F0000CEBCA090CF83AE0C9F804100AF1010151
:10F6000001F00F01A9F80220C4F8881029682160D0
:10F61000DE6010F8011C7F291AD1D3F800A0BAF1DE
:10F62000000F15D029680131A1EB0A08D4F8881021
:10F630000CF831E00CEBC109013101F00F01C9F800
:10F640000480A9F80220C4F88810296821601E608F
:10F650000132032A03F10403AFD12046BDE8F0478D
:10F66000FFF70ABDD4F888100CF831E00CEBC108A4
:10F67000013101F00F01A8F80220C8F80460C4F8B5
:10F68000881029682160296819602968D96010F8F4
:10F69000011C96E7D4F888900CEBC90A0CF839E005
:10F6A000CAF8048009F1010808F00F09AAF802203D
:10F6B000C4F88890D5F800A0C4F800A0196010F82C
:10F6C000011C00298AD0C3E77002002038B54B889E
:10F6D000054613B1012B0ED038BD0C460B484FF434
:10F6E0008061EAF70BF970B90422022085F8BC208A
:10F6F000A5F8CA0038BD05484FF40061EAF7FEF8E6
:10F700000028F1D0E8E76388E4E700BF0008024082
:10F71000D0F890309FED196A5A89D3ED1F7A07EE21
:10F72000102AB8EE470AF1EE675AD0EE067A10B505
:10F73000FEEE006AF4EEE67AF1EE10FA044604DD1D
:10F74000F5EEC07AF1EE10FA03D4072084F8BC007D
:10F7500010BDF3EE080A80EEA71A9969D0F88C0064
:10F76000F2EE081AE5EE811A81ED011AC1ED001AD8
:10F77000EAF7AEFD002384F8BC3010BD00008037EE
:10F7800070B54B88012B8EB0044604D0022B2ED0CE
:10F79000D3B10EB070BD90F8BC20082A3FD0092A22
:10F7A00000F0ED80062A00F0BA80052A00F0EC8017
:10F7B000042A00F0FD804868B0F57A7FACBF0620CF
:10F7C000052084F8BC00E4E74E6840F6C3139E426F
:10F7D00020DCB6F57A7F90F8BC10C0F28E8002294A
:10F7E00000F099804FF0020C80F8BCC0D1E74E6861
:10F7F00040F6C3139E42CCDCD0F8C040B6F57A7F09
:10F8000004F5805072DB90F8D52782F0010580F86E
:10F81000D557BEE7042084F8BC000EB070BDD0F808
:10F820009060DFED8F7A738930887188B6F804C0F4
:10F83000F288358907EE103A02EE900AB389F08912
:10F8400003EE101A03EE90CA318AB6F812C004EE25
:10F85000102A04EE905A05EE103A05EE900A06EED4
:10F86000101A06EE90CAF8EE631AB8EE470AF8EEE0
:10F87000620AB8EE431AB8EE442AF8EE644AB8EECB
:10F88000455AF8EE655AB8EE466AF8EE666AB2690D
:10F8900020EE277A60EEA72A21EE273A21EEA70A6A
:10F8A00062EE270A64EEA73A25EE274A25EEA71A4C
:10F8B00066EE271A66EEA77A092586ED1F7AC2ED55
:10F8C000022A82ED033A82ED040AC2ED050AC2ED76
:10F8D000063A82ED077A82ED084A82ED091AC2EDF6
:10F8E0000A1AC2ED0B7A84F8BC5052E790F8C4179C
:10F8F00081F0010C80F8C4C74BE701293BD90329EB
:10F9000000F08280022965D0042900F08980481F18
:10F91000012840F28E80002384F8BC3039E7514939
:10F92000D0F8C0000A6800250A2684F8BC6001955A
:10F93000053243720B689A42FCD2F1F7A9F8D4F869
:10F94000C00001AA02A9F1F7D7F894F8C810D4F8BA
:10F950008C00019B02AAEAF703FCD4F8C000002146
:10F96000417294F8C82084F8BC10013202F00305FB
:10F9700084F8C8500DE7032180F8BC1009E70EB0E9
:10F98000BDE87040FFF7C4BE90F8C8C0D0F8C00012
:10F990000CF204414904F2F727F994F8C800013049
:10F9A000002600F0030384F8C83084F8BC60F0E659
:10F9B000D0F8C0102C4D0E780136A5FB06439C08EC
:10F9C00004EB4402A6EB42050D700EB0BDE870409A
:10F9D000FFF700BBD0F8C0205568167AA5F10103E7
:10F9E000B3FA83F14B090EB143F002030133D07A2D
:10F9F00003F0010ECEF1020118B35160C3F34003CE
:10FA0000D07213722046E0E7D0F8904094F8482076
:10FA1000E56E2567013202F0030684F84860D4E7FA
:10FA2000D0F8C0603378CBB1581EC1B231702046D7
:10FA3000CBE794F8C820013202F0030584F8C850DF
:10FA4000A7E68D4204D05160C3F340030120D7E7FD
:10FA5000C3F34003556086EA0300D1E70521E5E7DB
:10FA60000000803770020020ABAAAAAA30B5D0F8F7
:10FA70008830D0F884200446981A020783B030D02A
:10FA80006D4606E0D4F88830D4F884105A1A13076B
:10FA900027D0D4F8843004EBC3010431D1E900014C
:10FAA00085E803009DF80000013303F00F020428ED
:10FAB000C4F88420E6D1019B002B43D0B3F57A7FB4
:10FAC00006DBBDF8021019B994F89F20002A46D031
:10FAD000B4F8CA0000283AD129462046FFF750FE64
:10FAE000D0E7254D20682B68191AB1F57A7F33D9F4
:10FAF00094F8BC20072A14D0012A18D9032A16D05A
:10FB00002B6840F6B831181A884208D994F8BC30EE
:10FB10002D6825605A1E052A28D90B2B26D003B044
:10FB200030BD286820604FF0000C84F8BCC0D4F8C9
:10FB3000903093F87810B9B128682060012284F8D9
:10FB4000BC20DDE729462046FFF7C0FD9AE700F11B
:10FB5000FF3CA4F8CAC095E794F8BC20CCE7C4F8F1
:10FB6000A82084F8BC008DE72068C9E7002184F84C
:10FB7000BC1003B030BD00BF700200204B0901F083
:10FB80001F01042B00F2AB80DFE803F00303292000
:10FB90000A00D0F8902032F81110090A0846704780
:10FBA00079B310B5012982B030D00190FFF7B0FDD4
:10FBB0000198D0F890100024CA6E81F848400A6776
:10FBC000FFF708FA2346184602B010BD0039D0F8F6
:10FBD000C00018BF01218172002108467047022928
:10FBE00007D8014491F89E30B3FA83F041090846E2
:10FBF0007047D0F8902003290CBF917DD17D084635
:10FC00007047082380F8BC3008467047D0F8901041
:10FC1000DFED347A4C89B1F800C04A888B8807EE52
:10FC2000104A02EE90CACC88B1F808C003EE102A40
:10FC300003EE903A8A89CB8904EE104A04EE90CA0A
:10FC40000C8AB1F812C005EE102A05EE903A06EEC5
:10FC5000104A06EE90CAF8EE631AB8EE470AF8EEBC
:10FC6000620AB8EE431AB8EE442AF8EE644AB8EED7
:10FC7000455AF8EE655AB8EE466AF8EE666A8A6941
:10FC800020EE277A60EEA72A21EE273A21EEA70A76
:10FC900062EE270A64EEA73A25EE274A25EEA71A58
:10FCA00066EE271A66EEA77A092481ED1F7A0023F3
:10FCB000C2ED022A82ED033A82ED040AC2ED050A82
:10FCC000C2ED063A82ED077A82ED084A82ED091A02
:10FCD000C2ED0A1AC2ED0B7A80F8BC4073E700212E
:10FCE0005CE700BF0000803738B504460D46ECF7EE
:10FCF0004BFC04F11400FCF70BFC2822A561002149
:10FD000004F11C00E8F744FA002300220C48E364E5
:10FD100023656365A365E36523666366A366C4F82C
:10FD2000803084F88430C4F8853084F88930626487
:10FD3000E26684F84830606784F8783038BD00BFE8
:10FD4000000080BF90F8483090ED177A002B00F04B
:10FD5000C580DFED707AA7EE677A012B80ED177A08
:10FD60005AD190ED182ADFED6C2A30EEC23A021D0E
:10FD7000A3EE222A80ED182A92ED185A9FED657A9B
:10FD80009FED661ADFED647AA5EE475A032B18BF84
:10FD9000F0EE410A82ED185A18BFF0EE477AD2ED24
:10FDA000191A70EEE10AFFEE006AE0EEA71AC2ED42
:10FDB000191AD0ED1D7AF4EE667AF1EE10FA7AD1C6
:10FDC000002180ED1D0A80F8781090ED1B3AFFEEBF
:10FDD000003AB4EE633AF1EE10FA34D1B0EE405A84
:10FDE00080ED1C0A1233B7EE003AB4EEC35AF1EEBE
:10FDF00010FADFED4A3A88BFB0EE435AB4EEE35A48
:10FE0000F1EE10FA00EB8303B8BFB0EE635A83ED56
:10FE1000015A80ED1B0A704790ED181AA1EE671A7F
:10FE2000022B00F1040280ED181AA5D1D0ED191AA9
:10FE3000DFED396A30EEE16ADFED380AE6EE261AC8
:10FE4000C0ED191AABE730EE434A1233B5EEC04AA3
:10FE500000EB830CF1EE10FA9CED015A50DDDFED62
:10FE6000301A71EEC54A31EEC31AF2EE045AC4EEEE
:10FE7000817AD0ED1C6ADFED280ADFED2A2AF4EE44
:10FE8000E57AF1EE10FA30EE666A88BFF0EE657A38
:10FE9000F4EEE07AB0EEC62AF1EE10FAB4EEE22A01
:10FEA000B8BFF0EE607AF1EE10FA9CD41E4A0267F9
:10FEB000A4EE275A97E730EE676A9FED1A2AF0EE14
:10FEC000C62AF4EEC22AF1EE10FACCBF01220022BB
:10FED00080F87820C8BF80ED1D0A76E7D0ED183A8B
:10FEE0009FED0D4ADFED0B4A70EEC75AE3EEE43AA0
:10FEF000021DA5EE847AC0ED183A80ED177A3BE733
:10FF00009FED0A7AF2EE045A75EE074A33EE071AAD
:10FF1000ADE700BF6F12033BCDCCCC3D000000002D
:10FF2000C520803F0AD7A33C000080BF6F12833AF0
:10FF300038B5C64B044600881A7807EE900A0D467D
:10FF4000FBEEC87A1AB1B7EE007A77EE677A597885
:10FF500021B1A26992ED020A77EEC07AD4ED075A78
:10FF6000D3ED016A6088197A77EEE50A02EE100A8D
:10FF7000E0EEA65ABBEEC82AC4ED075A19B1B7EE97
:10FF8000001A31EE422A5A7A22B1A069D0ED031A42
:10FF900032EE612A94ED087A93ED036AA1881A7C07
:10FFA00072EE472A04EE101AA6EE227ABBEEC84A79
:10FFB00084ED087A1AB1B7EE003A33EE444A587C21
:10FFC00020B1A169D1ED043A34EE634A94ED095AA7
:10FFD000D3ED054AB4F806C01A7E34EE450A07EEA2
:10FFE00090CAA4EE805AFBEEC87AF0EE450A84ED82
:10FFF000095A1AB1F7EE006A76EEE77A587E20B118
:020000040802F0
:10000000A16991ED051A77EEC17AD4ED0A3AD3EDE4
:10001000071AB4F808E093F8202037EEE32A03EE3D
:1000200010EAE1EE823ABBEEC83AB0EE635AC4ED94
:100030000A3A1AB1B7EE006A36EE433A93F8210055
:1000400020B1A169D1ED062A33EE623A94ED0B4A54
:10005000D3ED094AB4F80AC093F8282033EE440AD5
:1000600007EE90CAA4EE804AFBEEC87A84ED0B4AF4
:100070001AB1F7EE006A76EEE77A93F8290020B11C
:10008000A16991ED071A77EEC17AD4ED0C3AD3ED60
:100090000B1AB4F80CE093F8302037EEE32A03EEA5
:1000A00010EAE1EE823ABBEEC83AC4ED0C3A1AB15E
:1000B000B7EE006A36EE433A93F8310020B1A169F9
:1000C000D1ED082A33EE623A94ED0D0A93ED0D4A14
:1000D000B4F80EC093F8382073EE404A07EE90CA89
:1000E000A4EE240AFBEEC87A84ED0D0A1AB1F7EEED
:1000F000006A76EEE77A93F8390020B1A16991EDB4
:10010000091A77EEC17AD4ED0E3AD3ED0F1AB4F88E
:1001100010E093F8402037EEE32A03EE10EAE1EE18
:10012000823ABBEEC83AC4ED0E3A1AB1B7EE006A95
:1001300036EE433A93F8410020B1A169D1ED0A2A85
:1001400033EE623AD4ED0F4A93ED114AB4F812C07F
:1001500093F8482033EE641A06EE90CAE4EE014AA2
:10016000FBEEC86AC4ED0F4A1AB1F7EE007A77EEDB
:10017000E66A93F8490020B1A169D1ED0B1A76EE39
:10018000E16A94ED102A93ED136A9FED331A36EE6F
:10019000C23AF0EE002AA6EE032AB7EE004AE2EEDB
:1001A000624A70EEC50AF4EEC44AF1EE10FA88BF56
:1001B000F0EE444AF4EEC14AF1EE10FAB4EEC47A1D
:1001C000B8BFF0EE414AF1EE10FA88BFB0EE447AC3
:1001D000B4EEC17AF1EE10FAF4EEC10AB8BFB0EE97
:1001E000417AF1EE10FA84ED102AC5ED005AC5ED02
:1001F000044A85ED037A00F10281F4EEC40AF1EEBF
:1002000010FAD8BFB0EE604A85ED014AF8EE005A08
:1002100063EEA50A2046FFF795FD94ED135A94ED81
:10022000170A9FED0B7A75EE003AF4EEC73AF1EE3D
:1002300010FA15D4DFED074AF4EEE43AF1EE10FAC5
:1002400040F3D680F7EE001A0CE000BF1402002045
:10025000320CC33C9FE7793F00000000000080445F
:100260005FED031A94ED1A2AD4ED166A94ED156A1F
:1002700094ED194A5FED080AD4ED145A94ED185A1A
:1002800094ED0B7AA0695FED0B3A604A76EE822A14
:10029000B7EE003AF4EEC32AF1EE10FA36EE041A85
:1002A00088BFF0EE432AF4EEE02AF1EE10FAB4EE45
:1002B000C31AB8BFF0EE602AF1EE10FA35EE850AE7
:1002C00088BFB0EE431AB4EEE01AF1EE10FAB4EEC5
:1002D000C30AB8BFB0EE601AF1EE10FA88BFB0EEF4
:1002E000430A27EE232A94ED0C3A90ED007A90ED24
:1002F000016AC5ED051AFDEEC24AA3EE067AB4EE18
:10030000E00AF1EE10FA14EE903AD4ED111AC5EDB0
:10031000082AB8BFB0EE600A85ED071A85ED060A17
:1003200002EB830E77EE615ADEED007A9EED014A14
:10033000F8EEE42AB6EE005AB0EEE50A32EE621AA2
:1003400074EE670AB4EEC50AF1EE10FAE1EE207A17
:1003500005DCDFED2F3AB0EE617AA5EEA37A37EE39
:10036000272A9FED2C3A84ED117AB4EEC32AF1EEE0
:1003700010FA2FD585ED023A04F11400FCF7E2F8EB
:10038000A17D01BB237D002B3CD194F8801094F813
:1003900085E085F826E085F82510E57DD4F88130E4
:1003A000D4F886C0C4F88030C4F885C0F5B1607D4B
:1003B00080F0010284F8842084F889502046BDE84A
:1003C0003840ECF79FB9227D002ADED1012085F864
:1003D0002400DAE7DFED104AB4EEE42AF1EE10FA79
:1003E000C8BFB0EE642A85ED022AC5E72A46E1E7D8
:1003F000DFED0A7ADFED0A1AE3EEA71A32E785EDA0
:10040000011A03E785F82410BFE700BFC8580208A7
:10041000CDCC4C3E000040C2000040426666863FA4
:10042000CDCCCCBC2DE9F04F97B004460A93D2E96D
:100430000003DDF880B00A684968219D09920EAE7C
:1004400012AFB0EB8B0FCDE91433CDE91000CDE93D
:100450000E22CDE91211C4F864510C960D974FEAA3
:100460008B03C0F08980C11A1A4410910E920DF1CD
:10047000580808EB850959F82C6CB7689F427ED361
:1004800031680B91F81A0B44B0603360002D46DDE3
:100490004FEA5B0AAAF110050EA8AA000BEB5B0657
:1004A000079282684FEA860804F1FC0790454FEAFC
:1004B0009B0304F15C0AB9464FF007064FF00005B4
:1004C0002BD80168A2EB080201EB080C8260C0F88F
:1004D00000C00A980290CDE9031909980B9901917F
:1004E00000900799B2FBF1FE504676455A462146E8
:1004F00028BF76460893FCF777FED4F864310135BF
:10050000AB4209F134090AF1500A0BDD0CAA089B31
:1005100052F8250082689045D3D90021D9E717B059
:10052000BDE8F08F002BFADD0EAB079DA2469C685C
:1005300006FB05F8A0450DF134094FF00005A4EBCA
:10054000080217D819689A6001EB0800186038464D
:1005500033465A46EAF7A2F8DAF864110135A9429F
:1005600007F13407DBDD59F8043B9C68A045A4EB98
:100570000802E7D90021EAE70020099077E7002385
:100580000B9383E72DE9F04F8946D0F8641183B0CF
:100590000029DDF830801ADD074615461C4600F1BB
:1005A0005C0B00264FF0020A23462A465846CDE946
:1005B000008A4946FCF7BCFED7F864310136B342E5
:1005C0000BF1500B05F1040504F10404ECDC03B05D
:1005D000BDE8F08FD0F86431002B0FDD70B5064612
:1005E00000F15C0500242846FCF7A8FFD6F864015A
:1005F0000134A04205F15005F5DC70BD704700BF25
:1006000000234FF0010CC0E900128360C36180F841
:1006100024C0704790F82430002B40F099802DE9D9
:10062000F04FD0E904654268D0F800A06C115FEA91
:10063000661905F01F0C02EB84017FD0AAF10408B3
:1006400019F0010F52F82440CCF1200E08EB890775
:1006500022D004FA0CFB51F8044FDAF8003024FAE7
:100660000EF242EA0B025340DB435A0802F05532C5
:100670009B1A9A08D04602F0333903F0333ACA4441
:100680000AEB1A1B0BF00F3303EB032202EB0243BE
:1006900047454FEA13634CD004FA0CF9D1E9012421
:1006A000D8F804A022FA0EFB4BEA090989EA0A0BE2
:1006B00002FA0CFA24FA0EF26FEA0B0942EA0A0B6C
:1006C000D8F808204FEA590A8BEA0202D2430AF00E
:1006D000553BA9EB0B0A4FEA520909F0553B4FEA8B
:1006E0009A09A2EB0B020AF0333A09F0333BDA44E1
:1006F0000AEB1A1909F00F3A0AEB0A2B0BEB0B491C
:100700004FEA920A03EB196B02F033330AF03332EB
:10071000134403EB131909F00F3A0AEB0A2308F10B
:10072000080803EB0342474501F108010BEB126394
:10073000B2D18169994238BFC0E906350135AE4270
:10074000CCBF00260126456180F82460BDE8F08F0B
:10075000704700BF10B40024C0E90644C0E9041487
:1007600080F82440C0E902235DF8044B704700BFC5
:100770000000004B000000CB0000803F6507803F79
:10078000CA0E803F3016803F961D803FFD24803F7B
:10079000642C803FCC33803F343B803F9C42803F81
:1007A000054A803F6E51803FD858803F4260803F6D
:1007B000AC67803F176F803F8376803FEF7D803F3F
:1007C0005B85803FC88C803F3594803FA29B803FF3
:1007D00010A3803F7EAA803FEDB1803F5DB9803F8E
:1007E000CCC0803F3CC8803FADCF803F1ED7803F0C
:1007F0008FDE803F01E6803F73ED803FE6F4803F6F
:1008000059FC803FCD03813F410B813FB512813FB1
:100810002A1A813F9F21813F1529813F8B30813FDB
:100820000238813F793F813FF046813F684E813FEA
:10083000E055813F595D813FD264813F4C6C813FDF
:10084000C673813F407B813FBB82813F368A813FB7
:10085000B291813F2E99813FABA0813F28A8813F73
:10086000A5AF813F23B7813FA1BE813F20C6813F15
:100870009FCD813F1FD5813F9FDC813F20E4813F99
:10088000A1EB813F22F3813FA4FA813F2602823F00
:10089000A909823F2C11823FAF18823F3320823F4B
:1008A000B827823F3C2F823FC236823F473E823F7D
:1008B000CE45823F544D823FDB54823F635C823F92
:1008C000EB63823F736B823FFC72823F857A823F8B
:1008D0000E82823F9889823F2391823FAE98823F69
:1008E00039A0823FC5A7823F51AF823FDEB6823F2B
:1008F0006BBE823FF9C5823F87CD823F15D5823FCF
:10090000A4DC823F33E4823FC3EB823F53F3823F58
:10091000E4FA823F7502833F060A833F9811833FC2
:100920002A19833FBD20833F5028833FE42F833F14
:100930007837833F0D3F833FA246833F374E833F47
:10094000CD55833F635D833FFA64833F916C833F62
:100950002974833FC17B833F5983833FF28A833F5E
:100960008C92833F259A833FC0A1833F5AA9833F3E
:10097000F5B0833F91B8833F2DC0833FC9C7833F04
:1009800066CF833F04D7833FA1DE833F40E6833FAA
:10099000DEED833F7DF5833F1DFD833FBD04843F36
:1009A0005D0C843FFE13843F9F1B843F4123843FA3
:1009B000E32A843F8632843F293A843FCC41843FF6
:1009C0007049843F1551843FB958843F5F60843F2C
:1009D0000468843FAA6F843F5177843FF87E843F48
:1009E0009F86843F478E843FF095843F989D843F47
:1009F00042A5843FEBAC843F95B4843F40BC843F28
:100A0000EBC3843F96CB843F42D3843FEFDA843FED
:100A10009BE2843F49EA843FF6F1843FA4F9843F96
:100A20005301853F0209853FB110853F6118853F1D
:100A30001220853FC227853F742F853F2537853F8C
:100A4000D73E853F8A46853F3D4E853FF055853FE1
:100A5000A45D853F5865853F0D6D853FC274853F18
:100A6000787C853F2E84853FE58B853F9C93853F31
:100A7000539B853F0BA3853FC3AA853F7CB2853F2F
:100A800035BA853FEFC1853FA9C9853F64D1853F10
:100A90001FD9853FDAE0853F96E8853F52F0853FD4
:100AA0000FF8853FCCFF853F8A07863F480F863F7A
:100AB0000717863FC61E863F8526863F452E863F02
:100AC0000636863FC73D863F8845863F4A4D863F6E
:100AD0000C55863FCE5C863F9164863F556C863FC1
:100AE0001974863FDD7B863FA283863F678B863FF6
:100AF0002D93863FF39A863FBAA2863F81AA863F0E
:100B000049B2863F11BA863FD9C1863FA2C9863F06
:100B10006BD1863F35D9863FFFE0863FCAE8863FE6
:100B200095F0863F61F8863F2D00873FF907873FA4
:100B3000C60F873F9417873F621F873F3027873F45
:100B4000FF2E873FCE36873F9E3E873F6E46873FCC
:100B50003E4E873F0F56873FE15D873FB365873F36
:100B6000856D873F5875873F2B7D873FFF84873F83
:100B7000D38C873FA894873F000000001845213A96
:100B800008DC2A3AF304353A87C83F3AF52F4B3A46
:100B9000FD44573AF011643ABFA1713A0000803A1F
:100BA0007D9C873AD6AC8F3AF037983A1845A13AEF
:100BB00008DCAA3AF304B53A87C8BF3AF52FCB3A16
:100BC000FD44D73AF011E43ABFA1F13A0000003BEE
:100BD0007D9C073BD6AC0F3BF037183B1845213BBB
:100BE00008DC2A3BF304353B87C83F3BF52F4B3BE2
:100BF000FD44573BF011643BBFA1713B0000803BBB
:100C00007D9C873BD6AC8F3BF037983B1845A13B8A
:100C100008DCAA3BF304B53B87C8BF3BF52FCB3BB1
:100C2000FD44D73BF011E43BBFA1F13B0000003C89
:100C30007D9C073CD6AC0F3CF037183C1845213C56
:100C400008DC2A3CF304353C87C83F3CF52F4B3C7D
:100C5000FD44573CF011643CBFA1713C0000803C56
:100C60007D9C873CD6AC8F3CF037983C1845A13C26
:100C700008DCAA3CF304B53C87C8BF3CF52FCB3C4D
:100C8000FD44D73CF011E43CBFA1F13C0000003D25
:100C90007D9C073DD6AC0F3DF037183D1845213DF2
:100CA00008DC2A3DF304353D87C83F3DF52F4B3D19
:100CB000FD44573DF011643DBFA1713D0000803DF2
:100CC0007D9C873DD6AC8F3DF037983D1845A13DC2
:100CD00008DCAA3DF304B53D87C8BF3DF52FCB3DE9
:100CE000FD44D73DF011E43DBFA1F13D0000003EC1
:100CF0007D9C073ED6AC0F3EF037183E1845213E8E
:100D000008DC2A3EF304353E87C83F3EF52F4B3EB4
:100D1000FD44573EF011643EBFA1713E0000803E8D
:100D20007D9C873ED6AC8F3EF037983E1845A13E5D
:100D300008DCAA3EF304B53E87C8BF3EF52FCB3E84
:100D4000FD44D73EF011E43EBFA1F13E0000003F5C
:100D50007D9C073FD6AC0F3FF037183F1845213F29
:100D600008DC2A3FF304353F87C83F3FF52F4B3F50
:100D7000FD44573FF011643FBFA1713F0000803F29
:100D80007D9C873FD6AC8F3FF037983F1845A13FF9
:100D900008DCAA3FF304B53F87C8BF3FF52FCB3F20
:100DA000FD44D73FF011E43FBFA1F13F00000040F8
:100DB0007D9C0740D6AC0F40F037184018452140C5
:100DC00008DC2A40F304354087C83F40F52F4B40EC
:100DD000FD445740F0116440BFA1714000008040C5
:100DE0007D9C8740D6AC8F40F03798401845A14095
:100DF00008DCAA40F304B54087C8BF40F52FCB40BC
:100E0000FD44D740F011E440BFA1F1400000004193
:100E10007D9C0741D6AC0F41F03718411845214160
:100E200008DC2A41F304354187C83F41F52F4B4187
:100E3000FD445741F0116441BFA171410000804160
:100E40007D9C8741D6AC8F41F03798411845A14130
:100E500008DCAA41F304B54187C8BF41F52FCB4157
:100E6000FD44D741F011E441BFA1F141000000422F
:100E70007D9C0742D6AC0F42F037184218452142FC
:100E800008DC2A42F304354287C83F42F52F4B4223
:100E9000FD445742F0116442BFA1714200008042FC
:100EA0007D9C8742D6AC8F42F03798421845A142CC
:100EB00008DCAA42F304B54287C8BF42F52FCB42F3
:100EC000FD44D742F011E442BFA1F14200000043CB
:100ED0007D9C0743D6AC0F43F03718431845214398
:100EE00008DC2A43F304354387C83F43F52F4B43BF
:100EF000FD445743F0116443BFA171430000804398
:100F00007D9C8743D6AC8F43F03798431845A14367
:100F100008DCAA43F304B54387C8BF43F52FCB438E
:100F2000FD44D743F011E443BFA1F1430000004466
:100F30007D9C0744D6AC0F44F03718441845214433
:100F400008DC2A44F304354487C83F44F52F4B445A
:100F5000FD445744F0116444BFA171440000804433
:100F60007D9C8744D6AC8F44F03798441845A14403
:100F700008DCAA44F304B54487C8BF44000000005D
:100F800000000000E6E91D34E4E91D351EA7B13577
:100F9000DEE91D3664BD76360FA7B13603CEF136D5
:100FA000C6E91D37D3DB473729BD7637E24695378B
:100FB000D1A6B137617ED03790CDF1372FCA0A382C
:100FC00064E91D386744323837DB4738D3AD5E38C3
:100FD0003BBC763836038838344695381527A33815
:100FE000DAA5B13883C2C0380D7DD0387AD5E03863
:100FF000C8CBF138FBAF013902C90A39F9301439CD
:10100000DFE71D39B4ED27397742323928E63C391C
:10101000C7D84739541A5339CDAA5E39328A6A394A
:1010200084B87639E09A8139F40088397D8E8E391A
:101030007B439539EE1F9C39D523A339314FAA390B
:1010400000A2B139431CB939F9BDC0392387C83969
:10105000BF77D039CD8FD8394ECFE0394136E93915
:10106000A5C4F1397A7AFA39E0AB013A3B2E063A57
:101070004EC40A3A196E0F3A9C2B143AD7FC183A10
:10108000C8E11D3A71DA223AD1E6273AE8062D3A4C
:10109000B53A323A3882373A72DD3C3A624C423ADB
:1010A00007CF473A62654D3A720F533A38CD583AF6
:1010B000B29E5E3AE183643AC47C6A3A5C89703AD3
:1010C000A7A9763AA6DD7C3AAC92813A5FC0843A11
:1010D000ECF7873A52398B3A91848E3AA9D9913AF2
:1010E0009A38953A64A1983A07149C3A83909F3AAB
:1010F000D616A33A03A7A63A0741AA3AE4E4AD3AC2
:101100009892B13A244AB53A880BB93AC3D6BC3A58
:10111000D6ABC03AC08AC43A8073C83A1866CC3A93
:101120008762D03ACC68D43AE778D83AD992DC3A98
:10113000A1B6E03A3FE4E43AB21BE93AFB5CED3A8F
:101140001AA8F13A0EFDF53AD75BFA3A75C4FE3AA1
:10115000749B013B98D9033BA61C063B9E64083B4D
:1011600080B10A3B4C030D3B025A0F3BA2B5113B29
:101170002C16143B9F7B163BFBE5183B41551B3B54
:1011800071C91D3B8942203B8BC0223B7643253BE6
:1011900049CB273B06582A3BABE92C3B39802F3BF8
:1011A000AF1B323B0EBC343B5661373B850B3A3BA1
:1011B0009DBA3C3B9C6E3F3B8427423B53E5443BFE
:1011C0000AA8473BA96F4A3B2F3C4D3B9D0D503B26
:1011D000F2E3523B2EBF553B519F583B5B845B3B38
:1011E0004C6E5E3B245D613BE250643B8749673B4C
:1011F00012476A3B84496D3BDB50703B195D733B82
:101200003C6E763B4684793B359F7C3B0ABF7F3BF7
:10121000E271813BB206833BF49D843BA937863B58
:10122000D0D3873B6A72893B76138B3BF5B68C3BF8
:10123000E55C8E3B4805903B1DB0913B645D933B64
:101240001D0D953B48BF963BE473983BF32A9A3BB0
:1012500073E49B3B65A09D3BC85E9F3B9D1FA13BEC
:10126000E3E2A23B9BA8A43BC470A63B5E3BA83B29
:101270006A08AA3BE6D7AB3BD4A9AD3B337EAF3B74
:101280000255B13B422EB33BF309B53B15E8B63BE3
:10129000A7C8B83BAAABBA3B1D91BC3B0179BE3B8A
:1012A0005563C03B1950C23B4D3FC43BF230C63B77
:1012B0000625C83B8A1BCA3B7F14CC3BE30FCE3BC1
:1012C000B60DD03BFA0DD23BAD10D43BCF15D63B7B
:1012D000611DD83B6227DA3BD233DC3BB242DE3BB6
:1012E0000154E03BBE67E23BEB7DE43B8696E63B88
:1012F00090B1E83B09CFEA3BF1EEEC3B4711EF3B05
:101300000B36F13B3E5DF33BDF86F53BEEB2F73B40
:101310006BE1F93B5712FC3BB045FE3BBC3D003C4A
:10132000D659013C2777023CAF95033C6EB5043C8F
:1013300064D6053C90F8063CF31B083C8C40093C05
:101340005C660A3C638D0B3CA0B50C3C13DF0D3C86
:10135000BD090F3C9D35103CB362113CFF90123C1F
:1013600082C0133C3BF1143C2A23163C4F56173CD9
:10137000A98A183C3AC0193C01F71A3CFE2E1C3CC5
:1013800030681D3C98A21E3C36DE1F3C0A1B213CE7
:101390001359223C5198233CC6D8243C6F1A263C52
:1013A0004F5D273C63A1283CADE6293C2C2D2B3C0E
:1013B000E0742C3CCABD2D3CE8072F3C3C53303C2C
:1013C000C59F313C83ED323C753C343C9D8C353CB3
:1013D000F9DD363C8A30383C5084393C4BD93A3CB4
:1013E0007A2F3C3CDE863D3C76DF3E3C4339403C38
:1013F0004494413C79F0423CE34D443C81AC453C53
:10140000540C473C5A6D483C95CF493C03334B3C08
:10141000A6974C3C7CFD4D3C87644F3CC5CC503C72
:101420003736523CDDA0533CB60C553CC379563C94
:1014300004E8573C7857593C1FC85A3CFA395C3C81
:1014400009AD5D3C4A215F3CBF96603C670D623C44
:101450004285633C50FE643C9178663C05F4673CF1
:10146000AC70693C86EE6A3C926D6C3CD2ED6D3C92
:10147000436F6F3CE8F1703CBF75723CC8FA733C37
:101480000481753C7308773C1391783CE61A7A3CEA
:10149000EBA57B3C22327D3C8CBF7E3C1327803CFD
:1014A000FAEE803C7AB7813C9280823C434A833C8E
:1014B0008D14843C70DF843CECAA853C0177863C2B
:1014C000AE43873CF410883CD3DE883C4AAD893C6F
:1014D0005A7C8A3C024C8B3C431C8C3C1DED8C3C62
:1014E0008FBE8D3C99908E3C3C638F3C7736903C10
:1014F0004B0A913CB7DE913CBBB3923C5889933C7C
:101500008C5F943C5936953CBE0D963CBBE5963CB1
:1015100051BE973C7E97983C4371993CA14B9A3CB5
:1015200096269B3C23029C3C49DE9C3C06BB9D3C92
:101530005A989E3C47769F3CCC54A03CE833A13C53
:101540009C13A23CE7F3A23CCAD4A33C45B6A43CFE
:101550005798A53C017BA63C435EA73C1B42A83C98
:101560008C26A93C930BAA3C32F1AA3C68D7AB3C31
:1015700036BEAC3C9BA5AD3C978DAE3C2A76AF3CCD
:10158000555FB03C1649B13C6F33B23C5E1EB33C74
:10159000E509B43C03F6B43CB7E2B53C03D0B63C35
:1015A000E5BDB73C5EACB83C6E9BB93C158BBA3C14
:1015B000527BBB3C266CBC3C915DBD3C924FBE3C1B
:1015C0002A42BF3C5935C03C1E29C13C791DC23C52
:1015D0006B12C33CF307C43C12FEC43CC7F4C53CC9
:1015E00012ECC63CF4E3C73C6BDCC83C79D5C93C83
:1015F0001DCFCA3C57C9CB3C28C4CC3C8EBFCD3C88
:101600008ABBCE3C1CB8CF3C44B5D03C02B3D13CE5
:1016100055B1D23C3FB0D33CBEAFD43CD3AFD53CA8
:101620007EB0D63CBEB1D73C94B3D83CFFB5D93CD4
:1016300000B9DA3C97BCDB3CC3C0DC3C84C5DD3C74
:10164000DACADE3CC6D0DF3C48D7E03C5EDEE13C97
:101650000AE6E23C4BEEE33C21F7E43C8C00E63C3E
:101660008C0AE73C2115E83C4B20E93C0A2CEA3C7B
:101670005E38EB3C4745EC3CC452ED3CD660EE3C5A
:101680007E6FEF3CB97EF03C8A8EF13CEF9EF23CDF
:10169000E8AFF33C76C1F43C99D3F53C50E6F63C18
:1016A0009BF9F73C7B0DF93CEF21FA3CF736FB3C0C
:1016B000934CFC3CC462FD3C8979FE3CE290FF3CCB
:1016C0006754003DA8E0003D326D013D07FA013D41
:1016D0002587023D8E14033D40A2033D3C30043D6E
:1016E00082BE043D124D053DEBDB053D0F6B063D13
:1016F0007CFA063D338A073D341A083D7EAA083D30
:10170000123B093DF0CB093D175D0A3D88EE0A3DCD
:1017100043800B3D47120C3D95A40C3D2C370D3DED
:101720000DCA0D3D375D0E3DABF00E3D68840F3D9B
:101730006F18103DBFAC103D5941113D3BD6113DD6
:10174000676B123DDD00133D9C96133DA42C143DA8
:10175000F5C2143D8F59153D73F0153DA087163D18
:10176000161F173DD5B6173DDD4E183D2EE7183D27
:10177000C97F193DAC181A3DD8B11A3D4E4B1B3DDF
:101780000CE51B3D147F1C3D64191D3DFDB31D3D43
:10179000DF4E1E3D0AEA1E3D7E851F3D3A21203D5B
:1017A0003FBD203D8D59213D24F6213D0493223D2E
:1017B0002C30233D9DCD233D566B243D5809253DBE
:1017C000A3A7253D3646263D12E5263D3784273D15
:1017D000A323283D59C3283D5663293D9D032A3D37
:1017E0002BA42A3D02452B3D22E62B3D89872C3D2B
:1017F00039292D3D31CB2D3D726D2E3DFB0F2F3DF7
:10180000CCB22F3DE555303D46F9303DF09C313DA1
:10181000E140323D1BE5323D9C89333D662E343D2F
:1018200078D3343DD178353D731E363D5DC4363DA9
:101830008E6A373D0811383DC9B7383DD25E393D13
:1018400023063A3DBCAD3A3D9C553B3DC4FD3B3D76
:1018500034A63C3DEC4E3D3DEBF73D3D32A13E3DD7
:10186000C04A3F3D96F43F3DB49E403D1949413D3D
:10187000C6F3413DBA9E423DF649433D79F5433DAD
:1018800043A1443D554D453DAEF9453D4EA6463D2F
:101890003653473D6500483DDBAD483D995B493DCA
:1018A0009E094A3DE9B74A3D7C664B3D57154C3D84
:1018B00078C44C3DE0734D3D8F234E3D86D34E3D65
:1018C000C3834F3D4734503D12E5503D2596513D71
:1018D0007D47523D1DF9523D04AB533D315D543DB2
:1018E000A60F553D61C2553D6275563DAB28573D2B
:1018F0003ADC573D0F90583D2B44593D8EF8593DE9
:1019000038AD5A3D28625B3D5E175C3DDBCC5C3DEB
:101910009E825D3DA8385E3DF8EE5E3D8FA55F3D41
:101920006B5C603D8F13613DF8CA613DA882623DEA
:101930009E3A633DDAF2633D5CAB643D2464653DF1
:10194000331D663D87D6663D2290673D034A683D5C
:101950002A04693D96BE693D49796A3D41346B3D33
:1019600080EF6B3D04AB6C3DCE666D3DDE226E3D7F
:1019700034DF6E3DCF9B6F3DB058703DD715713D44
:1019800044D3713DF690723DEE4E733D2B0D743D88
:10199000AECB743D768A753D8449763DD708773D58
:1019A00070C8773D4E88783D7248793DDB087A3DB6
:1019B00089C97A3D7C8A7B3DB54B7C3D330D7D3DAD
:1019C000F6CE7D3DFF907E3D4C537F3DEF0A803D3E
:1019D0005B6C803DEACD803D9B2F813D6E91813DCA
:1019E00064F3813D7C55823DB7B7823D141A833D37
:1019F000947C833D36DF833DFA41843DE1A4843D00
:101A0000EA07853D166B853D64CE853DD431863D24
:101A10006795863D1BF9863DF35C873DECC0873DAD
:101A20000725883D4589883DA5ED883D2752893D9C
:101A3000CCB6893D921B8A3D7B808A3D86E58A3DF6
:101A4000B34A8B3D02B08B3D73158C3D077B8C3DBB
:101A5000BCE08C3D93468D3D8DAC8D3DA8128E3DF6
:101A6000E6788E3D45DF8E3DC7458F3D6AAC8F3DA4
:101A70002F13903D167A903D1FE1903D4A48913DCD
:101A800097AF913D0617923D977E923D49E6923D74
:101A90001D4E933D13B6933D2B1E943D6586943D9C
:101AA000C0EE943D3D57953DDCBF953D9D28963D4C
:101AB0007F91963D83FA963DA863973DEFCC973D85
:101AC0005836983DE39F983D8F09993D5C73993D49
:101AD0004BDD993D5C479A3D8EB19A3DE21B9B3DA3
:101AE00057869B3DEEF09B3DA65B9C3D80C69C3D92
:101AF0007B319D3D979C9D3DD5079E3D34739E3D1A
:101B0000B5DE9E3D574A9F3D1AB69F3DFF21A03D41
:101B1000058EA03D2CFAA03D7566A13DDED2A13D0B
:101B2000693FA23D16ACA23DE318A33DD285A33D7B
:101B3000E2F2A33D1360A43D65CDA43DD83AA53D96
:101B40006CA8A53D2216A63DF883A63DF0F1A63D62
:101B50000860A73D42CEA73D9D3CA83D18ABA83DDF
:101B6000B519A93D7288A93D51F7A93D5066AA3D16
:101B700071D5AA3DB244AB3D14B4AB3D9723AC3D07
:101B80003B93AC3D0003AD3DE572AD3DEBE2AD3DB9
:101B90001253AE3D5AC3AE3DC233AF3D4CA4AF3D30
:101BA000F614B03DC085B03DACF6B03DB867B13D70
:101BB000E4D8B13D314AB23D9FBBB23D2E2DB33D7D
:101BC000DD9EB33DAC10B43D9C82B43DADF4B43D5C
:101BD000DE66B53D30D9B53DA24BB63D34BEB63D0F
:101BE000E730B73DBAA3B73DAE16B83DC289B83DA0
:101BF000F7FCB83D4C70B93DC1E3B93D5657BA3D0D
:101C00000CCBBA3DE23EBB3DD8B2BB3DEF26BC3D5E
:101C1000269BBC3D7D0FBD3DF483BD3D8BF8BD3D96
:101C2000436DBE3D1AE2BE3D1257BF3D2ACCBF3DBB
:101C30006241C03DBAB6C03D322CC13DCAA1C13DD2
:101C40008217C23D5A8DC23D5203C33D6A79C33DDE
:101C5000A2EFC33DFA65C43D72DCC43D0A53C53DE5
:101C6000C1C9C53D9940C63D90B7C63DA72EC73DE9
:101C7000DEA5C73D351DC83DAB94C83D410CC93DEF
:101C8000F783C93DCDFBC93DC273CA3DD7EBCA3D01
:101C90000B64CB3D60DCCB3DD454CC3D67CDCC3D1B
:101CA0001A46CD3DEDBECD3DDF37CE3DF1B0CE3D48
:101CB000222ACF3D73A3CF3DE31CD03D7296D03D89
:101CC0002110D13DF089D13DDE03D23DEB7DD23DE7
:101CD00018F8D23D6472D33DCFECD33D5A67D43D62
:101CE00003E2D43DCD5CD53DB5D7D53DBD52D63D03
:101CF000E4CDD63D2A49D73D8FC4D73D1340D83DCA
:101D0000B7BBD83D7937D93D5BB3D93D5C2FDA3DC0
:101D10007CABDA3DBB27DB3D19A4DB3D9620DC3DE7
:101D2000329DDC3DED19DD3DC796DD3DC013DE3D46
:101D3000D890DE3D0E0EDF3D648BDF3DD808E03DE0
:101D40006C86E03D1E04E13DEE81E13DDEFFE13DBC
:101D5000ED7DE23D1AFCE23D667AE33DD0F8E33DDD
:101D60005A77E43D02F6E43DC874E53DADF3E53D48
:101D7000B172E63DD4F1E63D1571E73D74F0E73D03
:101D8000F36FE83D8FEFE83D4A6FE93D24EFE93D11
:101D90001C6FEA3D33EFEA3D686FEB3DBBEFEB3D77
:101DA0002D70EC3DBDF0EC3D6B71ED3D38F2ED3D3D
:101DB0002373EE3D2CF4EE3D5475EF3D9AF6EF3D66
:101DC000FE77F03D80F9F03D217BF13DDFFCF13DF8
:101DD000BC7EF23DB700F33DD082F33D0705F43DF4
:101DE0005D87F43DD009F53D618CF53D100FF63D62
:101DF000DE91F63DC914F73DD297F73DF91AF83D4B
:101E00003E9EF83DA121F93D22A5F93DC128FA3DAC
:101E10007EACFA3D5830FB3D50B4FB3D6638FC3D8E
:101E20009ABCFC3DEB40FD3D5AC5FD3DE749FE3DFA
:101E300091CEFE3D5953FF3D3FD8FF3DA12E003EC0
:101E40003271003ED1B3003E7FF6003E3C39013E88
:101E5000087C013EE2BE013ECB01023EC344023E8D
:101E6000C987023EDECA023E020E033E3551033EE2
:101E70007694033EC6D7033E251B043E925E043E85
:101E80000EA2043E98E5043E3129053ED96C053E7C
:101E900090B0053E54F4053E2838063E0A7C063EC6
:101EA000FBBF063EFA03073E0748073E248C073E69
:101EB0004ED0073E8714083ECF58083E259D083E69
:101EC0008AE1083EFD25093E7F6A093E0FAF093EC3
:101ED000ADF3093E5A380A3E157D0A3EDFC10A3E7F
:101EE000B7060B3E9E4B0B3E92900B3E96D50B3E9B
:101EF000A71A0C3EC75F0C3EF5A40C3E32EA0C3E1E
:101F00007D2F0D3ED6740D3E3DBA0D3EB3FF0D3E06
:101F100037450E3EC98A0E3E69D00E3E18160F3E5A
:101F2000D55B0F3EA0A10F3E79E70F3E612D103E1D
:101F30005673103E5AB9103E6CFF103E8C45113E50
:101F4000BB8B113EF7D1113E4218123E9A5E123EF3
:101F500001A5123E76EB123EF931133E8A78133E0C
:101F600029BF133ED605143E914C143E5A93143E9D
:101F700031DA143E1621153E0968153E0BAF153EA9
:101F80001AF6153E373D163E6284163E9BCB163E32
:101F9000E112173E365A173E99A1173E09E9173E3E
:101FA0008830183E1478183EAEBF183E5607193ECA
:101FB0000C4F193ED096193EA1DE193E81261A3EDD
:101FC0006E6E1A3E69B61A3E71FE1A3E88461B3E78
:101FD000AC8E1B3EDED61B3E1D1F1C3E6B671C3E9F
:101FE000C6AF1C3E2FF81C3EA5401D3E29891D3E54
:101FF000BBD11D3E5A1A1E3E08631E3EC2AB1E3E9A
:102000008BF41E3E613D1F3E44861F3E35CF1F3E72
:102010003418203E4061203E5AAA203E82F3203EE2
:10202000B73C213EF985213E49CF213EA718223EEB
:102030001262223E8AAB223E10F5223EA33E233E90
:102040004488233EF2D1233EAE1B243E7765243ED6
:102050004EAF243E31F9243E2343253E218D253EBB
:102060002DD7253E4721263E6D6B263EA1B5263E47
:10207000E3FF263E314A273E8D94273EF6DE273E7B
:102080006D29283EF073283E81BE283E2009293E56
:10209000CB53293E849E293E49E9293E1C342A3EE1
:1020A000FC7E2A3EEAC92A3EE4142B3EEC5F2B3E1E
:1020B00001AB2B3E23F62B3E52412C3E8E8C2C3E08
:1020C000D7D72C3E2D232D3E906E2D3E01BA2D3EAE
:1020D0007E052E3E09512E3EA09C2E3E45E82E3E0A
:1020E000F6332F3EB47F2F3E80CB2F3E5817303E25
:1020F0003E63303E30AF303E2FFB303E3B47313EFB
:102100005493313E7ADF313EAD2B323EED77323E95
:1021100039C4323E9310333EF95C333E6CA9333EF2
:10212000ECF5333E7842343E128F343EB8DB343E19
:102130006B28353E2B75353EF7C1353ED00E363E09
:10214000B65B363EA9A8363EA8F5363EB442373EC9
:10215000CD8F373EF2DC373E242A383E6377383E57
:10216000AEC4383E0612393E6B5F393EDCAC393EB8
:1021700059FA393EE4473A3E7A953A3E1EE33A3EF2
:10218000CE303B3E8A7E3B3E53CC3B3E281A3C3E03
:102190000A683C3EF9B53C3EF4033D3EFB513D3EF2
:1021A0000FA03D3E2FEE3D3E5B3C3E3E948A3E3EC0
:1021B000DAD83E3E2B273F3E89753F3EF4C33F3E73
:1021C0006B12403EEE60403E7DAF403E19FE403E09
:1021D000C14C413E769B413E36EA413E0339423E88
:1021E000DC87423EC2D6423EB325433EB174433EF5
:1021F000BBC3433ED212443EF461443E23B1443E4D
:102200005D00453EA44F453EF79E453E57EE453E98
:10221000C23D463E398D463EBDDC463E4C2C473ED7
:10222000E87B473E8FCB473E431B483E036B483E0F
:10223000CEBA483EA60A493E8A5A493E79AA493E44
:1022400075FA493E7D4A4A3E909A4A3EAFEA4A3E76
:10225000DB3A4B3E128B4B3E55DB4B3EA42B4C3EA8
:10226000FF7B4C3E66CC4C3ED91C4D3E576D4D3EDF
:10227000E1BD4D3E770E4E3E195F4E3EC7AF4E3E1E
:1022800080004F3E45514F3E16A24F3EF3F24F3E67
:10229000DB43503ECF94503ECFE5503EDB36513EBF
:1022A000F287513E15D9513E432A523E7D7B523E24
:1022B000C3CC523E141E533E716F533EDAC0533EA0
:1022C0004E12543ECD63543E58B5543EEF06553E33
:1022D0009158553E3FAA553EF9FB553EBD4D563EE1
:1022E0008E9F563E69F1563E5043573E4395573EAA
:1022F00041E7573E4A39583E5F8B583E80DD583E95
:10230000AB2F593EE281593E25D4593E72265A3EA2
:10231000CB785A3E30CB5A3E9F1D5B3E1A705B3ED7
:10232000A0C25B3E32155C3ECE675C3E76BA5C3E38
:102330002A0D5D3EE85F5D3EB2B25D3E86055E3EC3
:1023400066585E3E52AB5E3E48FE5E3E49515F3E81
:1023500056A45F3E6EF75F3E904A603EBE9D603E73
:10236000F7F0603E3B44613E8A97613EE5EA613E9C
:102370004A3E623EBA91623E35E5623EBB38633EFC
:102380004C8C633EE9DF633E9033643E4287643E9B
:10239000FFDA643EC62E653E9982653E77D6653E7D
:1023A0005F2A663E537E663E51D2663E5A26673E9F
:1023B0006E7A673E8DCE673EB622683EEB76683E0B
:1023C0002ACB683E741F693EC873693E28C8693EBF
:1023D000921C6A3E06716A3E86C56A3E101A6B3EC2
:1023E000A56E6B3E45C36B3EEF176C3EA46C6C3E16
:1023F00063C16C3E2D166D3E026B6D3EE1BF6D3EBE
:10240000CB146E3EBF696E3EBEBE6E3EC7136F3EBE
:10241000DB686F3EFABD6F3E2313703E5668703E18
:1024200094BD703EDD12713E3068713E8DBD713ECF
:10243000F412723E6768723EE3BD723E6A13733EE9
:10244000FB68733E97BE733E3D14743EED69743E67
:10245000A8BF743E6C15753E3C6B753E15C1753E4C
:10246000F916763EE76C763EDFC2763EE118773E9F
:10247000EE6E773E05C5773E261B783E5171783E5D
:1024800086C7783EC61D793E1074793E63CA793E90
:10249000C1207A3E29777A3E9BCD7A3E17247B3E37
:1024A0009E7A7B3E2ED17B3EC8277C3E6C7E7C3E56
:1024B0001BD57C3ED32B7D3E95827D3E61D97D3EF2
:1024C00038307E3E18877E3E02DE7E3EF6347F3E0A
:1024D000F38B7F3EFBE27F3E061D803E9448803EAC
:1024E0002774803EBE9F803E5BCB803EFCF6803EE4
:1024F000A322813E4E4E813EFE79813EB3A5813EB0
:102500006DD1813E2BFD813EEF28823EB754823E45
:102510008480823E56AC823E2DD8823E0904833EA2
:10252000EA2F833ECF5B833EB987833EA8B3833EC9
:102530009CDF833E940B843E9237843E9463843EBA
:102540009B8F843EA6BB843EB7E7843ECC13853E7A
:10255000E63F853E046C853E2898853E50C4853E06
:102560007CF0853EAE1C863EE448863E1F75863E66
:102570005EA1863EA2CD863EEBF9863E3926873E99
:102580008B52873EE27E873E3DAB873E9ED7873E9D
:102590000204883E6C30883EDA5C883E4C89883E76
:1025A000C4B5883E40E2883EC00E893E453B893E28
:1025B000CF67893E5D94893EEFC0893E87ED893EB5
:1025C000231A8A3EC3468A3E68738A3E11A08A3E19
:1025D000BFCC8A3E72F98A3E29268B3EE4528B3E5E
:1025E000A47F8B3E69AC8B3E32D98B3EFF058C3E7F
:1025F000D1328C3EA85F8C3E838C8C3E62B98C3E7F
:1026000046E68C3E2E138D3E1A408D3E0B6D8D3E60
:10261000019A8D3EFBC68D3EF9F38D3EFC208E3E29
:10262000034E8E3E0E7B8E3E1EA88E3E32D58E3ED3
:102630004B028F3E682F8F3E895C8F3EAF898F3E65
:10264000D9B68F3E07E48F3E3911903E703E903EE2
:10265000AC6B903EEB98903E2FC6903E77F3903E49
:10266000C320913E144E913E697B913EC2A8913E9B
:1026700020D6913E8103923EE730923E515E923EDB
:10268000C08B923E32B9923EA9E6923E2414933E0C
:10269000A441933E276F933EAF9C933E3ACA933E2C
:1026A000CAF7933E5E25943EF752943E9380943E43
:1026B00034AE943ED8DB943E8109953E2E37953E4C
:1026C000DF64953E9592953E4EC0953E0BEE953E4D
:1026D000CD1B963E9249963E5C77963E2AA5963E45
:1026E000FBD2963ED100973EAB2E973E895C973E3B
:1026F0006B8A973E51B8973E3BE6973E2914983E29
:102700001B42983E1170983E0B9E983E09CC983E15
:102710000BFA983E1128993E1B56993E2984993E02
:102720003AB2993E50E0993E6A0E9A3E883C9A3EF3
:10273000A96A9A3ECF989A3EF8C69A3E25F59A3EE7
:1027400056239B3E8C519B3EC47F9B3E01AE9B3EDD
:1027500042DC9B3E870A9C3ECF389C3E1B679C3EDA
:102760006B959C3EBFC39C3E17F29C3E73209D3EE2
:10277000D24E9D3E357D9D3E9CAB9D3E07DA9D3EF3
:1027800075089E3EE8369E3E5E659E3ED8939E3E10
:1027900055C29E3ED7F09E3E5C1F9F3EE54D9F3E3C
:1027A000717C9F3E02AB9F3E96D99F3E2D08A03E76
:1027B000C936A03E6865A03E0B94A03EB1C2A03EC3
:1027C0005BF1A03E0920A13EBB4EA13E707DA13E23
:1027D00028ACA13EE5DAA13EA509A23E6838A23E9A
:1027E0003067A23EFB95A23EC9C4A23E9BF3A23E27
:1027F0007122A33E4A51A33E2780A33E07AFA33ECA
:10280000EBDDA33ED30CA43EBE3BA43EAC6AA43E8B
:102810009E99A43E94C8A43E8DF7A43E8A26A53E68
:102820008A55A53E8E84A53E95B3A53E9FE2A53E62
:10283000AE11A63EBF40A63ED46FA63EED9EA63E7C
:1028400009CEA63E28FDA63E4B2CA73E715BA73EB7
:102850009B8AA73EC8B9A73EF8E8A73E2C18A83E19
:102860006347A83E9E76A83EDCA5A83E1DD5A83E9F
:102870006204A93EAA33A93EF562A93E4492A93E4C
:1028800096C1A93EECF0A93E4420AA3EA04FAA3E24
:10289000007FAA3E62AEAA3EC8DDAA3E310DAB3E25
:1028A0009E3CAB3E0E6CAB3E819BAB3EF7CAAB3E53
:1028B00071FAAB3EED29AC3E6D59AC3EF188AC3EB1
:1028C00077B8AC3E01E8AC3E8D17AD3E1D47AD3E3E
:1028D000B176AD3E47A6AD3EE1D5AD3E7D05AE3EFF
:1028E0001D35AE3EC064AE3E6794AE3E10C4AE3EF3
:1028F000BDF3AE3E6C23AF3E1F53AF3ED582AF3E1D
:102900008EB2AF3E4AE2AF3E0912B03ECB41B03E7E
:102910009071B03E59A1B03E24D1B03EF300B13E1B
:10292000C430B13E9960B13E7090B13E4BC0B13EF3
:1029300028F0B13E0920B23EED4FB23ED37FB23E09
:10294000BDAFB23EAADFB23E990FB33E8C3FB33E5D
:10295000816FB33E7A9FB33E75CFB33E73FFB33EF4
:10296000752FB43E795FB43E808FB43E8ABFB43ECB
:1029700097EFB43EA71FB53EB94FB53ECF7FB53EEA
:10298000E7AFB53E03E0B53E2110B63E4240B63E4D
:102990006670B63E8CA0B63EB6D0B63EE200B73EFC
:1029A0001131B73E4361B73E7891B73EB0C1B73EF3
:1029B000EAF1B73E2722B83E6752B83EAA82B83E37
:1029C000EFB2B83E37E3B83E8213B93ED043B93ECA
:1029D0002074B93E73A4B93EC9D4B93E2105BA3EAC
:1029E0007D35BA3EDB65BA3E3B96BA3E9EC6BA3EE0
:1029F00004F7BA3E6D27BB3ED857BB3E4688BB3E68
:102A0000B6B8BB3E2AE9BB3E9F19BC3E184ABC3E45
:102A1000937ABC3E10ABBC3E91DBBC3E130CBD3E7A
:102A2000993CBD3E216DBD3EAB9DBD3E38CEBD3E09
:102A3000C8FEBD3E5A2FBE3EEF5FBE3E8690BE3EF4
:102A400020C1BE3EBCF1BE3E5B22BF3EFC52BF3E3B
:102A5000A083BF3E46B4BF3EEFE4BF3E9A15C03EE2
:102A60004846C03EF876C03EABA7C03E60D8C03EE8
:102A70001709C13ED139C13E8D6AC13E4C9BC13E52
:102A80000DCCC13ED1FCC13E962DC23E5F5EC23E22
:102A9000298FC23EF6BFC23EC6F0C23E9821C33E59
:102AA0006C52C33E4283C33E1BB4C33EF6E4C33EF6
:102AB000D415C43EB346C43E9577C43E7AA8C43EFE
:102AC00060D9C43E490AC53E343BC53E226CC53E72
:102AD000119DC53E03CEC53EF8FEC53EEE2FC63E57
:102AE000E760C63EE191C63EDFC2C63EDEF3C63EAB
:102AF000DF24C73EE355C73EE986C73EF1B7C73E70
:102B0000FBE8C73E081AC83E164BC83E277CC83EA5
:102B10003AADC83E4FDEC83E660FC93E7F40C93E53
:102B20009A71C93EB8A2C93ED7D3C93EF904CA3E7C
:102B30001C36CA3E4267CA3E6A98CA3E94C9CA3E1B
:102B4000C0FACA3EEE2BCB3E1E5DCB3E508ECB3E36
:102B500084BFCB3EBAF0CB3EF221CC3E2C53CC3ED0
:102B60006884CC3EA6B5CC3EE6E6CC3E2818CD3EE9
:102B70006C49CD3EB27ACD3EFAABCD3E44DDCD3E82
:102B8000900ECE3EDD3FCE3E2D71CE3E7EA2CE3E9D
:102B9000D2D3CE3E2705CF3E7E36CF3ED767CF3E3F
:102BA0003299CF3E8FCACF3EEEFBCF3E4E2DD03E68
:102BB000B15ED03E1590D03E7BC1D03EE3F2D03E18
:102BC0004C24D13EB855D13E2587D13E94B8D13E54
:102BD00005EAD13E781BD23EEC4CD23E627ED23E1C
:102BE000DAAFD23E54E1D23ECF12D33E4C44D33E74
:102BF000CB75D33E4CA7D33ECED8D33E520AD43E5B
:102C0000D73BD43E5F6DD43EE89ED43E73D0D43ED5
:102C1000FF01D53E8D33D53E1D65D53EAE96D53EE2
:102C200041C8D53ED6F9D53E6C2BD63E045DD63E86
:102C30009D8ED63E38C0D63ED5F1D63E7323D73EC4
:102C40001355D73EB486D73E57B8D73EFBE9D73E9B
:102C5000A11BD83E494DD83EF27ED83E9DB0D83E0D
:102C600049E2D83EF613D93EA545D93E5677D93E1E
:102C700008A9D93EBCDAD93E710CDA3E273EDA3ECD
:102C8000DF6FDA3E99A1DA3E53D3DA3E1005DB3E20
:102C9000CD36DB3E8D68DB3E4D9ADB3E0FCCDB3E16
:102CA000D2FDDB3E972FDC3E5D61DC3E2593DC3EB2
:102CB000EDC4DC3EB8F6DC3E8328DD3E505ADD3EF6
:102CC0001E8CDD3EEEBDDD3EBFEFDD3E9121DE3EE2
:102CD0006553DE3E3985DE3E0FB7DE3EE7E8DE3E79
:102CE000BF1ADF3E994CDF3E757EDF3E51B0DF3EBE
:102CF0002FE2DF3E0E14E03EEE45E03ECF77E03EB1
:102D0000B2A9E03E95DBE03E7A0DE13E613FE13E57
:102D10004871E13E31A3E13E1AD5E13E0507E23EAE
:102D2000F138E23EDE6AE23ECD9CE23EBCCEE23EBF
:102D3000AD00E33E9E32E33E9164E33E8596E33E82
:102D40007AC8E33E70FAE33E682CE43E605EE43EFF
:102D50005990E43E53C2E43E4FF4E43E4B26E53E38
:102D60004958E53E478AE53E47BCE53E48EEE53E2C
:102D70004920E63E4C52E63E4F84E63E54B6E63EDF
:102D800059E8E63E601AE73E674CE73E707EE73E54
:102D900079B0E73E83E2E73E8E14E83E9B46E83E8C
:102DA000A878E83EB6AAE83EC4DCE83ED40EE93E88
:102DB000E540E93EF672E93E09A5E93E1CD7E93E49
:102DC0003009EA3E453BEA3E5B6DEA3E719FEA3ED2
:102DD00089D1EA3EA103EB3EBA35EB3ED467EB3E28
:102DE000EF99EB3E0ACCEB3E26FEEB3E4330EC3E49
:102DF0006162EC3E7F94EC3E9FC6EC3EBFF8EC3E39
:102E0000DF2AED3E015DED3E238FED3E46C1ED3EF6
:102E10006AF3ED3E8E25EE3EB357EE3ED889EE3E88
:102E2000FFBBEE3E26EEEE3E4D20EF3E7652EF3EED
:102E30009F84EF3EC8B6EF3EF2E8EF3E1D1BF03E2A
:102E4000494DF03E757FF03EA1B1F03ECFE3F03E3C
:102E5000FD15F13E2B48F13E5A7AF13E89ACF13E28
:102E6000B9DEF13EEA10F23E1B43F23E4D75F23EF2
:102E70007FA7F23EB2D9F23EE50BF33E193EF33E98
:102E80004D70F33E82A2F33EB7D4F33EED06F43E1E
:102E90002339F43E596BF43E909DF43EC8CFF43E86
:102EA0000002F53E3834F53E7166F53EAA98F53ECF
:102EB000E3CAF53E1DFDF53E582FF63E9261F63E03
:102EC000CD93F63E09C6F63E44F8F63E812AF73E1B
:102ED000BD5CF73EFA8EF73E37C1F73E74F3F73E1E
:102EE000B225F83EF057F83E2F8AF83E6DBCF83E0A
:102EF000ACEEF83EEB20F93E2B53F93E6B85F93EE4
:102F0000ABB7F93EEBE9F93E2B1CFA3E6C4EFA3EAC
:102F1000AD80FA3EEEB2FA3E2FE5FA3E7117FB3E67
:102F2000B249FB3EF47BFB3E36AEFB3E78E0FB3E17
:102F3000BB12FC3EFD44FC3E4077FC3E83A9FC3EB8
:102F4000C6DBFC3E090EFD3E4C40FD3E8F72FD3E51
:102F5000D3A4FD3E16D7FD3E5A09FE3E9D3BFE3EE4
:102F6000E16DFE3E25A0FE3E68D2FE3EAC04FF3E73
:102F7000F036FF3E3469FF3E789BFF3EBCCDFF3EFE
:102F80000000003F2219003F4432003F664B003FE3
:102F90008864003FAA7D003FCC96003FEEAF003F23
:102FA00010C9003F31E2003F53FB003F7514013F61
:102FB000972D013FB846013FDA5F013FFC78013FA2
:102FC0001D92013F3FAB013F60C4013F81DD013FE6
:102FD000A3F6013FC40F023FE528023F0642023F2D
:102FE000275B023F4874023F688D023F89A6023F7B
:102FF000AABF023FCAD8023FEAF1023F0B0B033FD0
:103000002B24033F4B3D033F6B56033F8A6F033F27
:10301000AA88033FC9A1033FE9BA033F08D4033F8D
:1030200027ED033F4606043F641F043F8338043FF7
:10303000A151043FC06A043FDE83043FFC9C043F6F
:1030400019B6043F37CF043F54E8043F7101053FF0
:103050008E1A053FAB33053FC84C053FE465053F7D
:10306000007F053F1C98053F38B1053F53CA053F17
:103070006FE3053F8AFC053FA515063FBF2E063FBF
:10308000D947063FF460063F0D7A063F2793063F77
:1030900040AC063F5AC5063F72DE063F8BF7063F3F
:1030A000A310073FBB29073FD342073FEB5B073F16
:1030B0000275073F198E073F2FA7073F46C0073FFE
:1030C0005CD9073F71F2073F870B083F9C24083FFC
:1030D000B13D083FC556083FD96F083FED88083F0E
:1030E00001A2083F14BB083F27D4083F39ED083F31
:1030F0004B06093F5D1F093F6E38093F8051093F6C
:10310000906A093FA183093FB19C093FC0B5093FBF
:10311000D0CE093FDEE7093FED000A3FFB190A3F29
:1031200009330A3F164C0A3F23650A3F307E0A3FA7
:103130003C970A3F47B00A3F53C90A3F5EE20A3F45
:1031400068FB0A3F72140B3F7C2D0B3F85460B3FFB
:103150008E5F0B3F96780B3F9E910B3FA5AA0B3FCE
:10316000ACC30B3FB3DC0B3FB9F50B3FBE0E0C3FBE
:10317000C4270C3FC8400C3FCC590C3FD0720C3FC9
:10318000D38B0C3FD6A40C3FD8BD0C3FDAD60C3FF6
:10319000DBEF0C3FDC080D3FDD210D3FDC3A0D3F3E
:1031A000DC530D3FDA6C0D3FD9850D3FD69E0D3FA8
:1031B000D3B70D3FD0D00D3FCCE90D3FC8020E3F35
:1031C000C31B0E3FBD340E3FB74D0E3FB1660E3FE1
:1031D000AA7F0E3FA2980E3F9AB10E3F91CA0E3FB2
:1031E00087E30E3F7DFC0E3F73150F3F682E0F3FA8
:1031F0005C470F3F50600F3F43790F3F35920F3FC1
:1032000027AB0F3F18C40F3F09DD0F3FF9F50F3F04
:10321000E90E103FD827103FC640103FB359103F6A
:10322000A072103F8D8B103F78A4103F63BD103FFC
:103230004ED6103F37EF103F2108113F0921113FB3
:10324000F139113FD852113FBE6B113FA484113F99
:10325000899D113F6EB6113F51CF113F34E8113FA8
:103260001701123FF919123FD932123FBA4B123FE0
:103270009964123F787D123F5696123F34AF123F49
:1032800010C8123FECE0123FC8F9123FA212133FE0
:103290007C2B133F5544133F2D5D133F0576133FA1
:1032A000DC8E133FB2A7133F87C0133F5CD9133F97
:1032B0002FF2133F020B143FD523143FA63C143FBB
:1032C0007755143F476E143F1687143FE49F143F11
:1032D000B1B8143F7ED1143F4AEA143F1503153F9D
:1032E000E01B153FA934153F724D153F3A66153F57
:1032F000017F153FC797153F8CB0153F51C9153F4A
:1033000014E2153FD7FA153F9913163F5A2C163F72
:103310001B45163FDA5D163F9876163F568F163FCF
:1033200013A8163FCFC0163F8AD9163F44F2163F66
:10333000FE0A173FB623173F6E3C173F2455173F31
:10334000DA6D173F8F86173F439F173FF6B7173F3A
:10335000A8D0173F59E9173F0902183FB91A183F7B
:103360006733183F144C183FC164183F6D7D183FF8
:103370001796183FC1AE183F6AC7183F11E0183FB3
:10338000B8F8183F5E11193F032A193FA742193FA9
:103390004A5B193FEC73193F8D8C193F2DA5193FDE
:1033A000CCBD193F6AD6193F07EF193FA3071A3F53
:1033B0003E201A3FD8381A3F71511A3F096A1A3F06
:1033C000A0821A3F369B1A3FCBB31A3F5FCC1A3FFD
:1033D000F2E41A3F84FD1A3F14161B3FA42E1B3F34
:1033E00033471B3FC15F1B3F4D781B3FD9901B3FAD
:1033F00063A91B3FEDC11B3F75DA1B3FFCF21B3F6E
:10340000820B1C3F08241C3F8C3C1C3F0E551C3F6C
:10341000906D1C3F11861C3F919E1C3F0FB71C3FB7
:103420008DCF1C3F09E81C3F84001D3FFE181D3F47
:1034300077311D3FEF491D3F66621D3FDB7A1D3F1F
:1034400050931D3FC3AB1D3F35C41D3FA6DC1D3F40
:1034500016F51D3F850D1E3FF3251E3F5F3E1E3FA7
:10346000CA561E3F346F1E3F9D871E3F05A01E3F5C
:103470006BB81E3FD1D01E3F35E91E3F98011F3F5C
:10348000F9191F3F5A321F3FB94A1F3F18631F3FA8
:10349000757B1F3FD0931F3F2BAC1F3F84C41F3F42
:1034A000DCDC1F3F33F51F3F890D203FDD25203F2A
:1034B000303E203F8256203FD36E203F2287203F60
:1034C000709F203FBDB7203F09D0203F53E8203FE9
:1034D0009C00213FE418213F2A31213F7049213FC0
:1034E000B461213FF679213F3892213F78AA213FEC
:1034F000B7C2213FF4DA213F30F3213F6B0B223F6B
:10350000A523223FDD3B223F1454223F4A6C223F39
:103510007E84223FB19C223FE2B4223F13CD223F62
:1035200042E5223F6FFD223F9C15233FC62D233FDE
:10353000F045233F185E233F3F76233F648E233FB1
:1035400088A6233FABBE233FCDD6233FECEE233FDF
:103550000B07243F281F243F4437243F5E4F243F5E
:103560007767243F8F7F243FA597243FBAAF243F3E
:10357000CDC7243FDFDF243FF0F7243FFF0F253F77
:103580000C28253F1940253F2358253F2D70253F06
:103590003588253F3BA0253F40B8253F44D0253FF7
:1035A00046E8253F4600263F4618263F4330263F43
:1035B0003F48263F3A60263F3378263F2B90263FF0
:1035C00022A8263F16C0263F0AD8263FFBEF263FFB
:1035D000EC07273FDB1F273FC837273FB44F273F64
:1035E0009E67273F877F273F6E97273F54AF273F30
:1035F00038C7273F1ADF273FFCF6273FDB0E283F5F
:10360000B926283F963E283F7156283F4A6E283FEC
:103610002286283FF89D283FCDB5283FA0CD283FE2
:1036200071E5283F41FD283F1015293FDC2C293F3B
:10363000A844293F715C293F3974293F008C293FF8
:10364000C5A3293F88BB293F49D3293F09EB293F1F
:10365000C8022A3F841A2A3F40322A3FF9492A3FAA
:10366000B1612A3F67792A3F1C912A3FCFA82A3FA0
:1036700080C02A3F30D82A3FDEEF2A3F8A072B3FFF
:10368000351F2B3FDE362B3F854E2B3F2B662B3FC6
:10369000CF7D2B3F71952B3F12AD2B3FB1C42B3FFC
:1036A0004EDC2B3FEAF32B3F840B2C3F1C232C3F9B
:1036B000B33A2C3F48522C3FDB692C3F6C812C3FA6
:1036C000FC982C3F8AB02C3F16C82C3FA0DF2C3F23
:1036D00029F72C3FB00E2D3F36262D3FB93D2D3F0B
:1036E0003B552D3FBB6C2D3F39842D3FB69B2D3F65
:1036F00031B32D3FAACA2D3F21E22D3F97F92D3F2F
:103700000A112E3F7C282E3FED3F2E3F5B572E3F68
:10371000C86E2E3F32862E3F9B9D2E3F03B52E3F17
:1037200068CC2E3FCCE32E3F2EFB2E3F8E122F3F38
:10373000EC292F3F48412F3FA3582F3FFB6F2F3FCE
:1037400052872F3FA79E2F3FFBB52F3F4CCD2F3FDA
:103750009CE42F3FE9FB2F3F3513303F7F2A303F5A
:10376000C741303F0E59303F5270303F9587303F50
:10377000D59E303F14B6303F51CD303F8CE4303FC2
:10378000C5FB303FFD12313F322A313F6541313FA9
:103790009758313FC76F313FF586313F209E313F0B
:1037A0004AB5313F72CC313F99E3313FBDFA313FE9
:1037B000DF11323FFF28323F1E40323F3A57323F3F
:1037C000556E323F6D85323F849C323F99B3323F14
:1037D000ABCA323FBCE1323FCBF8323FD80F333F68
:1037E000E326333FEC3D333FF354333FF86B333F35
:1037F000FB82333FFC99333FFBB0333FF8C7333F85
:10380000F3DE333FECF5333FE30C343FD823343F52
:10381000CB3A343FBC51343FAA68343F977F343FA2
:103820008296343F6BAD343F52C4343F37DB343F74
:103830001AF2343FFA08353FD91F353FB636353FC7
:10384000904D353F6964353F3F7B353F1492353F9E
:10385000E6A8353FB6BF353F85D6353F51ED353FFC
:103860001B04363FE31A363FA931363F6D48363FD9
:103870002E5F363FEE75363FAB8C363F67A3363F43
:1038800020BA363FD7D0363F8CE7363F3FFE363F33
:10389000F014373F9F2B373F4B42373FF658373FA7
:1038A0009E6F373F4486373FE99C373F8AB3373FA7
:1038B0002ACA373FC8E0373F63F7373FFD0D383F2F
:1038C0009424383F293B383FBB51383F4C68383F40
:1038D000DB7E383F6795383FF1AB383F79C2383FE0
:1038E000FFD8383F82EF383F0306393F831C393F0A
:1038F0000033393F7A49393FF35F393F6976393FC1
:10390000DD8C393F4FA3393FBFB9393F2CD0393F08
:1039100097E6393F00FD393F67133A3FCC293A3FDC
:103920002E403A3F8E563A3FEC6C3A3F47833A3F3F
:10393000A0993A3FF7AF3A3F4CC63A3F9FDC3A3F37
:10394000EFF23A3F3D093B3F881F3B3FD2353B3FBB
:10395000194C3B3F5E623B3FA0783B3FE08E3B3FD4
:103960001EA53B3F5ABB3B3F93D13B3FCAE73B3F82
:10397000FFFD3B3F31143C3F612A3C3F8F403C3FC1
:10398000BA563C3FE46C3C3F0A833C3F2F993C3F96
:1039900051AF3C3F71C53C3F8EDB3C3FA9F13C3F02
:1039A000C2073D3FD81D3D3FEC333D3FFE493D3F03
:1039B0000D603D3F1A763D3F258C3D3F2DA23D3F9A
:1039C00033B83D3F36CE3D3F37E43D3F36FA3D3FCD
:1039D00032103E3F2C263E3F233C3E3F18523E3F96
:1039E0000B683E3FFB7D3E3FE9933E3FD5A93E3FFE
:1039F000BEBF3E3FA4D53E3F89EB3E3F6A013F3FFD
:103A00004A173F3F272D3F3F01433F3FD9583F3F94
:103A1000AF6E3F3F82843F3F539A3F3F21B03F3FCD
:103A2000EDC53F3FB6DB3F3F7DF13F3F4107403FA4
:103A3000031D403FC332403F8048403F3A5E403F15
:103A4000F273403FA889403F5B9F403F0BB5403F2A
:103A5000B9CA403F65E0403F0EF6403FB50B413FDD
:103A60005921413FFA36413F994C413F3662413F2F
:103A7000D077413F678D413FFCA2413F8FB8413F26
:103A80001ECE413FACE3413F37F9413FBF0E423FBD
:103A90004524423FC839423F484F423FC664423FF7
:103AA000427A423FBB8F423F31A5423FA5BA423FD7
:103AB00016D0423F85E5423FF1FA423F5A10433F5C
:103AC000C125433F263B433F8750433FE665433F85
:103AD000437B433F9D90433FF4A5433F49BB433F56
:103AE0009BD0433FEAE5433F37FB433F8210443FCF
:103AF000C925443F0E3B443F5050443F9065443FEE
:103B0000CD7A443F0890443F40A5443F75BA443FB6
:103B1000A7CF443FD7E4443F04FA443F2F0F453F2B
:103B20005724453F7C39453F9F4E453FBE63453F47
:103B3000DC78453FF68D453F0EA3453F23B8453F12
:103B400036CD453F45E2453F52F7453F5D0C463F88
:103B50006421463F6936463F6C4B463F6B60463FAB
:103B60006875463F628A463F5A9F463F4EB4463F7D
:103B700040C9463F30DE463F1CF3463F0608473FFC
:103B8000ED1C473FD131473FB346473F925B473F2C
:103B90006E70473F4785473F1D9A473FF1AE473F0D
:103BA000C2C3473F90D8473F5CED473F2502483F9F
:103BB000EB16483FAE2B483F6E40483F2C55483FE0
:103BC000E669483F9E7E483F5493483F06A8483FD9
:103BD000B6BC483F62D1483F0CE6483FB4FA483F84
:103BE000580F493FF923493F9838493F344D493FE1
:103BF000CD61493F6376493FF78A493F879F493FF7
:103C000015B4493FA0C8493F28DD493FADF1493FC0
:103C100030064A3FAF1A4A3F2C2F4A3FA6434A3F3D
:103C20001D584A3F916C4A3F02814A3F70954A3F76
:103C3000DCA94A3F44BE4A3FAAD24A3F0DE74A3F69
:103C40006DFB4A3FCA0F4B3F24244B3F7B384B3F11
:103C5000CF4C4B3F21614B3F6F754B3FBB894B3F77
:103C6000049E4B3F49B24B3F8CC64B3FCCDA4B3F97
:103C700009EF4B3F43034C3F7A174C3FAF2B4C3F70
:103C8000E03F4C3F0E544C3F3A684C3F627C4C3F07
:103C900088904C3FAAA44C3FCAB84C3FE7CC4C3F5D
:103CA00000E14C3F17F54C3F2B094D3F3B1D4D3F6D
:103CB00049314D3F54454D3F5C594D3F616D4D3F3E
:103CC00063814D3F62954D3F5EA94D3F57BD4D3FCE
:103CD0004CD14D3F3FE54D3F2FF94D3F1C0D4E3F21
:103CE00006214E3FED344E3FD1484E3FB25C4E3F31
:103CF00090704E3F6A844E3F42984E3F17AC4E3F05
:103D0000E9BF4E3FB7D34E3F83E74E3F4CFB4E3F9C
:103D1000110F4F3FD4224F3F93364F3F504A4F3FF2
:103D2000095E4F3FBF714F3F72854F3F23994F3F11
:103D3000D0AC4F3F7AC04F3F21D44F3FC5E74F3FF4
:103D400065FB4F3F030F503F9E22503F3536503F9B
:103D5000CA49503F5B5D503FE970503F7484503F0B
:103D6000FC97503F81AB503F03BF503F82D2503F42
:103D7000FDE5503F76F9503FEB0C513F5D20513F40
:103D8000CD33513F3947513FA15A513F076E513F03
:103D90006A81513FC994513F25A8513F7EBB513F95
:103DA000D4CE513F27E2513F77F5513FC308523FF0
:103DB0000D1C523F532F523F9642523FD655523F11
:103DC0001269523F4C7C523F828F523FB5A2523F04
:103DD000E5B5523F12C9523F3CDC523F62EF523FC1
:103DE0008502533FA515533FC228533FDB3B533F4A
:103DF000F24E533F0562533F1575533F2188533FA1
:103E00002B9B533F31AE533F34C1533F34D4533FC8
:103E100031E7533F2AFA533F200D543F1320543FBC
:103E20000233543FEF45543FD858543FBE6B543F84
:103E3000A07E543F8091543F5CA4543F35B7543F1B
:103E40000ACA543FDDDC543FACEF543F7702553F84
:103E50004015553F0528553FC73A553F864D553FBC
:103E60004160553FF972553FAE85553F5F98553FCC
:103E70000DAB553FB8BD553F60D0553F04E3553FAE
:103E8000A5F5553F4208563FDD1A563F742D563F63
:103E90000740563F9852563F2565563FAE77563FEE
:103EA000358A563FB89C563F37AF563FB4C1563F50
:103EB0002DD4563FA2E6563F14F9563F830B573F89
:103EC000EF1D573F5730573FBC42573F1E55573F96
:103ED0007C67573FD679573F2E8C573F829E573F7E
:103EE000D2B0573F20C3573F69D5573FB0E7573F40
:103EF000F3F9573F330C583F6F1E583FA830583FD7
:103F0000DD42583F0F55583F3E67583F6979583F4B
:103F1000918B583FB69D583FD7AF583FF4C1583F9B
:103F20000FD4583F25E6583F39F8583F490A593FC2
:103F3000551C593F5E2E593F6440593F6652593FC8
:103F40006564593F6076593F5888593F4C9A593FAC
:103F50003DAC593F2ABE593F14D0593FFBE1593F70
:103F6000DEF3593FBE055A3F9A175A3F72295A3F0E
:103F7000483B5A3F194D5A3FE85E5A3FB2705A3F8C
:103F80007A825A3F3D945A3FFEA55A3FBAB75A3FEC
:103F900074C95A3F29DB5A3FDCEC5A3F8BFE5A3F2B
:103FA00036105B3FDE215B3F82335B3F23455B3F47
:103FB000C0565B3F59685B3FF0795B3F828B5B3F4C
:103FC000119D5B3F9DAE5B3F25C05B3FA9D15B3F31
:103FD0002AE35B3FA8F45B3F22065C3F98175C3FF7
:103FE0000B295C3F7A3A5C3FE64B5C3F4E5D5C3FA1
:103FF000B26E5C3F13805C3F71915C3FCBA25C3F33
:1040000021B45C3F74C55C3FC3D65C3F0EE85C3FA7
:1040100056F95C3F9B0A5D3FDB1B5D3F192D5D3F01
:10402000523E5D3F884F5D3FBB605D3FE9715D3F44
:1040300015835D3F3C945D3F60A55D3F81B65D3F6C
:104040009DC75D3FB7D85D3FCCE95D3FDEFA5D3F80
:10405000EC0B5E3FF71C5E3FFE2D5E3F023F5E3F76
:1040600001505E3FFE605E3FF6715E3FEB825E3F59
:10407000DC935E3FCAA45E3FB4B55E3F9AC65E3F26
:104080007DD75E3F5CE85E3F37F95E3F0E0A5F3FDB
:10409000E21A5F3FB32B5F3F7F3C5F3F484D5F3F7E
:1040A0000E5E5F3FCF6E5F3F8D7F5F3F48905F3F0B
:1040B000FEA05F3FB1B15F3F60C25F3F0CD35F3F87
:1040C000B4E35F3F58F45F3FF804603F9515603FED
:1040D0002E26603FC336603F5547603FE357603F41
:1040E0006D68603FF378603F7689603FF599603F87
:1040F00070AA603FE8BA603F5CCB603FCCDB603FBA
:1041000038EC603FA1FC603F060D613F671D613FD9
:10411000C42D613F1E3E613F744E613FC65E613FEC
:10412000146F613F5F7F613FA68F613FE99F613FF1
:1041300028B0613F64C0613F9CD0613FD0E0613FE7
:1041400000F1613F2D01623F5511623F7A21623FCC
:104150009C31623FB941623FD351623FE861623FA7
:10416000FA71623F0982623F1392623F1AA2623F74
:104170001CB2623F1BC2623F17D2623F0EE2623F37
:1041800002F2623FF101633FDD11633FC621633FED
:10419000AA31633F8A41633F6751633F4061633F98
:1041A0001571633FE680633FB390633F7DA0633F3B
:1041B00042B0633F04C0633FC2CF633F7CDF633FD5
:1041C00033EF633FE5FE633F940E643F3E1E643F62
:1041D000E52D643F883D643F274D643FC25C643FEA
:1041E0005A6C643FED7B643F7D8B643F099B643F69
:1041F00090AA643F14BA643F95C9643F11D9643FE3
:1042000089E8643FFEF7643F6E07653FDB16653F54
:104210004426653FA835653F0945653F6654653FBF
:10422000C063653F1573653F6682653FB491653F26
:10423000FDA0653F43B0653F84BF653FC2CE653F8B
:10424000FCDD653F32ED653F64FC653F920B663FE8
:10425000BC1A663FE229663F0439663F2248663F42
:104260003D57663F5366663F6675663F7484663F9A
:104270007F93663F85A2663F88B1663F86C0663FF2
:1042800081CF663F78DE663F6BED663F59FC663F47
:10429000440B673F2B1A673F0E29673FED37673F97
:1042A000C846673F9F55673F7264673F4173673FEA
:1042B0000C82673FD390673F969F673F55AE673F3D
:1042C00010BD673FC7CB673F7ADA673F29E9673F91
:1042D000D4F7673F7B06683F1E15683FBD23683FE4
:1042E0005832683FEF40683F824F683F105E683F3A
:1042F0009B6C683F227B683FA589683F2498683F94
:104300009FA6683F15B5683F88C3683FF7D1683FEF
:1043100061E0683FC8EE683F2AFD683F890B693F4E
:10432000E319693F3928693F8C36693FDA44693FB0
:104330002453693F6A61693FAC6F693FEA7D693F19
:10434000248C693F5A9A693F8CA8693FBAB6693F85
:10435000E3C4693F09D3693F2BE1693F48EF693FF7
:1043600061FD693F770B6A3F88196A3F95276A3F6D
:104370009E356A3FA3436A3FA3516A3FA05F6A3FED
:10438000996D6A3F8D7B6A3F7D896A3F6A976A3F74
:1043900052A56A3F36B36A3F16C16A3FF2CE6A3F02
:1043A000C9DC6A3F9DEA6A3F6CF86A3F38066B3F9A
:1043B000FF136B3FC2216B3F812F6B3F3C3D6B3F37
:1043C000F24A6B3FA5586B3F53666B3FFE736B3FE2
:1043D000A4816B3F468F6B3FE49C6B3F7DAA6B3F94
:1043E00013B86B3FA4C56B3F31D36B3FBAE06B3F53
:1043F0003FEE6B3FC0FB6B3F3D096C3FB5166C3F1A
:1044000029246C3F99316C3F053F6C3F6D4C6C3FEC
:10441000D1596C3F30676C3F8B746C3FE2816C3FCD
:10442000358F6C3F849C6C3FCEA96C3F15B76C3FB9
:1044300057C46C3F94D16C3FCEDE6C3F04EC6C3FB4
:1044400035F96C3F62066D3F8B136D3FB0206D3FB9
:10445000D02D6D3FEC3A6D3F04486D3F18556D3FD0
:1044600028626D3F336F6D3F3B7C6D3F3E896D3FF2
:104470003C966D3F37A36D3F2DB06D3F1FBD6D3F27
:104480000DCA6D3FF7D66D3FDCE36D3FBDF06D3F6C
:104490009AFD6D3F730A6E3F47176E3F17246E3FBC
:1044A000E3306E3FAB3D6E3F6E4A6E3F2E576E3F20
:1044B000E8636E3F9F706E3F527D6E3F008A6E3F95
:1044C000AA966E3F4FA36E3FF1AF6E3F8EBC6E3F1C
:1044D00027C96E3FBBD56E3F4BE26E3FD7EE6E3FB6
:1044E0005FFB6E3FE3076F3F62146F3FDD206F3F5E
:1044F000532D6F3FC5396F3F34466F3F9D526F3F1D
:10450000035F6F3F646B6F3FC1776F3F19846F3FED
:104510006E906F3FBD9C6F3F09A96F3F50B56F3FD5
:1045200094C16F3FD2CD6F3F0DDA6F3F43E66F3FCF
:1045300075F26F3FA2FE6F3FCB0A703FF016703FDF
:104540001123703F2D2F703F453B703F5847703F00
:104550006753703F725F703F796B703F7B77703F3E
:104560007983703F738F703F689B703F59A7703F8E
:1045700045B3703F2DBF703F11CB703FF1D6703FF8
:10458000CCE2703FA3EE703F75FA703F4306713F77
:104590000D12713FD21D713F9329713F5035713F0C
:1045A0000841713FBC4C713F6B58713F1764713FBC
:1045B000BD6F713F607B713FFE86713F9892713F86
:1045C0002D9E713FBEA9713F4AB5713FD2C0713F68
:1045D00056CC713FD6D7713F50E3713FC7EE713F64
:1045E00039FA713FA705723F1011723F761C723F76
:1045F000D627723F3233723F8A3E723FDE49723FA6
:104600002D55723F7760723FBD6B723FFF76723FF0
:104610003C82723F758D723FAA98723FDAA3723F57
:1046200006AF723F2DBA723F50C5723F6ED0723FD7
:1046300088DB723F9EE6723FAFF1723FBCFC723F77
:10464000C407733FC812733FC71D733FC228733F2F
:10465000B933733FAB3E733F9849733F8154733F07
:10466000665F733F466A733F2275733FFA7F733FFD
:10467000CD8A733F9B95733F65A0733F2BAB733F10
:10468000ECB5733FA8C0733F61CB733F14D6733F43
:10469000C4E0733F6EEB733F15F6733FB700743F92
:1046A000540B743FED15743F8120743F112B743F00
:1046B0009D35743F2440743FA64A743F2455743F8F
:1046C0009E5F743F136A743F8374743FF07E743F3F
:1046D0005789743FBA93743F199E743F73A8743F0F
:1046E000C9B2743F1ABD743F66C7743FAED1743F00
:1046F000F2DB743F31E6743F6CF0743FA2FA743F12
:10470000D304753F000F753F2919753F4D23753F41
:104710006C2D753F8737753F9E41753FB04B753F98
:10472000BD55753FC65F753FCB69753FCA73753F11
:10473000C67D753FBD87753FAF91753F9D9B753FAA
:1047400086A5753F6AAF753F4BB9753F26C3753F68
:10475000FDCC753FD0D6753F9EE0753F67EA753F4B
:104760002CF4753FECFD753FA807763F5F11763F4F
:10477000121B763FC024763F6A2E763F0F38763F75
:10478000AF41763F4B4B763FE254763F755E763FC6
:104790000368763F8D71763F127B763F9384763F38
:1047A0000F8E763F8697763FF9A0763F67AA763FD1
:1047B000D1B3763F36BD763F96C6763FF2CF763F91
:1047C0004AD9763F9CE2763FEAEB763F34F5763F76
:1047D00079FE763FB907773FF510773F2D1A773F7F
:1047E0005F23773F8D2C773FB735773FDC3E773FB0
:1047F000FC47773F1751773F2F5A773F4163773F09
:104800004F6C773F5875773F5D7E773F5D87773F89
:104810005890773F4F99773F41A2773F2FAB773F33
:1048200018B4773FFCBC773FDCC5773FB7CE773F06
:104830008ED7773F60E0773F2DE9773FF6F1773FFE
:10484000BAFA773F7903783F340C783FEA14783F1F
:104850009B1D783F4826783FF12E783F9437783F6C
:104860003340783FCE48783F6351783FF459783FE2
:104870008162783F096B783F8C73783F0A7C783F80
:104880008484783FF98C783F6A95783FD69D783F4D
:104890003DA6783FA0AE783FFEB6783F57BF783F41
:1048A000ACC7783FFCCF783F47D8783F8EE0783F61
:1048B000D0E8783F0DF1783F46F9783F7A01793FAB
:1048C000A909793FD411793FFA19793F1B22793F21
:1048D000382A793F5032793F633A793F7242793FC3
:1048E0007C4A793F8152793F825A793F7E62793F93
:1048F000756A793F6872793F567A793F3F82793F8E
:10490000248A793F0492793FDF99793FB5A1793FB5
:1049100087A9793F54B1793F1DB9793FE0C0793F0C
:104920009FC8793F5AD0793F0FD8793FC0DF793F90
:104930006DE7793F14EF793FB7F6793F55FE793F40
:10494000EF057A3F830D7A3F13157A3F9F1C7A3F1C
:1049500025247A3FA72B7A3F25337A3F9D3A7A3F29
:1049600011427A3F80497A3FEA507A3F50587A3F65
:10497000B15F7A3F0D677A3F656E7A3FB7757A3FD0
:10498000057D7A3F4F847A3F938B7A3FD3927A3F6B
:104990000E9A7A3F45A17A3F76A87A3FA3AF7A3F35
:1049A000CCB67A3FEFBD7A3F0EC57A3F28CC7A3F2E
:1049B0003DD37A3F4EDA7A3F5AE17A3F61E87A3F57
:1049C00063EF7A3F61F67A3F5AFD7A3F4E047B3FB0
:1049D0003D0B7B3F28127B3F0E197B3FEF1F7B3F38
:1049E000CB267B3FA32D7B3F76347B3F443B7B3FF5
:1049F0000D427B3FD2487B3F924F7B3F4D567B3FE2
:104A0000045D7B3FB5637B3F626A7B3F0A717B3FFE
:104A1000AE777B3F4C7E7B3FE6847B3F7B8B7B3F4F
:104A20000C927B3F97987B3F1E9F7B3FA0A57B3FCF
:104A30001DAC7B3F96B27B3F09B97B3F78BF7B3F84
:104A4000E3C57B3F48CC7B3FA9D27B3F04D97B3F6A
:104A50005CDF7B3FAEE57B3FFBEB7B3F44F27B3F84
:104A600088F87B3FC7FE7B3F02057C3F370B7C3FCE
:104A700068117C3F94177C3FBC1D7C3FDE237C3F4C
:104A8000FC297C3F15307C3F29367C3F383C7C3FFD
:104A900043427C3F49487C3F4A4E7C3F46547C3FE2
:104AA0003D5A7C3F30607C3F1E667C3F076C7C3FFC
:104AB000EB717C3FCA777C3FA57D7C3F7B837C3F4D
:104AC0004C897C3F188F7C3FE0947C3FA29A7C3FCE
:104AD00060A07C3F19A67C3FCDAB7C3F7DB17C3F85
:104AE00027B77C3FCDBC7C3F6EC27C3F0AC87C3F71
:104AF000A1CD7C3F34D37C3FC2D87C3F4BDE7C3F92
:104B0000CFE37C3F4EE97C3FC8EE7C3F3EF47C3FE8
:104B1000AFF97C3F1BFF7C3F82047D3FE5097D3F71
:104B2000420F7D3F9B147D3FEF197D3F3E1F7D3F30
:104B300088247D3FCE297D3F0E2F7D3F4A347D3F27
:104B400081397D3FB33E7D3FE0437D3F09497D3F55
:104B50002C4E7D3F4B537D3F65587D3F7A5D7D3FB9
:104B60008B627D3F96677D3F9D6C7D3F9F717D3F52
:104B70009C767D3F947B7D3F87807D3F76857D3F22
:104B80005F8A7D3F448F7D3F24947D3FFF987D3F2A
:104B9000D59D7D3FA7A27D3F73A77D3F3BAC7D3F69
:104BA000FEB07D3FBCB57D3F75BA7D3F2ABF7D3FDE
:104BB000D9C37D3F84C87D3F2ACD7D3FCAD17D3F8B
:104BC00067D67D3FFEDA7D3F90DF7D3F1EE47D3F6F
:104BD000A6E87D3F2AED7D3FA9F17D3F23F67D3F8D
:104BE00099FA7D3F09FF7D3F75037E3FDB077E3FDE
:104BF0003D0C7E3F9A107E3FF2147E3F46197E3F69
:104C0000941D7E3FDD217E3F22267E3F622A7E3F2D
:104C10009D2E7E3FD3327E3F04377E3F313B7E3F29
:104C2000583F7E3F7B437E3F98477E3FB14B7E3F60
:104C3000C54F7E3FD4537E3FDF577E3FE45B7E3FD0
:104C4000E55F7E3FE0637E3FD7677E3FC96B7E3F77
:104C5000B66F7E3F9E737E3F81777E3F607B7E3F57
:104C6000397F7E3F0E837E3FDE867E3FA98A7E3F70
:104C70006F8E7E3F30927E3FEC957E3FA3997E3FC4
:104C8000569D7E3F04A17E3FACA47E3F50A87E3F50
:104C9000EFAB7E3F89AF7E3F1EB37E3FAFB67E3F18
:104CA0003ABA7E3FC1BD7E3F42C17E3FBFC47E3F18
:104CB00037C87E3FAACB7E3F18CF7E3F81D27E3F52
:104CC000E6D57E3F45D97E3FA0DC7E3FF5DF7E3FC7
:104CD00046E37E3F92E67E3FD9E97E3F1BED7E3F75
:104CE00058F07E3F91F37E3FC4F67E3FF3F97E3F5E
:104CF0001CFD7E3F41007F3F61037F3F7C067F3F7D
:104D000092097F3FA30C7F3FAF0F7F3FB6127F3FDB
:104D1000B9157F3FB6187F3FAF1B7F3FA31E7F3F74
:104D200092217F3F7C247F3F61277F3F412A7F3F45
:104D30001C2D7F3FF22F7F3FC4327F3F90357F3F56
:104D400058387F3F1B3B7F3FD83D7F3F91407F3F9F
:104D500045437F3FF4457F3F9F487F3F444B7F3F24
:104D6000E44D7F3F80507F3F16537F3FA8557F3FE4
:104D700035587F3FBD5A7F3F3F5D7F3FBD5F7F3FDF
:104D800037627F3FAB647F3F1A677F3F84697F3F15
:104D9000EA6B7F3F4A6E7F3FA6707F3FFD727F3F89
:104DA0004E757F3F9B777F3FE3797F3F267C7F3F38
:104DB000657E7F3F9E807F3FD2827F3F01857F3F20
:104DC0002C877F3F52897F3F728B7F3F8E8D7F3F45
:104DD000A58F7F3FB7917F3FC4937F3FCC957F3FA7
:104DE000CF977F3FCD997F3FC69B7F3FBB9D7F3F46
:104DF000AA9F7F3F95A17F3F7AA37F3F5BA57F3F1F
:104E000037A77F3F0EA97F3FDFAA7F3FACAC7F3F34
:104E100075AE7F3F38B07F3FF6B17F3FAFB37F3F86
:104E200064B57F3F13B77F3FBEB87F3F63BA7F3F14
:104E300004BC7F3FA0BD7F3F37BF7F3FC9C07F3FDE
:104E400056C27F3FDEC37F3F61C57F3FDFC67F3FE6
:104E500058C87F3FCDC97F3F3CCB7F3FA7CC7F3F2A
:104E60000CCE7F3F6DCF7F3FC9D07F3F1FD27F3FAA
:104E700071D37F3FBED47F3F06D67F3F49D77F3F68
:104E800088D87F3FC1D97F3FF5DA7F3F24DC7F3F61
:104E90004FDD7F3F74DE7F3F95DF7F3FB1E07F3F97
:104EA000C7E17F3FD9E27F3FE6E37F3FEEE47F3F0C
:104EB000F1E57F3FEFE67F3FE8E77F3FDCE87F3FBC
:104EC000CCE97F3FB6EA7F3F9CEB7F3F7CEC7F3FA6
:104ED00058ED7F3F2EEE7F3F00EF7F3FCDEF7F3FCE
:104EE00094F07F3F57F17F3F15F27F3FCEF27F3F37
:104EF00082F37F3F32F47F3FDCF47F3F81F57F3FD9
:104F000022F67F3FBDF67F3F53F77F3FE5F77F3FB8
:104F100072F87F3FF9F87F3F7CF97F3FFAF97F3FD6
:104F200073FA7F3FE7FA7F3F56FB7F3FC0FB7F3F2F
:104F300025FC7F3F85FC7F3FE1FC7F3F37FD7F3FC6
:104F400088FD7F3FD5FD7F3F1CFE7F3F5FFE7F3F9B
:104F50009DFE7F3FD5FE7F3F09FF7F3F38FF7F3FAC
:104F600062FF7F3F87FF7F3FA7FF7F3FC2FF7F3FFB
:104F7000D9FF7F3FEAFF7F3FF6FF7F3FFEFF7F3F86
:104F80000000803F00000000BF8E4C3DDDFAF83D80
:104F90003C8B443E7C46853EFBE3A63E7AC4C63E3F
:104FA000FA92E43E0000003F36610C3F1B4C173F75
:104FB00095A3203FBA4E283F17392E3FE752323F84
:104FC0003A91343FF304353FF304353F3A91343F8F
:104FD000E752323F17392E3FBA4E283F95A3203F64
:104FE0001B4C173F36610C3F0000003FFA92E43E35
:104FF0007AC4C63EFBE3A63E7C46853E3C8B443EDF
:10500000DDFAF83DBF8E4C3D06AD4724000000445C
:105010000080014400800344004005440000074430
:1050200000C0084400C00A4400800C4400800E44C4
:105030000080104400801244008014440080164414
:105040000080184400801A4400C01C4400C01E4464
:1050500000002144004023440080254400C0274430
:1050600000002A4400402C4400C02E44000031447B
:1050700000803344000036440040384400C03A44C5
:1050800000803D44000040440080424400404544CC
:105090000000484400C04A4400804D440040504451
:1050A00000005344000056440000594400C05B44D3
:1050B00000C05E4400006244000065440000684493
:1050C00000406B4400806E4400C071440000754491
:1050D0000040784400C07B4400407F44006081442D
:1050E0000020834400E0844400C08644008088445B
:1050F00000608A4400408C4400408E44002090446C
:1051000000209244002094440020964400209844BB
:1051100000409A4400609C4400809E4400A0A0444B
:1051200000E0A2440000A5440040A74400A0A94418
:1051300000E0AB440040AE4400A0B0440000B344E3
:105140000080B54400E0B7440060BA440000BD44AC
:105150000080BF440020C24400C0C4440080C74453
:105160000040CA440000CD4400C0CF4400A0D24457
:105170000080D5440060D8440060DB440060DE4419
:105180000060E1440060E4440080E74400C0EA4479
:1051900000E0ED440020F1440060F44400C0F74416
:1051A0000020FB440080FE440000014500C0024591
:1051B00000900445006006450030084500100A458F
:1051C00000F00B4500D00D4500C00F4500C0114553
:1051D00000C0134500C0154500C0174500E0194543
:1051E00000F01B4500101E45004020450070224580
:1051F00000A0244500E026450020294500702B45ED
:1052000000D02D4500203045009032450000354546
:105210000070374500F0394500803C4500103F459F
:1052200000B04145005044450000474500B04945A5
:1052300000704C4500404F450010524500F0544569
:1052400000D0574500C05A4500C05D4500C06045CC
:1052500000D0634500F0664500106A4500406D458A
:105260000080704500D073450020774500807A4566
:1052700000E07D4500B080450070824500388445DF
:105280000000864500D8874500B0894500908B45D1
:1052900000788D4500688F4500589145005893452A
:1052A00000589545006097450070994500889B45DA
:1052B00000A89D4500D09F4500F8A1450030A445B9
:1052C0000070A64500B0A8450000AB450058AD45AC
:1052D00000B0AF450018B2450080B44500F8B645AF
:1052E0000078B9450000BC450090BE450028C14586
:1052F00000C8C3450078C6450028C94500E8CB452D
:1053000000B0CE450080D1450058D4450040D74577
:105310000030DA450028DD450030E0450038E3453F
:105320000058E6450078E94500A8EC4500E0EF4567
:105330000028F3450078F64500D0F9450038FD45D2
:10534000005800460018024600DC034600A8054647
:10535000007C07460054094600340B4600180D46F1
:1053600000040F4600F8104600F4124600F41446FC
:1053700000FC16460008194600201B46003C1D464E
:1053800000601F46008C214600C0234600FC2546D5
:1053900000402846008C2A4600E02C4600382F4664
:1053A000009C314600083446007C364600F83846FA
:1053B00000803B46000C3E4600A440460044434665
:1053C00000F0454600A04846005C4B4600244E468F
:1053D00000F0504600CC534600AC5646009C59465F
:1053E00000945C4600945F4600A0624600B86546A3
:1053F00000D8684600046C46003C6F460080724648
:1054000000CC754600287946008C7C46000080461A
:105410000000000064E91D38DFE71D3900A2B13942
:10542000C8E11D3AA7A9763A9892B13A1AA8F13A7A
:1054300071C91D3B0AA8473B3C6E763B1D0D953B51
:105440000255B13BB60DD03B0B36F13B5C660A3CD6
:1054500030681D3CC59F313C540C473C09AD5D3C58
:105460000481753CAE43873C8C5F943C9C13A23C0A
:10547000555FB03C2A42BF3C8ABBCE3CDACADE3C18
:105480007E6FEF3C6754003D123B093D676B123D58
:105490000CE51B3DA3A7253DCCB22F3D23063A3D8D
:1054A00043A1443DC3834F3D38AD5A3D331D663D56
:1054B00044D3713DF6CE7D3DEA07853DB34A8B3D31
:1054C00097AF913D5836983DB5DE9E3D6CA8A53D01
:1054D0003B93AC3DDD9EB33D0CCBBA3D8217C23D44
:1054E000F783C93D2110D13DB7BBD83D6C86E03D67
:1054F000F36FE83DFE77F03D3E9EF83D3271003E91
:105500000EA2043E8AE1083E7D2F0D3EBB8B113E6C
:105510001AF6153E6E6E1A3E8BF41E3E4488233EEC
:105520006D29283ED7D72C3E5493313EB65B363E8C
:10553000CE303B3E6B12403E5D00453E75FA493E23
:1055400080004F3E4E12543EAB2F593E66585E3E91
:105550004C8C633E2ACB683ECB146E3EFB68733E98
:1055600086C7783E38307E3E6DD1813E9B8F843E2B
:105570008B52873E231A8A3E46E68C3ED9B68F3E32
:10558000C08B923EDF64953E1B42983E56239B3E65
:1055900075089E3E5BF1A03EEBDDA33E09CEA63E24
:1055A00096C1A93E77B8AC3E8EB2AF3EBDAFB23E1B
:1055B000E7AFB53EEFB2B83EB6B8BB3E20C1BE3E87
:1055C0000DCCC13E60D9C43EFBE8C73EC0FACA3E1E
:1055D000900ECE3E4C24D13ED73BD43E1355D73E01
:1055E000DF6FDA3E1E8CDD3EB2A9E03E7AC8E33EB4
:1055F00059E8E63E3009EA3EDF2AED3E494DF03EED
:105600004D70F33ECD93F63EABB7F93EC6DBFC3EA4
:105610000000003F1D92013F2B24033F19B6043FB9
:10562000D947063F5CD9073F906A093F68FB0A3FAC
:10563000D38B0C3FC31B0E3F27AB0F3FF139113FFC
:1056400010C8123F7755143F14E2153FDA6D173F2B
:10565000B8F8183FA0821A3F820B1C3F50931D3FA1
:10566000F9191F3F709F203FA523223F88A6233FA3
:105670000C28253F22A8263FB926283FC5A3293F4D
:10568000351F2B3FFC982C3F0A112E3F52872F3F8E
:10569000C5FB303F556E323FF3DE333F904D353F13
:1056A00020BA363F9424383FDD8C393FEFF23A3F41
:1056B000BA563C3F33B83D3F4A173F3FF273403F35
:1056C0001ECE413FC125433FCD7A443F36CD453FB5
:1056D000ED1C473FE669483F15B4493F6DFB4A3F23
:1056E000E03F4C3F63814D3FE9BF4E3F65FB4F3F7D
:1056F000CD33513F1269523F2B9B533F0ACA543F4F
:10570000A5F5553FEF1D573FDD42583F6564593FB2
:105710007A825A3F119D5B3F21B45C3F9DC75D3F3C
:105720007DD75E3FB4E35F3F38EC603F00F1613FFF
:1057300002F2623F33EF633F89E8643FFCDD653F7F
:1057400081CF663F10BD673F9FA6683F248C693FAD
:10575000996D6A3FF24A6B3F29246C3F35F96C3FE3
:105760000DCA6D3FAA966E3F035F6F3F1123703FD6
:10577000CCE2703F2D9E713F2D55723FC407733FA1
:10578000ECB5733F9E5F743FD304753F86A5753FAC
:10579000AF41763F4AD9763F4F6C773FBAFA773FB1
:1057A0008484783FA909793F248A793FEF057A3FBD
:1057B000057D7A3F63EF7A3F045D7B3FE3C57B3F26
:1057C000FC297C3F4C897C3FCFE37C3F81397D3F86
:1057D0005F8A7D3F67D67D3F941D7E3FE55F7E3FBC
:1057E000569D7E3FE6D57E3F92097F3F58387F3FEA
:1057F00037627F3F2C877F3F37A77F3F56C27F3F6F
:1058000088D87F3FCCE97F3F22F67F3F88FD7F3FEE
:105810000000803F18A135BA2F28C1BBFB5DE639D7
:10582000EA5FAF3B9654F03A70C7E8BBC1DEACBB51
:105830007D0E033C49BC283C89A3EBBB4E4789BC89
:1058400034C86D3BB58DC63CF2BC833BF26E03BDE4
:105850004A7391BC9EAF213D990E2C3DC8843ABD40
:10586000BDDCBDBD1FDA4A3DD3AEA13ED3D5E73E78
:10587000D3AEA13E1FDA4A3DBDDCBDBDC8843ABDF2
:10588000990E2C3D9EAF213D4A7391BCF26E03BD33
:10589000F2BC833BB58DC63C34C86D3B4E4789BCDA
:1058A00089A3EBBB49BC283C7D0E033CC1DEACBBED
:1058B00070C7E8BB9654F03AEA5FAF3BFB5DE63950
:1058C0002F28C1BB18A135BA0000C0C1D6ABBFC1DB
:1058D0001542BFC1D1C2BEC1282EBEC14384BDC1C5
:1058E0005AC5BCC1AFF1BBC18E09BBC1530DBAC112
:1058F00061FDB8C128DAB7C122A4B6C1D55BB5C174
:10590000D101B4C1AF96B2C1111BB1C1A58FAFC156
:105910001EF5ADC13C4CACC1C595AAC184D2A8C18D
:105920004F03A7C10229A5C17F44A3C1AB56A1C1A2
:1059300075609FC1CD629DC1A95E9BC1025599C191
:10594000D44697C11F3595C1E32093C1210B91C166
:10595000DFF48EC11DDF8CC1E1CA8AC12CB988C1B8
:10596000FEAA86C157A184C1339D82C18B9F80C18D
:10597000AA527DC1037779C1FBAD75C161F971C1CF
:10598000F85A6EC177D46AC1876767C1C31564C10D
:10599000B7E060C1DEC95DC1A3D25AC15EFC57C188
:1059A000554855C1BCB752C1B14B50C13F054EC15E
:1059B0005AE54BC1E3EC49C1A31C48C14C7546C133
:1059C00079F744C1B1A343C15E7A42C1D67B41C1DC
:1059D00055A840C1000040C1000040C1DDB93FC131
:1059E000BC613FC1AEF73EC1CC7B3EC138EE3DC18C
:1059F000214F3DC1BC9E3CC14CDD3BC11A0B3BC19C
:105A00007B283AC1CC3539C1723338C1DD2137C169
:105A1000840136C1E7D234C18E9633C1094D32C1FB
:105A2000EFF630C1DD942FC179272EC16EAF2CC1A6
:105A30006D2D2BC12DA229C1690E28C1E47226C18A
:105A400061D024C1AB2723C18D7921C1D7C61FC125
:105A50005C101EC1EF561CC1679B1AC19CDE18C1A9
:105A6000642117C1996415C111A913C1A4EF11C113
:105A7000293910C173860EC155D80CC19F2F0BC197
:105A80001C8D09C197F107C1D35D06C193D204C132
:105A9000925003C187D801C1236B00C12312FEC0FD
:105AA000EE65FBC0E4D2F8C0325AF6C0F9FCF3C090
:105AB00047BCF1C01D99EFC06994EDC00AAFEBC0BF
:105AC000CBE9E9C06845E8C088C2E6C0BF61E5C06F
:105AD0009023E4C06908E3C0A410E2C0873CE1C0A1
:105AE000478CE0C00000E0C00000E0C03AADDFC07D
:105AF0008045DFC0E2C8DEC07D37DEC07991DDC001
:105B000009D7DCC06C08DCC0EB25DBC0D92FDAC0BC
:105B10009726D9C08D0AD8C030DCD6C0FC9BD5C032
:105B20007A4AD4C03AE8D2C0D675D1C0F1F3CFC01A
:105B30003763CEC05BC4CCC01818CBC0305FC9C0BF
:105B40006D9AC7C09FCAC5C09CF0C3C03F0DC2C0FC
:105B50006921C0C0FE2DBEC0E933BCC01634BAC036
:105B6000762FB8C0FB26B6C0991BB4C0490EB2C090
:105B70000000B0C0B7F1ADC067E4ABC005D9A9C0A3
:105B80008AD0A7C0EACBA5C017CCA3C002D2A1C0BF
:105B900097DE9FC0C1F29DC0640F9CC061359AC062
:105BA000936598C0D0A096C0E8E794C0A53B93C089
:105BB000C99C91C00F0C90C02A8A8EC0C6178DC098
:105BC00086B58BC004648AC0D02389C073F587C0B2
:105BD00069D986C027D085C015DA84C094F783C000
:105BE000F72883C0876E82C083C881C01E3781C0FA
:105BF00080BA80C0C65280C0000080C0000080C053
:105C0000E4C77FC063817FC08B2C7FC070C97EC01A
:105C10002D587EC0E7D87DC0CA4B7DC00AB17CC07C
:105C2000E2087CC096537BC070917AC0C1C279C033
:105C3000E4E778C0360178C01F0F77C00B1276C03A
:105C40006E0A75C0BFF873C07EDD72C02EB971C018
:105C5000588C70C08A576FC0571B6EC054D86CC028
:105C60001D8F6BC04E406AC088EC68C0709467C0DE
:105C7000AC3866C0E3D964C0BF7863C0EC1562C0BD
:105C800016B260C0EA4D5FC014EA5DC041875CC0D7
:105C90001D265BC054C759C0906B58C0781357C0BD
:105CA000B2BF55C0E37054C0AC2753C0A9E451C083
:105CB00076A850C0A8734FC0D2464EC082224DC0B5
:105CC00041074CC092F54AC0F5ED49C0E1F048C02B
:105CD000CAFE47C01C1847C03F3D46C0906E45C035
:105CE0006AAC44C01EF743C0F64E43C036B442C04F
:105CF000192742C0D3A741C0903641C075D340C0D8
:105D00009D7E40C01C3840C0000040C0000040C024
:105D1000C78F3FC0C7023FC017593EC0E0923DC089
:105D20005AB03CC0CEB13BC094973AC0136239C060
:105D3000C41138C02CA736C0DF2235C0838533C0DC
:105D4000C7CF31C06C0230C03E1E2EC017242CC0FD
:105D5000DB142AC07EF127C0FBBA25C05B7223C0CA
:105D6000B01821C015AF1EC0AE361CC0A9B019C0F6
:105D7000391E17C09C8014C011D911C0E1280FC072
:105D800058710CC0C6B309C07EF106C0D92B04C03F
:105D90002D6401C0A737FDBF4FA8F7BF031DF2BF99
:105DA0007598ECBF511DE7BF3EAEE1BFDE4DDCBFD5
:105DB000C9FED6BF8DC3D1BFAF9ECCBFA492C7BF13
:105DC000D7A1C2BFA0CEBDBF491BB9BF098AB4BF0E
:105DD000041DB0BF49D6ABBFD3B7A7BF83C3A3BF12
:105DE00027FB9FBF71609CBFFAF498BF41BA95BF73
:105DF000A9B192BF78DC8FBFD93B8DBFD9D08ABF04
:105E0000659C88BF4D9F86BF41DA84BFD24D83BF5A
:105E100072FA81BF71E080BF000080BF000080BFC8
:105E200059397FBF67407EBF52157DBF60B87BBFC9
:105E3000F0297ABF7D6A78BF9D7A76BF005B74BF18
:105E4000700C72BFD18F6FBF20E66CBF72106ABF3B
:105E5000F70F67BFF1E563BFBE9360BFCE1A5DBFAA
:105E6000A97C59BFEBBA55BF40D751BF6CD34DBFCA
:105E700040B149BFA07245BF7E1941BFDDA73CBFFD
:105E8000CA1F38BF628333BFC9D42EBF30162ABFA2
:105E9000CF4925BFE87120BFC0901BBFA4A816BF83
:105EA000E2BB11BFCDCC0CBFB8DD07BFF6F002BF1F
:105EB000B311FCBE644FF2BE959FE8BED406DFBEB0
:105EC000A289D5BE702CCCBE9EF3C2BE79E3B9BE0A
:105ED0003600B1BEF34DA8BEB3D09FBE5B8C97BE5B
:105EE000B2848FBE5EBD87BEE03980BE2EFB71BE20
:105EF000701764BEA2CE56BE8C264ABE9D243EBEFE
:105F0000E7CD32BE242728BEA8341EBE68FA14BED0
:105F1000F37B0CBE73BC04BE4E7DFBBDCE09EFBD52
:105F20003C22E4BD97C9DABD0402D3BDCDCCCCBDC3
:105F3000CDCCCCBD3F19CCBDA537CBBD2428CABD27
:105F4000FFEAC8BD9080C7BD49E9C5BDB925C4BD3C
:105F50008536C2BD6D1CC0BD46D8BDBDFF6ABBBD88
:105F60009ED5B8BD3F19B6BD1437B3BD6430B0BDC2
:105F70008B06ADBDF9BAA9BD304FA6BDC5C4A2BD43
:105F80005F1D9FBDB35A9BBD877E97BDB08A93BDF1
:105F90000E818FBD8F638BBD2C3487BDE8F482BD2D
:105FA0009D4F7DBDE59D74BDDFD86BBDC80463BD4D
:105FB000E9255ABD8F4051BD0B5948BDB1733FBD56
:105FC000D29436BDBBC02DBDB4FB24BDFD491CBD64
:105FD000CAAF13BD41310BBD7BD202BDFB2EF5BC58
:105FE0007408E5BC1639D5BC67C8C5BCB7BDB6BC1E
:105FF0001E20A8BC74F699BC51478CBC11327EBCE3
:1060000049E364BCC9AD4CBC6F9C35BC76B91FBCC0
:106010006E0E0BBC7148EFBB0306CBBB7964A9BB0A
:106020003E718ABB78705CBBA88729BB5F73F8BAE6
:10603000152AA9BA18944ABACA8DB3B9000000004B
:1060400000000000CA8DB33918944A3A152AA93ABB
:106050005F73F83AA887293B78705C3B3E718A3BB6
:106060007964A93B0306CB3B7148EF3B6E0E0B3CBA
:1060700076B91F3C6F9C353CC9AD4C3C49E3643C50
:1060800011327E3C51478C3C74F6993C1E20A83C52
:10609000B7BDB63C67C8C53C1639D53C7408E53C6D
:1060A000FB2EF53C7BD2023D41310B3DCAAF133D87
:1060B000FD491C3DB4FB243DBBC02D3DD294363D73
:1060C000B1733F3D0B59483D8F40513DE9255A3D45
:1060D000C804633DDFD86B3DE59D743D9D4F7D3D1C
:1060E000E8F4823D2C34873D8F638B3D0E818F3DDC
:1060F000B08A933D877E973DB35A9B3D5F1D9F3D80
:10610000C5C4A23D304FA63DF9BAA93D8B06AD3DB1
:106110006430B03D1437B33D3F19B63D9ED5B83D10
:10612000FF6ABB3D46D8BD3D6D1CC03D8536C23DB6
:10613000B925C43D49E9C53D9080C73DFFEAC83D4A
:106140002428CA3DA537CB3D3F19CC3DCDCCCC3D15
:10615000CDCCCC3D0402D33D97C9DA3D3C22E43D91
:10616000CE09EF3D4E7DFB3D73BC043EF37B0C3E00
:1061700068FA143EA8341E3E2427283EE7CD323E5E
:106180009D243E3E8C264A3EA2CE563E7017643E6B
:106190002EFB713EE039803E5EBD873EB2848F3E6D
:1061A0005B8C973EB3D09F3EF34DA83E3600B13E88
:1061B00079E3B93E9EF3C23E702CCC3EA289D53E17
:1061C000D406DF3E959FE83E644FF23EB311FC3E9D
:1061D000F6F0023FB8DD073FCDCC0C3FE2BB113FEC
:1061E000A4A8163FC0901B3FE871203FCF49253F30
:1061F00030162A3FC9D42E3F6283333FCA1F383F2F
:10620000DDA73C3F7E19413FA072453F40B1493F69
:106210006CD34D3F40D7513FEBBA553FA97C593F16
:10622000CE1A5D3FBE93603FF1E5633FF70F673FD6
:1062300072106A3F20E66C3FD18F6F3F700C723F47
:10624000005B743F9D7A763F7D6A783FF0297A3F04
:1062500060B87B3F52157D3F67407E3F59397F3F95
:106260000000803F0000803F71E0803F72FA813F74
:10627000D24D833F41DA843F4D9F863F659C883FE6
:10628000D9D08A3FD93B8D3F78DC8F3FA9B1923F6F
:1062900041BA953FFAF4983F71609C3F27FB9F3FBE
:1062A00083C3A33FD3B7A73F49D6AB3F041DB03F3D
:1062B000098AB43F491BB93FA0CEBD3FD7A1C23F19
:1062C000A492C73FAF9ECC3F8DC3D13FC9FED63FFE
:1062D000DE4DDC3F3EAEE13F511DE73F7598EC3FA0
:1062E000031DF23F4FA8F73FA737FD3F2D64014044
:1062F000D92B04407EF10640C6B3094058710C40CA
:10630000E1280F4011D911409C801440391E1740DC
:10631000A9B01940AE361C4015AF1E40B018214040
:106320005B722340FBBA25407EF12740DB142A40F4
:1063300017242C403E1E2E406C023040C7CF314007
:1063400083853340DF2235402CA73640C4113840C6
:106350001362394094973A40CEB13B405AB03C402A
:10636000E0923D4017593E40C7023F40C78F3F4033
:1063700000004040000040401C3840409D7E4040AE
:1063800075D3404090364140D3A741401927424041
:1063900036B44240F64E43401EF743406AAC444098
:1063A000906E45403F3D46401C184740CAFE47405E
:1063B000E1F04840F5ED494092F54A4041074C4034
:1063C00082224D40D2464E40A8734F4076A850409E
:1063D000A9E45140AC275340E3705440B2BF55404C
:1063E00078135740906B584054C759401D265B4066
:1063F00041875C4014EA5D40EA4D5F4016B2604060
:10640000EC156240BF786340E3D96440AC38664025
:106410007094674088EC68404E406A401D8F6B4026
:1064200054D86C40571B6E408A576F40588C704050
:106430002EB971407EDD7240BFF873406E0A754020
:106440000B1276401F0F774036017840E4E7784022
:10645000C1C2794070917A4096537B40E2087C40FB
:106460000AB17C40CA4B7D40E7D87D402D587E4024
:1064700070C97E408B2C7F4063817F40E4C77F40A2
:106480000000804000008040C652804080BA8040BA
:106490001E37814083C88140876E8240F728834041
:1064A00094F7834015DA844027D0854069D9864027
:1064B00073F58740D023894004648A4086B58B40B9
:1064C000C6178D402A8A8E400F0C9040C99C91407F
:1064D000A53B9340E8E79440D0A096409365984050
:1064E00061359A40640F9C40C1F29D4097DE9F4009
:1064F00002D2A14017CCA340EACBA5408AD0A74046
:1065000005D9A94067E4AB40B7F1AD400000B04009
:10651000490EB240991BB440FB26B640762FB840D6
:106520001634BA40E933BC40FE2DBE406921C0405C
:106530003F0DC2409CF0C3409FCAC5406D9AC74002
:10654000305FC9401818CB405BC4CC403763CE40A5
:10655000F1F3CF40D675D1403AE8D2407A4AD440E0
:10656000FC9BD54030DCD6408D0AD8409726D940D8
:10657000D92FDA40EB25DB406C08DC4009D7DC4042
:106580007991DD407D37DE40E2C8DE408045DF4066
:106590003AADDF400000E0400000E040478CE040C2
:1065A000873CE140A410E2406908E3409023E440C6
:1065B000BF61E54088C2E6406845E840CBE9E94074
:1065C0000AAFEB406994ED401D99EF4047BCF140A4
:1065D000F9FCF340325AF640E4D2F840EE65FB4055
:1065E0002312FE40236B004187D8014192500341A2
:1065F00093D20441D35D064197F107411C8D0941B7
:106600009F2F0B4155D80C4173860E4129391041FB
:10661000A4EF114111A91341996415416421174157
:106620009CDE1841679B1A41EF561C415C101E41CD
:10663000D7C61F418D792141AB27234161D0244129
:10664000E4722641690E28412DA229416D2D2B416E
:106650006EAF2C4179272E41DD942F41EFF630416A
:10666000094D32418E963341E7D23441840136419F
:10667000DD21374172333841CC3539417B283A41ED
:106680001A0B3B414CDD3B41BC9E3C41214F3D41FF
:1066900038EE3D41CC7B3E41AEF73E41BC613F41CF
:1066A000DDB93F4100004041000040410000404151
:1066B00000004041000040410000404100004041D6
:1066C00000004041000040410000404100004041C6
:1066D00000004041000040410000404100004041B6
:1066E00000004041000040410000404100004041A6
:1066F0000000404100004041000040410000404196
:106700000000404100004041000040410000404185
:106710000000404100004041000040410000404175
:106720000000404100004041000040410000404165
:106730000000404100004041000040410000404155
:106740000000404100004041000040410000404145
:106750000000404100004041000040410000404135
:106760000000404100004041000040410000404125
:106770000000404100004041000040410000404115
:106780000000404100004041000040410000404105
:1067900000004041000040410000404100004041F5
:1067A00000004041000040410000404100004041E5
:1067B0000000404100004041000040418BA54041A5
:1067C000007541413C6E4241059143410DDD44411C
:1067D000ED51464128EF47412BB449414EA04B4172
:1067E000D2B24D41E6EA4F41A147524108C8544157
:1067F0000C6B57418D2F5A4154145D411D18604157
:10680000923963414A776641D1CF6941A0416D41D8
:1068100025CB7041C16A7441C81E784182E57B4135
:106820002FBD7F4102D2814117CC8341EACB854104
:106830008AD0874105D9894167E48B41B7F18D4101
:1068400000009041490E9241991B9441FB269641CC
:10685000762F984116349A41E9339C41FE2D9E4192
:106860006921A0413F0DA2419CF0A3419FCAA541CF
:106870006D9AA741305FA9411818AB415BC4AC4188
:106880003763AE41F1F3AF41D675B1413AE8B24159
:106890007A4AB441FC9BB54130DCB6418D0AB8411F
:1068A0009726B941D92FBA41EB25BB416C08BC41B1
:1068B00009D7BC417991BD417D37BE41E2C8BE4197
:1068C0008045BF413AADBF410000C041000000001B
:1068D000D2F634396A23D7395483323A4AB07F3AF0
:1068E00023ECA83A8F18D43A788B003B76D9173B23
:1068F000F3E12F3BA294483B1DE4613B27C57B3B62
:1069000015178B3B6F8B983B023CA63B9C25B43BF9
:106910006445C23BCE98D03B8D1DDF3B88D1ED3B1B
:10692000D8B2FC3BDFDF053C4E7B0D3CFC2A153C1E
:1069300037EE1C3C5CC4243CD1AC2C3C07A7343C57
:1069400078B23C3CA5CE443C18FB4C3C6037553CEF
:1069500013835D3CCDDD653C2D476E3CD9BE763C56
:106960007B447F3CE0EB833C2D3C883C00938C3C9B
:1069700033F0903CA553953C34BD993CC12C9E3CD2
:106980002EA2A23C5E1DA73C349EAB3C9424B03C9E
:1069900066B0B43C9041B93CF9D7BD3C8973C23C68
:1069A0002B14C73CC9B9CB3C4C64D03CA013D53C9C
:1069B000B2C7D93C6D80DE3CC03DE33C97FFE73C6D
:1069C000E2C5EC3C8E90F13C8B5FF63CC832FB3C60
:1069D0001B05003DE372023DB4E2043D8754073DD0
:1069E00054C8093D163E0C3DC3B50E3D582F113D10
:1069F000CBAA133D1928163D39A7183D26281B3D63
:106A0000DBAA1D3D512F203D83B5223D6B3D253D29
:106A100004C7273D49522A3D34DF2C3DC06D2F3D30
:106A2000E8FD313DA88F343DFA22373DDAB7393DD4
:106A3000434E3C3D32E63E3DA07F413D8A1A443DF7
:106A4000ECB6463DC254493D06F44B3DB6944E3D2E
:106A5000CE36513D48DA533D237F563D5925593DA9
:106A6000E7CC5B3DCA755E3DFD1F613D7ECB633D5E
:106A70004878663D5926693DADD56B3D40866E3DF3
:106A80001038713D19EB733D589F763DCA54793DDE
:106A90006C0B7C3D3BC37E3D1ABE803D291B823D75
:106AA000CB78833DFDD6843DBF35863D0E95873D31
:106AB000E9F4883D50558A3D40B68B3DB8178D3D71
:106AC000B8798E3D3DDC8F3D473F913DD5A2923D4B
:106AD000E406943D746B953D84D0963D1236983D06
:106AE0001D9C993DA5029B3DA7699C3D23D19D3DE1
:106AF00018399F3D85A1A03D680AA23DC073A33D02
:106B00008DDDA43DCD47A63D80B2A73DA31DA93D87
:106B10003789AA3D3AF5AB3DAB61AD3D8ACEAE3D7E
:106B2000D43BB03D8AA9B13DAB17B33D3486B43DEB
:106B300027F5B53D8064B73D40D4B83D6644BA3DC5
:106B4000F1B4BB3DE025BD3D3197BE3DE508C03DFC
:106B5000FA7AC13D70EDC23D4560C43D79D3C53D73
:106B60000B47C73DFABAC83D452FCA3DECA3CB3D04
:106B7000ED18CD3D498ECE3DFD03D03D0A7AD13D85
:106B80006EF0D23D2A67D43D3BDED53DA255D73DC0
:106B90005DCDD83D6C45DA3DCEBDDB3D8236DD3D79
:106BA00089AFDE3DE028E03D87A2E13D7E1CE33D6C
:106BB000C496E43D5811E63D398CE73D6707E93D51
:106BC000E282EA3DA8FEEB3DB87AED3D13F7EE3DDB
:106BD000B873F03DA5F0F13DDB6DF33D58EBF43DAE
:106BE0001C69F63D26E7F73D7665F93D0CE4FA3D74
:106BF000E662FC3D03E2FD3D6461FF3D8470003EC2
:106C00007730013E8BF0013EBFB0023E1371033E70
:106C10008731043E1BF2043ECEB2053EA073063E11
:106C20009134073EA1F5073ECFB6083E1A78093EDB
:106C300083390A3E0AFB0A3EAEBC0B3E6F7E0C3E19
:106C40004C400D3E46020E3E5BC40E3E8D860F3E0E
:106C5000DA48103E420B113EC6CD113E6490123E02
:106C60001D53133EF015143EDDD8143EE49B153E33
:106C7000055F163E3E22173E91E5173EFDA8183EE1
:106C8000826C193E1E301A3ED3F31A3EA0B71B3E4B
:106C9000847B1C3E803F1D3E93031E3EBEC71E3EAE
:106CA000FE8B1F3E5650203EC314213E47D9213E45
:106CB000E19D223E9062233E5527243E2EEC243E49
:106CC0001DB1253E2176263E393B273E6600283EF3
:106CD000A6C5283EFB8A293E63502A3EDF152B3E7F
:106CE0006EDB2B3E10A12C3EC5662D3E8D2C2E3E1C
:106CF00067F22E3E54B82F3E527E303E6344313E02
:106D0000850A323EB8D0323EFD96333E535D343E66
:106D1000BA23353E32EA353EBAB0363E5377373E77
:106D2000FB3D383EB404393E7CCB393E54923A3E6A
:106D30003C593B3E32203C3E38E73C3E4CAE3D3E6B
:106D40006F753E3EA13C3F3EE103403E2FCB403EAF
:106D50008A92413EF459423E6B21433EF0E8433E65
:106D600082B0443E2178453ECD3F463E8507473EB2
:106D70004ACF473E1C97483EFA5E493EE3264A3ECC
:106D8000D9EE4A3EDAB64B3EE77E4C3EFF464D3EDC
:106D9000220F4E3E51D74E3E8A9F4F3ECE67503E09
:106DA0001D30513E75F8513ED9C0523E4689533E82
:106DB000BD51543E3E1A553EC8E2553E5CAB563E70
:106DC000F973573EA03C583E4F05593E07CE593EF9
:106DD000C8965A3E915F5B3E62285C3E3CF15C3E49
:106DE0001EBA5D3E08835E3EF94B5F3EF214603E84
:106DF000F3DD603EFBA6613E0A70623E2039633ED1
:106E00003D02643E60CB643E8B94653EBB5D663E56
:106E1000F226673E2FF0673E72B9683EBB82693E3C
:106E20000A4C6A3E5E156B3EB8DE6B3E17A86C3EA0
:106E30007B716D3EE53A6E3E53046F3EC6CD6F3EAC
:106E40003D97703EB960713E3A2A723EBEF3723E83
:106E500047BD733ED486743E6450753EF819763E45
:106E600090E3763E2BAD773EC976783E6B40793E17
:106E7000100A7A3EB7D37A3E619D7B3E0E677C3E18
:106E8000BE307D3E70FA7D3E24C47E3EDA8D7F3E6C
:106E9000C92B803EA690803E84F5803E635A813E99
:106EA00042BF813E2324823E0489823EE5ED823E3C
:106EB000C752833EA9B7833E8C1C843E6F81843EBB
:106EC00053E6843E364B853E1AB0853EFE14863E20
:106ED000E279863EC6DE863EAA43873E8DA8873E7F
:106EE000710D883E5472883E37D7883E193C893EE2
:106EF000FCA0893EDD058A3EBE6A8A3E9FCF8A3E5F
:106F00007F348B3E5E998B3E3CFE8B3E1A638C3EFB
:106F1000F6C78C3ED22C8D3EAD918D3E87F68D3ED0
:106F20005F5B8E3E37C08E3E0D258F3EE2898F3EE1
:106F3000B6EE8F3E8853903E59B8903E281D913E44
:106F4000F681913EC2E6913E8D4B923E56B0923E06
:106F50001D15933EE379933EA6DE933E6843943E2F
:106F600028A8943EE60C953EA171953E5BD6953ED1
:106F7000133B963EC89F963E7B04973E2C69973EF6
:106F8000DACD973E8632983E3097983ED7FB983EB2
:106F90007B60993E1DC5993EBC299A3E598E9A3E0A
:106FA000F3F29A3E8A579B3E1EBC9B3EAF209C3E0E
:106FB0003E859C3EC9E99C3E514E9D3ED7B29D3ECA
:106FC00059179E3ED87B9E3E54E09E3ECC449F3E49
:106FD00041A99F3EB30DA03E2172A03E8CD6A03E9B
:106FE000F43AA13E589FA13EB803A23E1568A23EC6
:106FF0006ECCA23EC330A33E1495A33E62F9A33EDD
:10700000AC5DA43EF2C1A43E3426A53E728AA53EE4
:10701000ABEEA53EE152A63E13B7A63E411BA73EEE
:107020006A7FA73E8FE3A73EB047A83ECCABA83E01
:10703000E40FA93EF873A93E07D8A93E123CAA3E28
:1070400018A0AA3E1904AB3E1668AB3E0ECCAB3E70
:107050000130AC3EF093AC3EDAF7AC3EBF5BAD3EE8
:107060009FBFAD3E7A23AE3E5087AE3E22EBAE3E92
:10707000EE4EAF3EB5B2AF3E7716B03E347AB03E7C
:10708000EBDDB03E9D41B13E4AA5B13EF208B23EB5
:10709000946CB23E31D0B23EC933B33E5A97B33E40
:1070A000E7FAB33E6E5EB43EEFC1B43E6B25B53E2B
:1070B000E088B53E51ECB53EBB4FB63E20B3B63E80
:1070C0007E16B73ED779B73E2ADDB73E7740B83E49
:1070D000BEA3B83E0007B93E3B6AB93E6FCDB93E8C
:1070E0009E30BA3EC793BA3EE9F6BA3E055ABB3E59
:1070F0001BBDBB3E2B20BC3E3483BC3E37E6BC3EB2
:107100003349BD3E29ACBD3E180FBE3E0172BE3EA6
:10711000E3D4BE3EBF37BF3E949ABF3E63FDBF3E41
:107120002A60C03EEBC2C03EA525C13E5988C13E83
:1071300005EBC13EAB4DC23E4AB0C23EE112C33E7A
:107140007275C33EFCD7C33E7F3AC43EFA9CC43E30
:107150006FFFC43EDC61C53E42C4C53EA126C63EAB
:10716000F988C63E49EBC63E924DC73ED4AFC73EF6
:107170000F12C83E4174C83E6DD6C83E9138C93E14
:10718000AD9AC93EC2FCC93ED05ECA3ED6C0CA3E18
:10719000D422CB3ECA84CB3EB9E6CB3EA048CC3EFF
:1071A0007FAACC3E570CCD3E266ECD3EEECFCD3ED7
:1071B000AE31CE3E6693CE3E16F5CE3EBE56CF3EA7
:1071C0005EB8CF3EF619D03E867BD03E0DDDD03E78
:1071D0008D3ED13E05A0D13E7401D23EDB62D23E4F
:1071E0003AC4D23E9025D33EDE86D33E24E8D33E39
:1071F0006249D43E97AAD43EC30BD53EE76CD53E38
:1072000003CED53E162FD63E2190D63E23F1D63E54
:107210001C52D73E0DB3D73EF513D83ED574D83E99
:10722000ABD5D83E7936D93E3F97D93EFBF7D93E0C
:10723000AE58DA3E59B9DA3EFB19DB3E947ADB3EB2
:1072400024DBDB3EAB3BDC3E299CDC3E9EFCDC3E93
:107250000A5DDD3E6CBDDD3EC61DDE3E177EDE3EB8
:107260005EDEDE3E9C3EDF3ED19EDF3EFDFEDF3E2B
:10727000205FE03E39BFE03E491FE13E4F7FE13EE7
:107280004DDFE13E403FE23E2B9FE23E0CFFE23EFF
:10729000E35EE33EB1BEE33E751EE43E307EE43E77
:1072A000E2DDE43E893DE53E279DE53EBCFCE53E52
:1072B000465CE63EC7BBE63E3F1BE73EAC7AE73E98
:1072C00010DAE73E6A39E83EBA98E83E00F8E83E50
:1072D0003D57E93E6FB6E93E9815EA3EB774EA3E7F
:1072E000CBD3EA3ED632EB3ED791EB3ECDF0EB3E30
:1072F000BA4FEC3E9CAEEC3E740DED3E436CED3E61
:1073000007CBED3EC029EE3E7088EE3E15E7EE3E1F
:10731000B045EF3E41A4EF3EC802F03E4461F03E6E
:10732000B6BFF03E1D1EF13E7A7CF13ECDDAF13E55
:107330001539F23E5397F23E86F5F23EAF53F33ED7
:10734000CDB1F33EE10FF43EEA6DF43EE9CBF43EFD
:10735000DC29F53EC687F53EA4E5F53E7843F63ECA
:1073600041A1F63E00FFF63EB35CF73E5CBAF73E45
:10737000FA17F83E8E75F83E16D3F83E9430F93E73
:10738000078EF93E6EEBF93ECB48FA3E1DA6FA3E5B
:107390006403FB3EA060FB3ED1BDFB3EF71AFC3E02
:1073A0001278FC3E22D5FC3E2732FD3E218FFD3E69
:1073B0000FECFD3EF348FE3ECBA5FE3E9802FF3E9D
:1073C0005A5FFF3E10BCFF3E5E0C003FAE3A003FEE
:1073D000F868003F3D97003F7CC5003FB5F3003F94
:1073E000E921013F1750013F3F7E013F62AC013F61
:1073F0007FDA013F9608023FA736023FB364023F9F
:10740000B992023FB9C0023FB3EE023FA81C033F4E
:10741000964A033F7F78033F62A6033F40D4033F71
:107420001702043FE82F043FB45D043F7A8B043F0A
:107430003AB9043FF4E6043FA814053F5642053F1D
:10744000FF6F053FA19D053F3ECB053FD4F8053FAB
:107450006526063FF053063F7481063FF3AE063FB4
:107460006CDC063FDE09073F4B37073FB264073F3E
:107470001292073F6DBF073FC2EC073F101A083F4B
:107480005947083F9B74083FD7A1083F0ECF083FDC
:107490003EFC083F6829093F8C56093FAA83093FF3
:1074A000C1B0093FD3DD093FDF0A0A3FE4370A3F95
:1074B000E3640A3FDC910A3FCFBE0A3FBBEB0A3FC1
:1074C000A2180B3F82450B3F5C720B3F309F0B3F76
:1074D000FDCB0B3FC4F80B3F86250C3F40520C3FC1
:1074E000F57E0C3FA3AB0C3F4BD80C3FED040D3F9A
:1074F00088310D3F1D5E0D3FAC8A0D3F35B70D3F06
:10750000B7E30D3F33100E3FA83C0E3F17690E3F07
:1075100080950E3FE3C10E3F3FEE0E3F941A0F3FA2
:10752000E4460F3F2C730F3F6F9F0F3FABCB0F3FD6
:10753000E1F70F3F1024103F3950103F5B7C103FA4
:1075400077A8103F8CD4103F9B00113FA42C113F13
:10755000A658113FA184113F96B0113F85DC113F21
:107560006D08123F4E34123F2960123FFE8B123FCE
:10757000CCB7123F93E3123F540F133F0E3B133F20
:10758000C266133F6F92133F15BE133FB5E9133F19
:107590004F15143FE140143F6D6C143FF397143FB7
:1075A00072C3143FEAEE143F5B1A153FC645153F00
:1075B0002A71153F889C153FDFC7153F2FF3153FF4
:1075C000791E163FBC49163FF874163F2DA0163F92
:1075D0005CCB163F84F6163FA521173FC04C173FE2
:1075E000D477173FE1A2173FE7CD173FE6F8173FE3
:1075F000DF23183FD14E183FBC79183FA1A4183F94
:107600007ECF183F55FA183F2525193FEE4F193FF9
:10761000B17A193F6CA5193F21D0193FCFFA193F14
:1076200076251A3F16501A3FAF7A1A3F42A51A3FE5
:10763000CDCF1A3F52FA1A3FD0241B3F464F1B3F73
:10764000B6791B3F1FA41B3F82CE1B3FDDF81B3FBB
:1076500031231C3F7E4D1C3FC5771C3F04A21C3FBD
:107660003DCC1C3F6EF61C3F99201D3FBC4A1D3F80
:10767000D9741D3FEF9E1D3FFDC81D3F05F31D3F03
:10768000051D1E3FFF461E3FF2701E3FDD9A1E3F46
:10769000C2C41E3F9FEE1E3F76181F3F45421F3F4C
:1076A0000D6C1F3FCF951F3F89BF1F3F3CE91F3F18
:1076B000E812203F8D3C203F2B66203FC18F203FAA
:1076C00051B9203FD9E2203F5B0C213FD535213F06
:1076D000485F213FB488213F19B2213F77DB213F2A
:1076E000CD04223F1D2E223F6557223FA680223F18
:1076F000E0A9223F13D3223F3EFC223F6225233FD5
:107700007F4E233F9577233FA4A0233FABC9233F60
:10771000ACF2233FA41B243F9644243F816D243FB9
:107720006496243F40BF243F15E8243FE210253FE4
:10773000A839253F6762253F1F8B253FCFB3253FE3
:1077400078DC253F1905263FB42D263F4756263FB6
:10775000D37E263F57A7263FD4CF263F4AF8263F61
:10776000B820273F1F49273F7F71273FD799273FE1
:1077700028C2273F71EA273FB412283FEE3A283F3C
:107780002263283F4E8B283F72B3283F90DB283F6F
:10779000A503293FB42B293FBB53293FBA7B293F7F
:1077A000B2A3293FA3CB293F8CF3293F6D1B2A3F6E
:1077B00048432A3F1A6B2A3FE6922A3FA9BA2A3F3A
:1077C00066E22A3F1B0A2B3FC8312B3F6E592B3FE5
:1077D0000C812B3FA3A82B3F32D02B3FBAF72B3F76
:1077E0003A1F2C3FB3462C3F246E2C3F8E952C3FE6
:1077F000F0BC2C3F4AE42C3F9D0B2D3FE9322D3F3E
:107800002C5A2D3F69812D3F9DA82D3FCACF2D3F7A
:10781000F0F62D3F0E1E2E3F24452E3F326C2E3F9C
:1078200039932E3F39BA2E3F31E12E3F21082F3FA9
:10783000092F2F3FEA552F3FC37C2F3F95A32F3FA2
:107840005FCA2F3F21F12F3FDB17303F8E3E303F85
:107850003965303FDD8B303F79B2303F0DD9303F55
:1078600099FF303F1E26313F9B4C313F1073313F13
:107870007E99313FE3BF313F41E6313F980C323FC3
:10788000E632323F2D59323F6C7F323FA3A5323F63
:10789000D3CB323FFBF1323F1B18333F333E333FF4
:1078A0004364333F4C8A333F4CB0333F45D6333F7C
:1078B00036FC333F2022343F0148343FDB6D343FF8
:1078C000AD93343F77B9343F39DF343FF304353F6C
:1078D000A62A353F5050353FF375353F8E9B353FD7
:1078E00021C1353FACE6353F2F0C363FAA31363F3C
:1078F0001E57363F897C363FEDA1363F48C7363F9D
:107900009CEC363FE811373F2C37373F685C373FF8
:107910009C81373FC8A6373FECCB373F08F1373F54
:107920001C16383F283B383F2D60383F2985383FAB
:107930001DAA383F09CF383FEEF3383FCA18393F08
:107940009E3D393F6A62393F2F87393FEBAB393F64
:107950009FD0393F4BF5393FEF193A3F8C3E3A3FC4
:1079600020633A3FAB873A3F2FAC3A3FABD03A3F28
:107970001FF53A3F8B193B3FEE3D3B3F4A623B3F91
:107980009D863B3FE9AA3B3F2CCF3B3F67F33B3F04
:107990009A173C3FC53B3C3FE85F3C3F02843C3F7D
:1079A00015A83C3F1FCC3C3F22F03C3F1C143D3F00
:1079B0000E383D3FF75B3D3FD97F3D3FB2A33D3F92
:1079C00084C73D3F4DEB3D3F0D0F3E3FC6323E3F2E
:1079D00077563E3F1F7A3E3FBF9D3E3F57C13E3FD9
:1079E000E6E43E3F6E083F3FED2B3F3F644F3F3F95
:1079F000D3723F3F39963F3F97B93F3FEDDC3F3F62
:107A00003B00403F8023403FBD46403FF269403F3E
:107A10001F8D403F43B0403F5FD3403F73F6403F30
:107A20007E19413F813C413F7C5F413F6E82413F37
:107A300059A5413F3AC8413F14EB413FE50D423F54
:107A4000AE30423F6E53423F2676423FD698423F89
:107A50007DBB423F1CDE423FB200433F4123433FD8
:107A6000C645433F4468433FB98A433F25AD433F42
:107A700089CF433FE5F1433F3814443F8336443FC9
:107A8000C558443FFF7A443F319D443F5ABF443F6D
:107A90007BE1443F9303453FA325453FAA47453F2C
:107AA000A869453F9F8B453F8DAD453F72CF453F10
:107AB0004FF1453F2313463FEF34463FB256463F12
:107AC0006C78463F1F9A463FC8BB463F69DD463F3C
:107AD00002FF463F9220473F1942473F9863473F86
:107AE0000F85473F7CA6473FE2C7473F3EE9473FF8
:107AF000920A483FDE2B483F204D483F5B6E483F8F
:107B00008C8F483FB5B0483FD6D1483FEDF2483F53
:107B1000FC13493F0335493F0156493FF676493F3B
:107B2000E297493FC6B8493FA1D9493F74FA493F56
:107B30003E1B4A3FFF3B4A3FB75C4A3F677D4A3F97
:107B40000E9E4A3FADBE4A3F42DF4A3FCFFF4A3F0B
:107B500053204B3FCF404B3F42614B3FAC814B3FAB
:107B60000DA24B3F66C24B3FB5E24B3FFC024C3F80
:107B70003B234C3F70434C3F9D634C3FC1834C3F84
:107B8000DCA34C3FEEC34C3FF8E34C3FF9034D3FC1
:107B9000F0234D3FE0434D3FC6634D3FA3834D3F30
:107BA00078A34D3F44C34D3F07E34D3FC1024E3FD5
:107BB00072224E3F1A424E3FBA614E3F50814E3FB5
:107BC000DEA04E3F63C04E3FDFDF4E3F52FF4E3FD1
:107BD000BC1E4F3F1E3E4F3F765D4F3FC57C4F3F23
:107BE0000C9C4F3F4ABB4F3F7EDA4F3FAAF94F3FB5
:107BF000CD18503FE637503FF756503FFF75503F86
:107C0000FE94503FF4B3503FE1D2503FC5F1503F96
:107C1000A010513F722F513F3B4E513FFB6C513FE3
:107C2000B28B513F60AA513F05C9513FA1E7513F77
:107C30003406523FBD24523F3E43523FB661523F4D
:107C40002480523F8A9E523FE6BC523F3ADB523F6D
:107C500084F9523FC517533FFE35533F2D54533FD0
:107C60005372533F6F90533F83AE533F8ECC533F7D
:107C70008FEA533F8708543F7726543F5D44543F73
:107C80003962543F0D80543FD89D543F99BB543FB7
:107C900051D9543F00F7543FA614553F4332553F46
:107CA000D64F553F606D553FE18A553F59A8553F26
:107CB000C8C5553F2DE3553F8900563FDC1D563F53
:107CC000263B563F6658563F9D75563FCB92563FD2
:107CD000EFAF563F0BCD563F1DEA563F2507573FA6
:107CE0002524573F1B41573F085E573FEB7A573FCC
:107CF000C597573F96B4573F5ED1573F1CEE573F4D
:107D0000D10A583F7C27583F1F44583FB760583F1F
:107D1000477D583FCD99583F4AB6583FBDD2583F4E
:107D200027EF583F870B593FDE27593F2C44593FD7
:107D30007060593FAB7C593FDD98593F05B5593FBD
:107D400023D1593F39ED593F44095A3F47255A3FFE
:107D50003F415A3F2F5D5A3F15795A3FF1945A3FA0
:107D6000C4B05A3F8DCC5A3F4DE85A3F04045B3FA4
:107D7000B01F5B3F543B5B3FEE565B3F7E725B3F09
:107D8000058E5B3F82A95B3FF6C45B3F60E05B3FD3
:107D9000C1FB5B3F18175C3F65325C3FA94D5C3F00
:107DA000E4685C3F15845C3F3C9F5C3F59BA5C3F94
:107DB0006DD55C3F78F05C3F790B5D3F70265D3F91
:107DC0005D415D3F415C5D3F1B775D3FEC915D3FF9
:107DD000B3AC5D3F70C75D3F24E25D3FCEFC5D3FCD
:107DE0006E175E3F05325E3F924C5E3F15675E3F09
:107DF0008F815E3FFF9B5E3F65B65E3FC1D05E3FB9
:107E000014EB5E3F5D055F3F9C1F5F3FD2395F3FD4
:107E1000FE535F3F206E5F3F38885F3F47A25F3F62
:107E20004BBC5F3F46D65F3F38F05F3F1F0A603F65
:107E3000FD23603FD03D603F9A57603F5B71603FDC
:107E4000118B603FBEA4603F60BE603FF9D7603FCA
:107E500088F1603F0E0B613F8924613FFB3D613F2C
:107E60006257613FC070613F148A613F5EA3613F0A
:107E70009EBC613FD5D5613F01EF613F2308623F62
:107E80003C21623F4B3A623F4F53623F4A6C623F34
:107E90003B85623F229E623FFFB6623FD2CF623F88
:107EA0009BE8623F5A01633F101A633FBB32633F56
:107EB0005C4B633FF363633F807C633F0495633FA8
:107EC0007DAD633FECC5633F51DE633FADF6633F7D
:107ED000FE0E643F4527643F823F643FB557643FD1
:107EE000DE6F643FFD87643F12A0643F1DB8643FAE
:107EF0001ED0643F14E8643F0100653FE317653F0F
:107F0000BC2F653F8A47653F4E5F653F0877653FF9
:107F1000B88E653F5EA6653FFABD653F8CD5653F6F
:107F200013ED653F9004663F031C663F6C33663F6C
:107F3000CB4A663F2062663F6A79663FAB90663FF8
:107F4000E1A7663F0DBF663F2FD6663F46ED663F11
:107F50005304673F571B673F4F32673F3E49673FB8
:107F60002360673FFD76673FCD8D673F92A4673FF3
:107F70004EBB673FFFD1673FA6E8673F43FF673FC0
:107F8000D515683F5D2C683FDB42683F4F59683F1D
:107F9000B86F683F1786683F6B9C683FB6B2683F12
:107FA000F6C8683F2BDF683F57F5683F780B693F9D
:107FB0008E21693F9B37693F9D4D693F9463693FBF
:107FC0008279693F648F693F3DA5693F0BBB693F7B
:107FD000CFD0693F88E6693F37FC693FDC116A3FD3
:107FE00076276A3F063D6A3F8B526A3F06686A3FC2
:107FF000767D6A3FDC926A3F38A86A3F89BD6A3F56
:10800000D0D26A3F0CE86A3F3EFD6A3F65126B3F83
:1080100082276B3F953C6B3F9D516B3F9A666B3F50
:108020008D7B6B3F75906B3F53A56B3F27BA6B3FC2
:10803000F0CE6B3FAEE36B3F62F86B3F0C0D6C3FD5
:10804000AB216C3F3F366C3FC94A6C3F485F6C3F89
:10805000BD736C3F27886C3F869C6C3FDBB06C3FE8
:1080600026C56C3F66D96C3F9BED6C3FC6016D3FEA
:10807000E6156D3FFC296D3F073E6D3F07526D3F92
:10808000FD656D3FE8796D3FC88D6D3F9EA16D3FE9
:1080900069B56D3F2AC96D3FE0DC6D3F8BF06D3FE8
:1080A0002C046E3FC2176E3F4E2B6E3FCE3E6E3F8E
:1080B00044526E3FB0656E3F11796E3F678C6E3FE4
:1080C000B29F6E3FF3B26E3F29C66E3F54D96E3FEA
:1080D00075EC6E3F8BFF6E3F96126F3F96256F3F9C
:1080E0008C386F3F774B6F3F585E6F3F2D716F3FFE
:1080F000F8836F3FB8966F3F6EA96F3F18BC6F3F14
:10810000B8CE6F3F4DE16F3FD8F36F3F5706703FDA
:10811000CC18703F362B703F953D703FEA4F703F53
:108120003462703F7374703FA786703FD098703F81
:10813000EFAA703F02BD703F0BCF703F0AE1703F66
:10814000FDF2703FE504713FC316713F9628713F01
:108150005E3A713F1B4C713FCD5D713F756F713F52
:108160001281713FA392713F2AA4713FA6B5713F5E
:1081700018C7713F7ED8713FD9E9713F2AFB713F23
:10818000700C723FAB1D723FDB2E723F0040723F9E
:108190001A51723F2962723F2E73723F2784723FD9
:1081A0001695723FFAA5723FD2B6723FA0C7723FD2
:1081B00063D8723F1BE9723FC9F9723F6B0A733F84
:1081C000021B733F8E2B733F103C733F864C733FF3
:1081D000F25C733F536D733FA87D733FF38D733F24
:1081E000339E733F68AE733F91BE733FB0CE733F13
:1081F000C4DE733FCDEE733FCBFE733FBE0E743FC4
:10820000A61E743F832E743F553E743F1D4E743F2F
:10821000D95D743F8A6D743F307D743FCB8C743F61
:108220005B9C743FE1AB743F5BBB743FCACA743F55
:108230002EDA743F87E9743FD5F8743F1908753F0B
:108240005117753F7E26753FA035753FB744753F82
:10825000C353753FC462753FBA71753FA580753FC2
:10826000858F753F5A9E753F24AD753FE3BB753FC3
:1082700097CA753F40D9753FDEE7753F71F6753F88
:10828000F804763F7513763FE721763F4D30763F11
:10829000A93E763FF94C763F3F5B763F7969763F62
:1082A000A877763FCD85763FE693763FF4A1763F7B
:1082B000F7AF763FEFBD763FDCCB763FBED9763F5A
:1082C00095E7763F61F5763F2203773FD810773FF9
:1082D000821E773F222C773FB639773F4047773F62
:1082E000BE54773F3262773F9A6F773FF77C773F94
:1082F000498A773F9097773FCCA4773FFDB1773F8E
:1083000023BF773F3ECC773F4DD9773F52E6773F4B
:108310004CF3773F3A00783F1E0D783FF619783FCF
:10832000C326783F8533783F3D40783FE94C783F1E
:108330008A59783F2066783FAB72783F2A7F783F32
:108340009F8B783F0998783F67A4783FBBB0783F10
:1083500003BD783F41C9783F73D5783F9BE1783FB3
:10836000B7ED783FC8F9783FCE05793FC911793F1D
:10837000B91D793F9E29793F7835793F4741793F4B
:108380000B4D793FC358793F7164793F1470793F41
:10839000AB7B793F3887793FB992793F309E793FFF
:1083A0009BA9793FFBB4793F51C0793F9BCB793F83
:1083B000DAD6793F0EE2793F38ED793F56F8793FCA
:1083C00069037A3F710E7A3F6E197A3F60247A3FD3
:1083D000472F7A3F233A7A3FF4447A3FBA4F7A3FA5
:1083E000755A7A3F25657A3FCA6F7A3F657A7A3F38
:1083F000F4847A3F788F7A3FF1997A3F5FA47A3F8D
:10840000C2AE7A3F1AB97A3F67C37A3FA9CD7A3FA5
:10841000E0D77A3F0CE27A3F2EEC7A3F44F67A3F7F
:108420004F007B3F500A7B3F45147B3F301E7B3F14
:108430000F287B3FE4317B3FAD3B7B3F6C457B3F6F
:10844000204F7B3FC9587B3F67627B3FFA6B7B3F86
:1084500082757B3FFF7E7B3F72887B3FD9917B3F5C
:10846000369B7B3F87A47B3FCEAD7B3F0AB77B3FEC
:108470003BC07B3F61C97B3F7DD27B3F8DDB7B3F38
:1084800093E47B3F8EED7B3F7DF67B3F63FF7B3F3D
:108490003D087C3F0C117C3FD1197C3F8B227C3FF7
:1084A0003A2B7C3FDE337C3F773C7C3F06457C3F6C
:1084B0008A4D7C3F03567C3F715E7C3FD5667C3F96
:1084C0002E6F7C3F7C777C3FBF7F7C3FF8877C3F73
:1084D00025907C3F49987C3F61A07C3F6FA87C3F02
:1084E00072B07C3F6AB87C3F58C07C3F3AC87C3F42
:1084F00013D07C3FE0D77C3FA3DF7C3F5CE77C3F31
:1085000009EF7C3FACF67C3F45FE7C3FD2057D3FCA
:10851000560D7D3FCE147D3F3C1C7D3FA0237D3F0B
:10852000F82A7D3F47327D3F8A397D3FC3407D3FFA
:10853000F2477D3F164F7D3F30567D3F3F5D7D3F8B
:1085400043647D3F3D6B7D3F2D727D3F12797D3FC2
:10855000EC7F7D3FBD867D3F828D7D3F3E947D3F9C
:10856000EE9A7D3F95A17D3F31A87D3FC2AE7D3F14
:108570004AB57D3FC7BB7D3F39C27D3FA1C87D3F26
:10858000FFCE7D3F53D57D3F9CDB7D3FDBE17D3FD3
:108590000FE87D3F39EE7D3F59F47D3F6FFA7D3F17
:1085A0007B007E3F7C067E3F730C7E3F60127E3FE9
:1085B00042187E3F1B1E7E3FE9237E3FAD297E3F52
:1085C000672F7E3F17357E3FBC3A7E3F58407E3F47
:1085D000E9457E3F714B7E3FEE507E3F61567E3FC8
:1085E000CA5B7E3F2A617E3F7F667E3FCA6B7E3FCD
:1085F0000B717E3F42767E3F6F7B7E3F93807E3F56
:10860000AC857E3FBB8A7E3FC18F7E3FBC947E3F60
:10861000AE997E3F969E7E3F74A37E3F48A87E3FE4
:1086200013AD7E3FD3B17E3F8AB67E3F37BB7E3FE0
:10863000DBBF7E3F74C47E3F04C97E3F8ACD7E3F50
:1086400007D27E3F7AD67E3FE3DA7E3F42DF7E3F2F
:1086500098E37E3FE5E77E3F28EC7E3F61F07E3F7A
:1086600091F47E3FB7F87E3FD4FC7E3FE7007F3F2A
:10867000F1047F3FF1087F3FE80C7F3FD5107F3F3B
:10868000BA147F3F94187F3F661C7F3F2E207F3FA8
:10869000ED237F3FA2277F3F4E2B7F3FF12E7F3F71
:1086A0008B327F3F1C367F3FA3397F3F213D7F3F89
:1086B00097407F3F03447F3F65477F3FBF4A7F3FEF
:1086C000104E7F3F58517F3F97547F3FCC577F3F9D
:1086D000F95A7F3F1D5E7F3F38617F3F4A647F3F8D
:1086E00054677F3F546A7F3F4C6D7F3F3B707F3FB5
:1086F00021737F3FFE757F3FD3787F3F9F7B7F3F16
:10870000627E7F3F1D817F3FCF837F3F78867F3FA3
:1087100019897F3FB18B7F3F418E7F3FC9907F3F5B
:1087200048937F3FBF957F3F2D987F3F939A7F3F30
:10873000F09C7F3F459F7F3F92A17F3FD7A37F3F24
:1087400014A67F3F48A87F3F74AA7F3F99AC7F3F24
:10875000B5AE7F3FC9B07F3FD5B27F3FD9B47F3F31
:10876000D5B67F3FC9B87F3FB5BA7F3F9ABC7F3F40
:1087700076BE7F3F4BC07F3F18C27F3FDDC37F3F48
:108780009BC57F3F51C77F3FFFC87F3FA6CA7F3F42
:1087900046CC7F3FDECD7F3F6ECF7F3FF7D07F3F20
:1087A00078D27F3FF3D37F3F66D57F3FD1D67F3FDF
:1087B00036D87F3F93D97F3FE9DA7F3F38DC7F3F70
:1087C00080DD7F3FC1DE7F3FFBDF7F3F2FE17F3FCB
:1087D0005BE27F3F80E37F3F9FE47F3FB7E57F3FE2
:1087E000C8E67F3FD2E77F3FD6E87F3FD4E97F3FAF
:1087F000CBEA7F3FBBEB7F3FA5EC7F3F89ED7F3F1F
:1088000066EE7F3F3DEF7F3F0EF07F3FD9F07F3F29
:108810009EF17F3F5DF27F3F15F37F3FC8F37F3FBF
:1088200075F47F3F1CF57F3FBEF57F3F5AF67F3FD3
:10883000F0F67F3F80F77F3F0CF87F3F91F87F3F56
:1088400012F97F3F8DF97F3F03FA7F3F73FA7F3F35
:10885000DFFA7F3F46FB7F3FA7FB7F3F04FC7F3F64
:108860005CFC7F3FB0FC7F3FFEFC7F3F49FD7F3FCC
:108870008EFD7F3FD0FD7F3F0DFE7F3F46FE7F3F59
:108880007BFE7F3FACFE7F3FD9FE7F3F02FF7F3FF5
:1088900028FF7F3F4AFF7F3F69FF7F3F84FF7F3F85
:1088A0009CFF7F3FB1FF7F3FC4FF7F3FD3FF7F3FF0
:1088B000E0FF7F3FEAFF7F3FF2FF7F3FF8FF7F3F10
:1088C000FCFF7F3FFFFF7F3F0000803F0000803FB5
:1088D0000000803FFFFF7F3FFCFF7F3FF8FF7F3FAF
:1088E000F2FF7F3FEAFF7F3FE0FF7F3FD3FF7F3F05
:1088F000C4FF7F3FB1FF7F3F9CFF7F3F84FF7F3FEF
:1089000069FF7F3F4AFF7F3F28FF7F3F02FF7F3F96
:10891000D9FE7F3FACFE7F3F7BFE7F3F46FE7F3F21
:108920000DFE7F3FD0FD7F3F8EFD7F3F49FD7F3FA6
:10893000FEFC7F3FB0FC7F3F5CFC7F3F04FC7F3F41
:10894000A7FB7F3F46FB7F3FDFFA7F3F73FA7F3F06
:1089500003FA7F3F8DF97F3F12F97F3F91F87F3F08
:108960000CF87F3F80F77F3FF0F67F3F5AF67F3F5E
:10897000BEF57F3F1CF57F3F75F47F3FC8F37F3F17
:1089800015F37F3F5DF27F3F9EF17F3FD9F07F3F40
:108990000EF07F3F3DEF7F3F66EE7F3F89ED7F3FEB
:1089A000A5EC7F3FBBEB7F3FCBEA7F3FD4E97F3F26
:1089B000D6E87F3FD2E77F3FC8E67F3FB7E57F3FFE
:1089C0009FE47F3F80E37F3F5BE27F3F2FE17F3F7C
:1089D000FBDF7F3FC1DE7F3F80DD7F3F38DC7F3FB5
:1089E000E9DA7F3F93D97F3F36D87F3FD1D67F3FAB
:1089F00066D57F3FF3D37F3F78D27F3FF7D07F3F6D
:108A00006ECF7F3FDECD7F3F46CC7F3FA6CA7F3F04
:108A1000FFC87F3F51C77F3F9BC57F3FDDC37F3F7F
:108A200018C27F3F4BC07F3F76BE7F3F9ABC7F3FDF
:108A3000B5BA7F3FC9B87F3FD5B67F3FD9B47F3F36
:108A4000D5B27F3FC9B07F3FB5AE7F3F99AC7F3F86
:108A500074AA7F3F48A87F3F14A67F3FD7A37F3FDC
:108A600092A17F3F459F7F3FF09C7F3F939A7F3F3E
:108A70002D987F3FBF957F3F48937F3FC9907F3FB1
:108A8000418E7F3FB18B7F3F19897F3F78867F3F43
:108A9000CF837F3F1D817F3F627E7F3F9F7B7F3FF4
:108AA000D3787F3FFE757F3F21737F3F3B707F3FD1
:108AB0004C6D7F3F546A7F3F54677F3F4A647F3FDE
:108AC00038617F3F1D5E7F3FF95A7F3FCC577F3F24
:108AD00097547F3F58517F3F104E7F3FBF4A7F3FA3
:108AE00065477F3F03447F3F97407F3F213D7F3F66
:108AF000A3397F3F1C367F3F8B327F3FF12E7F3F74
:108B00004E2B7F3FA2277F3FED237F3F2E207F3FCD
:108B1000661C7F3F94187F3FBA147F3FD5107F3F7C
:108B2000E80C7F3FF1087F3FF1047F3FE7007F3F84
:108B3000D4FC7E3FB7F87E3F91F47E3F61F07E3FEC
:108B400028EC7E3FE5E77E3F98E37E3F42DF7E3FB5
:108B5000E3DA7E3F7AD67E3F07D27E3F8ACD7E3FE4
:108B600004C97E3F74C47E3FDBBF7E3F37BB7E3F80
:108B70008AB67E3FD3B17E3F13AD7E3F48A87E3F8D
:108B800074A37E3F969E7E3FAE997E3FBC947E3F0F
:108B9000C18F7E3FBB8A7E3FAC857E3F93807E3F08
:108BA0006F7B7E3F42767E3F0B717E3FCA6B7E3F7E
:108BB0007F667E3F2A617E3FCA5B7E3F61567E3F75
:108BC000EE507E3F714B7E3FE9457E3F58407E3FF1
:108BD000BC3A7E3F17357E3F672F7E3FAD297E3FF3
:108BE000E9237E3F1B1E7E3F42187E3F60127E3F80
:108BF000730C7E3F7C067E3F7B007E3F6FFA7D3F9D
:108C000059F47D3F39EE7D3F0FE87D3FDBE17D3F4D
:108C10009CDB7D3F53D57D3FFFCE7D3FA1C87D3F8F
:108C200039C27D3FC7BB7D3F4AB57D3FC2AE7D3F68
:108C300031A87D3F95A17D3FEE9A7D3F3E947D3FDB
:108C4000828D7D3FBD867D3FEC7F7D3F12797D3FEC
:108C50002D727D3F3D6B7D3F43647D3F3F5D7D3F9A
:108C600030567D3F164F7D3FF2477D3FC3407D3FED
:108C70008A397D3F47327D3FF82A7D3FA0237D3FE3
:108C80003C1C7D3FCE147D3F560D7D3FD2057D3F80
:108C900045FE7C3FACF67C3F09EF7C3F5CE77C3FC8
:108CA000A3DF7C3FE0D77C3F13D07C3F3AC87C3FBA
:108CB00058C07C3F6AB87C3F72B07C3F6FA87C3F55
:108CC00061A07C3F49987C3F25907C3FF8877C3FA2
:108CD000BF7F7C3F7C777C3F2E6F7C3FD5667C3F9F
:108CE000715E7C3F03567C3F8A4D7C3F06457C3F4E
:108CF000773C7C3FDE337C3F3A2B7C3F8B227C3FB2
:108D0000D1197C3F0C117C3F3D087C3F63FF7B3FCA
:108D10007DF67B3F8EED7B3F93E47B3F8DDB7B3F9E
:108D20007DD27B3F61C97B3F3BC07B3F0AB77B3F26
:108D3000CEAD7B3F87A47B3F369B7B3FD9917B3F6A
:108D400072887B3FFF7E7B3F82757B3FFA6B7B3F68
:108D500067627B3FC9587B3F204F7B3F6C457B3F21
:108D6000AD3B7B3FE4317B3F0F287B3F301E7B3F99
:108D700045147B3F500A7B3F4F007B3F44F67A3FD0
:108D80002EEC7A3F0CE27A3FE0D77A3FA9CD7A3FCA
:108D900067C37A3F1AB97A3FC2AE7A3F5FA47A3F7F
:108DA000F1997A3F788F7A3FF4847A3F657A7A3FF7
:108DB000CA6F7A3F25657A3F755A7A3FBA4F7A3F34
:108DC000F4447A3F233A7A3F472F7A3F60247A3F30
:108DD0006E197A3F710E7A3F69037A3F56F8793FF0
:108DE00038ED793F0EE2793FDAD6793F9BCB793F78
:108DF00051C0793FFBB4793F9BA9793F309E793FC1
:108E0000B992793F3887793FAB7B793F1470793FCE
:108E10007164793FC358793F0B4D793F4741793FA2
:108E20007835793F9E29793FB91D793FC911793F3E
:108E3000CE05793FC8F9783FB7ED783F9BE1783FA1
:108E400073D5783F41C9783F03BD783FBBB0783FC9
:108E500067A4783F0998783F9F8B783F2A7F783FB7
:108E6000AB72783F2066783F8A59783FE94C783F6B
:108E70003D40783F8533783FC326783FF619783FE9
:108E80001E0D783F3A00783F4CF3773F52E6773F2C
:108E90004DD9773F3ECC773F23BF773FFDB1773F3A
:108EA000CCA4773F9097773F498A773FF77C773F0D
:108EB0009A6F773F3262773FBE54773F4047773FA4
:108EC000B639773F222C773F821E773FD810773F05
:108ED0002203773F61F5763F95E7763FBED9763F2F
:108EE000DCCB763FEFBD763FF7AF763FF4A1763F20
:108EF000E693763FCD85763FA877763F7969763FD2
:108F00003F5B763FF94C763FA93E763F4D30763F4A
:108F1000E721763F7513763FF804763F71F6753F8B
:108F2000DEE7753F40D9753F97CA753FE3BB753F94
:108F300024AD753F5A9E753F858F753FA580753F5F
:108F4000BA71753FC462753FC353753FB744753FEF
:108F5000A035753F7E26753F5117753F1908753F3F
:108F6000D5F8743F87E9743F2EDA743FCACA743F5C
:108F70005BBB743FE1AB743F5B9C743FCB8C743F35
:108F8000307D743F8A6D743FD95D743F1D4E743FD0
:108F9000553E743F832E743FA61E743FBE0E743F31
:108FA000CBFE733FCDEE733FC4DE733FB0CE733F55
:108FB00091BE733F68AE733F339E733FF38D733F33
:108FC000A87D733F536D733FF25C733F864C733FD4
:108FD000103C733F8E2B733F021B733F6B0A733F32
:108FE000C9F9723F1BE9723F63D8723FA0C7723F55
:108FF000D2B6723FFAA5723F1695723F2784723F30
:109000002E73723F2962723F1A51723F0040723FC5
:10901000DB2E723FAB1D723F700C723F2AFB713F1B
:10902000D9E9713F7ED8713F18C7713FA6B5713F2E
:109030002AA4713FA392713F1281713F756F713FF6
:10904000CD5D713F1B4C713F5E3A713F9628713F79
:10905000C316713FE504713FFDF2703F0AE1703FB6
:109060000BCF703F02BD703FEFAA703FD098703FAA
:10907000A786703F7374703F3462703FEA4F703F51
:10908000953D703F362B703FCC18703F5706703FB0
:10909000D8F36F3F4DE16F3FB8CE6F3F18BC6F3FC5
:1090A0006EA96F3FB8966F3FF8836F3F2D716F3F8A
:1090B000585E6F3F774B6F3F8C386F3F96256F3F01
:1090C00096126F3F8BFF6E3F75EC6E3F54D96E3F2B
:1090D00029C66E3FF3B26E3FB29F6E3F678C6E3F04
:1090E00011796E3FB0656E3F44526E3FCE3E6E3F8B
:1090F0004E2B6E3FC2176E3F2C046E3F8BF06D3FC0
:10910000E0DC6D3F2AC96D3F69B56D3F9EA16D3FA3
:10911000C88D6D3FE8796D3FFD656D3F07526D3F2E
:10912000073E6D3FFC296D3FE6156D3FC6016D3F63
:109130009BED6C3F66D96C3F26C56C3FDBB06C3F46
:10914000869C6C3F27886C3FBD736C3F485F6C3FCB
:10915000C94A6C3F3F366C3FAB216C3F0C0D6C3FF6
:1091600062F86B3FAEE36B3FF0CE6B3F27BA6B3FCD
:1091700053A56B3F75906B3F8D7B6B3F9A666B3F42
:109180009D516B3F953C6B3F82276B3F65126B3F58
:109190003EFD6A3F0CE86A3FD0D26A3F89BD6A3F14
:1091A00038A86A3FDC926A3F767D6A3F06686A3F6C
:1091B0008B526A3F063D6A3F76276A3FDC116A3F61
:1091C00037FC693F88E6693FCFD0693F0BBB693FF9
:1091D0003DA5693F648F693F8279693F9463693F28
:1091E0009D4D693F9B37693F8E21693F780B693FF1
:1091F00057F5683F2BDF683FF6C8683FB6B2683F57
:109200006B9C683F1786683FB86F683F4F59683F4F
:10921000DB42683F5D2C683FD515683F43FF673FE1
:10922000A6E8673FFFD1673F4EBB673F92A4673F09
:10923000CD8D673FFD76673F2360673F3E49673FBF
:109240004F32673F571B673F5304673F46ED663F0A
:109250002FD6663F0DBF663FE1A7663FAB90663FE6
:109260006A79663F2062663FCB4A663F6C33663F51
:10927000031C663F9004663F13ED653F8CD5653F48
:10928000FABD653F5EA6653FB88E653F0877653FCE
:109290004E5F653F8A47653FBC2F653FE317653FDB
:1092A0000100653F14E8643F1ED0643F1DB8643F71
:1092B00012A0643FFD87643FDE6F643FB557643F93
:1092C000823F643F4527643FFE0E643FADF6633F37
:1092D00051DE633FECC5633F7DAD633F0495633F63
:1092E000807C633FF363633F5C4B633FBB32633F10
:1092F000101A633F5A01633F9BE8623FD2CF623F3F
:10930000FFB6623F229E623F3B85623F4A6C623FEE
:109310004F53623F4B3A623F3C21623F2308623F1A
:1093200001EF613FD5D5613F9EBC613F5EA3613FC8
:10933000148A613FC070613F6257613FFB3D613FEE
:109340008924613F0E0B613F88F1603FF9D7603F90
:1093500060BE603FBEA4603F118B603F5B71603FA9
:109360009A57603FD03D603FFD23603F1F0A603F3A
:1093700038F05F3F46D65F3F4BBC5F3F47A25F3F41
:1093800038885F3F206E5F3FFE535F3FD2395F3FBB
:109390009C1F5F3F5D055F3F14EB5E3FC1D05E3FAA
:1093A00065B65E3FFF9B5E3F8F815E3F15675E3F08
:1093B000924C5E3F05325E3F6E175E3FCEFC5D3FD6
:1093C00024E25D3F70C75D3FB3AC5D3FEC915D3F14
:1093D0001B775D3F415C5D3F5D415D3F70265D3FBA
:1093E000790B5D3F78F05C3F6DD55C3F59BA5C3FCF
:1093F0003C9F5C3F15845C3FE4685C3FA94D5C3F4B
:1094000065325C3F18175C3FC1FB5B3F60E05B3F30
:10941000F6C45B3F82A95B3F058E5B3F7E725B3F7C
:10942000EE565B3F543B5B3FB01F5B3F04045B3F2A
:109430004DE85A3F8DCC5A3FC4B05A3FF1945A3F41
:1094400015795A3F2F5D5A3F3F415A3F47255A3FB2
:1094500044095A3F39ED593F23D1593F05B5593F8A
:10946000DD98593FAB7C593F7060593F2C44593FC0
:10947000DE27593F870B593F27EF583FBDD2583F52
:109480004AB6583FCD99583F477D583FB760583F3F
:109490001F44583F7C27583FD10A583F1CEE573F86
:1094A0005ED1573F96B4573FC597573FEB7A573F2A
:1094B000085E573F1B41573F2524573F2507573F1D
:1094C0001DEA563F0BCD563FEFAF563FCB92563F6E
:1094D0009D75563F6658563F263B563FDC1D563F0E
:1094E0008900563F2DE3553FC8C5553F59A8553F04
:1094F000E18A553F606D553FD64F553F4332553F4A
:10950000A614553F00F7543F51D9543F99BB543FDF
:10951000D89D543F0D80543F3962543F5D44543FC1
:109520007726543F8708543F8FEA533F8ECC533FF2
:1095300083AE533F6F90533F5372533F2D54533F6D
:10954000FE35533FC517533F84F9523F3ADB523F34
:10955000E6BC523F8A9E523F2480523FB661523F42
:109560003E43523FBD24523F3406523FA1E7513F94
:1095700005C9513F60AA513FB28B513FFB6C513F2F
:109580003B4E513F722F513FA010513FC5F1503F0C
:10959000E1D2503FF4B3503FFE94503FFF75503F2F
:1095A000F756503FE637503FCD18503FAAF94F3F8E
:1095B0007EDA4F3F4ABB4F3F0C9C4F3FC57C4F3F2D
:1095C000765D4F3F1E3E4F3FBC1E4F3F52FF4E3F0A
:1095D000DFDF4E3F63C04E3FDEA04E3F50814E3F27
:1095E000BA614E3F1A424E3F72224E3FC1024E3F79
:1095F00007E34D3F44C34D3F78A34D3FA3834D3F09
:10960000C6634D3FE0434D3FF0234D3FF9034D3FCF
:10961000F8E34C3FEEC34C3FDCA34C3FC1834C3FCF
:109620009D634C3F70434C3F3B234C3FFC024C3FFF
:10963000B5E24B3F66C24B3F0DA24B3FAC814B3F67
:1096400042614B3FCF404B3F53204B3FCFFF4A3F00
:1096500042DF4A3FADBE4A3F0E9E4A3F677D4A3FCA
:10966000B75C4A3FFF3B4A3F3E1B4A3F74FA493FC3
:10967000A1D9493FC6B8493FE297493FF676493FED
:109680000156493F0335493FFC13493FEDF2483F3E
:10969000D6D1483FB5B0483F8C8F483F5B6E483FBE
:1096A000204D483FDE2B483F920A483F3EE9473F66
:1096B000E2C7473F7CA6473F0F85473F9863473F38
:1096C0001942473F9220473F02FF463F69DD463F30
:1096D000C8BB463F1F9A463F6C78463FB256463F4E
:1096E000EF34463F2313463F4FF1453F72CF453F8E
:1096F0008DAD453F9F8B453FA869453FAA47453FF4
:10970000A325453F9303453F7BE1443F5ABF443F78
:10971000319D443FFF7A443FC558443F8336443F20
:109720003814443FE5F1433F89CF433F25AD433FE4
:10973000B98A433F4468433FC645433F4123433FC3
:10974000B200433F1CDE423F7DBB423FD698423FC2
:109750002676423F6E53423FAE30423FE50D423FD8
:1097600014EB413F3AC8413F59A5413F6E82413F0A
:109770007C5F413F813C413F7E19413F73F6403F52
:109780005FD3403F43B0403F1F8D403FF269403FB1
:10979000BD46403F8023403F3B00403FEDDC3F3F24
:1097A00097B93F3F39963F3FD3723F3F644F3F3FAA
:1097B000ED2B3F3F6E083F3FE6E43E3F57C13E3F43
:1097C000BF9D3E3F1F7A3E3F77563E3FC6323E3FEB
:1097D0000D0F3E3F4DEB3D3F84C73D3FB2A33D3FA4
:1097E000D97F3D3FF75B3D3F0E383D3F1C143D3F69
:1097F00022F03C3F1FCC3C3F15A83C3F02843C3F3D
:10980000E85F3C3FC53B3C3F9A173C3F67F33B3F1B
:109810002CCF3B3FE9AA3B3F9D863B3F4A623B3F03
:10982000EE3D3B3F8B193B3F1FF53A3FABD03A3FF4
:109830002FAC3A3FAB873A3F20633A3F8C3E3A3FEA
:10984000EF193A3F4BF5393F9FD0393FEBAB393FEA
:109850002F87393F6A62393F9E3D393FCA18393FE9
:10986000EEF3383F09CF383F1DAA383F2985383FEE
:109870002D60383F283B383F1C16383F08F1373FF2
:10988000ECCB373FC8A6373F9C81373F685C373FFA
:109890002C37373FE811373F9CEC363F48C7363FFF
:1098A000EDA1363F897C363F1E57363FAA31363F01
:1098B0002F0C363FACE6353F21C1353F8E9B353FFF
:1098C000F375353F5050353FA62A353FF304353FF9
:1098D00039DF343F77B9343FAD93343FDB6D343FEC
:1098E0000148343F2022343F36FC333F45D6333FD6
:1098F0004CB0333F4C8A333F4364333F333E333FB6
:109900001B18333FFBF1323FD3CB323FA3A5323F8D
:109910006C7F323F2D59323FE632323F980C323F56
:1099200041E6313FE3BF313F7E99313F1073313F14
:109930009B4C313F1E26313F99FF303F0DD9303FC0
:1099400079B2303FDD8B303F3965303F8E3E303F5E
:10995000DB17303F21F12F3F5FCA2F3F95A32F3FE9
:10996000C37C2F3FEA552F3F092F2F3F21082F3F60
:1099700031E12E3F39BA2E3F39932E3F326C2E3FC4
:1099800024452E3F0E1E2E3FF0F62D3FCACF2D3F11
:109990009DA82D3F69812D3F2C5A2D3FE9322D3F47
:1099A0009D0B2D3F4AE42C3FF0BC2C3F8E952C3F65
:1099B000246E2C3FB3462C3F3A1F2C3FBAF72B3F67
:1099C00032D02B3FA3A82B3F0C812B3F6E592B3F4E
:1099D000C8312B3F1B0A2B3F66E22A3FA9BA2A3F18
:1099E000E6922A3F1A6B2A3F48432A3F6D1B2A3FC3
:1099F0008CF3293FA3CB293FB2A3293FBA7B293F50
:109A0000BB53293FB42B293FA503293F90DB283FB7
:109A100072B3283F4E8B283F2263283FEE3A283FFF
:109A2000B412283F71EA273F28C2273FD799273F22
:109A30007F71273F1F49273FB820273F4AF8263F1D
:109A4000D4CF263F57A7263FD37E263F4756263FF3
:109A5000B42D263F1905263F78DC253FCFB3253F9F
:109A60001F8B253F6762253FA839253FE210253F20
:109A700015E8243F40BF243F6496243F816D243F76
:109A80009644243FA41B243FACF2233FABC9233FA1
:109A9000A4A0233F9577233F7F4E233F6225233F9A
:109AA0003EFC223F13D3223FE0A9223FA680223F63
:109AB0006557223F1D2E223FCD04223F77DB213FF9
:109AC00019B2213FB488213F485F213FD535213F5E
:109AD0005B0C213FD9E2203F51B9203FC18F203F8D
:109AE0002B66203F8D3C203FE812203F3CE91F3F82
:109AF00089BF1F3FCF951F3F0D6C1F3F45421F3F42
:109B000076181F3F9FEE1E3FC2C41E3FDD9A1E3FC8
:109B1000F2701E3FFF461E3F051D1E3F05F31D3F11
:109B2000FDC81D3FEF9E1D3FD9741D3FBC4A1D3F20
:109B300099201D3F6EF61C3F3DCC1C3F04A21C3FEC
:109B4000C5771C3F7E4D1C3F31231C3FDDF81B3F7A
:109B500082CE1B3F1FA41B3FB6791B3F464F1B3FC6
:109B6000D0241B3F52FA1A3FCDCF1A3F42A51A3FCD
:109B7000AF7A1A3F16501A3F76251A3FCFFA193F8F
:109B800021D0193F6CA5193FB17A193FEE4F193F0B
:109B90002525193F55FA183F7ECF183FA1A4183F3D
:109BA000BC79183FD14E183FDF23183FE6F8173F26
:109BB000E7CD173FE1A2173FD477173FC04C173FBF
:109BC000A521173F84F6163F5CCB163F2DA0163F0C
:109BD000F874163FBC49163F791E163F2FF3153F08
:109BE000DFC7153F889C153F2A71153FC645153FB5
:109BF0005B1A153FEAEE143F72C3143FF397143F0C
:109C00006D6C143FE140143F4F15143FB5E9133F0D
:109C100015BE133F6F92133FC266133F0E3B133FB7
:109C2000540F133F93E3123FCCB7123FFE8B123F0A
:109C30002960123F4E34123F6D08123F85DC113F00
:109C400096B0113FA184113FA658113FA42C113F9B
:109C50009B00113F8CD4103F77A8103F5B7C103FD6
:109C60003950103F1024103FE1F70F3FABCB0F3FAF
:109C70006F9F0F3F2C730F3FE4460F3F941A0F3F27
:109C80003FEE0E3FE3C10E3F80950E3F17690E3F3A
:109C9000A83C0E3F33100E3FB7E30D3F35B70D3FE5
:109CA000AC8A0D3F1D5E0D3F88310D3FED040D3F29
:109CB0004BD80C3FA3AB0C3FF57E0C3F40520C3F02
:109CC00086250C3FC4F80B3FFDCB0B3F309F0B3F6D
:109CD0005C720B3F82450B3FA2180B3FBBEB0A3F68
:109CE000CFBE0A3FDC910A3FE3640A3FE4370A3FF4
:109CF000DF0A0A3FD3DD093FC1B0093FAA83093F0C
:109D00008C56093F6829093F3EFC083F0ECF083FAB
:109D1000D7A1083F9B74083F5947083F101A083FD6
:109D2000C2EC073F6DBF073F1292073FB264073F87
:109D30004B37073FDE09073F6CDC063FF3AE063FBB
:109D40007481063FF053063F6526063FD4F8053F71
:109D50003ECB053FA19D053FFF6F053F5642053FA6
:109D6000A814053FF4E6043F3AB9043F7A8B043F58
:109D7000B45D043FE82F043F1702043F40D4033F83
:109D800062A6033F7F78033F964A033FA81C033F28
:109D9000B3EE023FB9C0023FB992023FB364023F43
:109DA000A736023F9608023F7FDA013F62AC013FCF
:109DB0003F7E013F1750013FE921013FB5F3003FCE
:109DC0007CC5003F3D97003FF868003FAE3A003F3A
:109DD0005E0C003F10BCFF3E5A5FFF3E9802FF3E04
:109DE000CBA5FE3EF348FE3E0FECFD3E218FFD3E2F
:109DF0002732FD3E22D5FC3E1278FC3EF71AFC3E8F
:109E0000D1BDFB3EA060FB3E6403FB3E1DA6FA3EB7
:109E1000CB48FA3E6EEBF93E078EF93E9430F93EA0
:109E200016D3F83E8E75F83EFA17F83E5CBAF73E48
:109E3000B35CF73E00FFF63E41A1F63E7843F63EA6
:109E4000A4E5F53EC687F53EDC29F53EE9CBF43EB8
:109E5000EA6DF43EE10FF43ECDB1F33EAF53F33E75
:109E600086F5F23E5397F23E1539F23ECDDAF13ED9
:109E70007A7CF13E1D1EF13EB6BFF03E4461F03EDD
:109E8000C802F03E41A4EF3EB045EF3E15E7EE3E7E
:109E90007088EE3EC029EE3E07CBED3E436CED3EB2
:109EA000740DED3E9CAEEC3EBA4FEC3ECDF0EB3E79
:109EB000D791EB3ED632EB3ECBD3EA3EB774EA3EC7
:109EC0009815EA3E6FB6E93E3D57E93E00F8E83E98
:109ED000BA98E83E6A39E83E10DAE73EAC7AE73EE7
:109EE0003F1BE73EC7BBE63E465CE63EBCFCE53EAC
:109EF000279DE53E893DE53EE2DDE43E307EE43EE1
:109F0000751EE43EB1BEE33EE35EE33E0CFFE23E7F
:109F10002B9FE23E403FE23E4DDFE13E4F7FE13E80
:109F2000491FE13E39BFE03E205FE03EFDFEDF3EDF
:109F3000D19EDF3E9C3EDF3E5EDEDE3E177EDE3E95
:109F4000C61DDE3E6CBDDD3E0A5DDD3E9EFCDC3E98
:109F5000299CDC3EAB3BDC3E24DBDB3E947ADB3EE3
:109F6000FB19DB3E59B9DA3EAE58DA3EFBF7D93E73
:109F70003F97D93E7936D93EABD5D83ED574D83E39
:109F8000F513D83E0DB3D73E1C52D73E23F1D63E33
:109F90002190D63E162FD63E03CED53EE76CD53E59
:109FA000C30BD53E97AAD43E6249D43E24E8D33EA3
:109FB000DE86D33E9025D33E3AC4D23EDB62D23E0B
:109FC0007401D23E05A0D13E8D3ED13E0DDDD03E86
:109FD000867BD03EF619D03E5EB8CF3EBE56CF3E11
:109FE00016F5CE3E6693CE3EAE31CE3EEECFCD3EA2
:109FF000266ECD3E570CCD3E7FAACC3EA048CC3E2F
:10A00000B9E6CB3ECA84CB3ED422CB3ED6C0CA3EB4
:10A01000D05ECA3EC2FCC93EAD9AC93E9138C93E27
:10A020006DD6C83E4174C83E0F12C83ED4AFC73E7D
:10A03000924DC73E49EBC63EF988C63EA126C63EB4
:10A0400042C4C53EDC61C53E6FFFC43EFA9CC43EBF
:10A050007F3AC43EFCD7C33E7275C33EE112C33E95
:10A060004AB0C23EAB4DC23E05EBC13E5988C13E2F
:10A07000A525C13EEBC2C03E2A60C03E63FDBF3E87
:10A08000949ABF3EBF37BF3EE3D4BE3E0172BE3E90
:10A09000180FBE3E29ACBD3E3349BD3E37E6BC3E3F
:10A0A0003483BC3E2B20BC3E1BBDBB3E055ABB3E91
:10A0B000E9F6BA3EC793BA3E9E30BA3E6FCDB93E7E
:10A0C0003B6AB93E0007B93EBEA3B83E7740B83EF2
:10A0D0002ADDB73ED779B73E7E16B73E20B3B63EEF
:10A0E000BB4FB63E51ECB53EE088B53E6B25B53E64
:10A0F000EFC1B43E6E5EB43EE7FAB33E5A97B33E4C
:10A10000C933B33E31D0B23E946CB23EF208B23E97
:10A110004AA5B13E9D41B13EEBDDB03E347AB03E42
:10A120007716B03EB5B2AF3EEE4EAF3E22EBAE3E3E
:10A130005087AE3E7A23AE3E9FBFAD3EBF5BAD3E85
:10A14000DAF7AC3EF093AC3E0130AC3E0ECCAB3E09
:10A150001668AB3E1904AB3E18A0AA3E123CAA3EBC
:10A1600007D8A93EF873A93EE40FA93ECCABA83EA0
:10A17000B047A83E8FE3A73E6A7FA73E411BA73E9C
:10A1800013B7A63EE152A63EABEEA53E728AA53EAF
:10A190003426A53EF2C1A43EAC5DA43E62F9A33EC6
:10A1A0001495A33EC330A33E6ECCA23E1568A23EDA
:10A1B000B803A23E589FA13EF43AA13E8CD6A03EE1
:10A1C0002172A03EB30DA03E41A99F3ECC449F3ECC
:10A1D00054E09E3ED87B9E3E59179E3ED7B29D3E90
:10A1E000514E9D3EC9E99C3E3E859C3EAF209C3E23
:10A1F0001EBC9B3E8A579B3EF3F29A3E598E9A3E76
:10A20000BC299A3E1DC5993E7B60993ED7FB983E7E
:10A210003097983E8632983EDACD973E2C69973E2D
:10A220007B04973EC89F963E133B963E5BD6953E79
:10A23000A171953EE60C953E28A8943E6843943E55
:10A24000A6DE933EE379933E1D15933E56B0923EB3
:10A250008D4B923EC2E6913EF681913E281D913E85
:10A2600059B8903E8853903EB6EE8F3EE2898F3EBD
:10A270000D258F3E37C08E3E5F5B8E3E87F68D3E4E
:10A28000AD918D3ED22C8D3EF6C78C3E1A638C3E2E
:10A290003CFE8B3E5E998B3E7F348B3E9FCF8A3E49
:10A2A000BE6A8A3EDD058A3EFCA0893E193C893E95
:10A2B00037D7883E5472883E710D883E8DA8873E00
:10A2C000AA43873EC6DE863EE279863EFE14863E7F
:10A2D0001AB0853E364B853E53E6843E6F81843E00
:10A2E0008C1C843EA9B7833EC752833EE5ED823E77
:10A2F0000489823E2324823E42BF813E635A813ECE
:10A3000084F5803EA690803EC92B803EDA8D7F3E4C
:10A3100024C47E3E70FA7D3EBE307D3E0E677C3E9C
:10A32000619D7B3EB7D37A3E100A7A3E6B40793E00
:10A33000C976783E2BAD773E90E3763EF819763EAF
:10A340006450753ED486743E47BD733EBEF3723E84
:10A350003A2A723EB960713E3D97703EC6CD6F3E5F
:10A3600053046F3EE53A6E3E7B716D3E17A86C3E1E
:10A37000B8DE6B3E5E156B3E0A4C6A3EBB82693EA0
:10A3800072B9683E2FF0673EF226673EBB5D663EBF
:10A390008B94653E60CB643E3D02643E2039633E53
:10A3A0000A70623EFBA6613EF3DD603EF214603E41
:10A3B000F94B5F3E08835E3E1EBA5D3E3CF15C3E5B
:10A3C00062285C3E915F5B3EC8965A3E07CE593E7E
:10A3D0004F05593EA03C583EF973573E5CAB563E84
:10A3E000C8E2553E3E1A553EBD51543E4689533E45
:10A3F000D9C0523E75F8513E1D30513ECE67503E99
:10A400008A9F4F3E51D74E3E220F4E3EFF464D3E55
:10A41000E77E4C3EDAB64B3ED9EE4A3EE3264A3E54
:10A42000FA5E493E1C97483E4ACF473E8507473E65
:10A43000CD3F463E2178453E82B0443EF0E8433E63
:10A440006B21433EF459423E8A92413E2FCB403E1F
:10A45000E103403EA13C3F3E6F753E3E4CAE3D3E6B
:10A4600038E73C3E32203C3E3C593B3E54923A3E1B
:10A470007CCB393EB404393EFB3D383E5377373E02
:10A48000BAB0363E32EA353EBA23353E535D343EED
:10A49000FD96333EB8D0323E850A323E6344313EAB
:10A4A000527E303E54B82F3E67F22E3E8D2C2E3E0B
:10A4B000C5662D3E10A12C3E6EDB2B3EDF152B3EDC
:10A4C00063502A3EFB8A293EA6C5283E6600283EE8
:10A4D000393B273E2176263E1DB1253E2EEC243EFB
:10A4E0005527243E9062233EE19D223E47D9213EDE
:10A4F000C314213E5650203EFE8B1F3EBEC71E3E5B
:10A5000093031E3E803F1D3E847B1C3EA0B71B3E36
:10A51000D3F31A3E1E301A3E826C193EFDA8183E37
:10A5200091E5173E3E22173E055F163EE49B153E21
:10A53000DDD8143EF015143E1D53133E6490123EB8
:10A54000C6CD113E420B113EDA48103E8D860F3EBD
:10A550005BC40E3E46020E3E4C400D3E6F7E0C3EEE
:10A56000AEBC0B3E0AFB0A3E83390A3E1A78093E0E
:10A57000CFB6083EA1F5073E9134073EA073063ED4
:10A58000CEB2053E1BF2043E8731043E1371033EFA
:10A59000BFB0023E8BF0013E7730013E8470003E3A
:10A5A0006461FF3D03E2FD3DE662FC3D0CE4FA3DE3
:10A5B0007665F93D26E7F73D1C69F63D58EBF43D1D
:10A5C000DB6DF33DA5F0F13DB873F03D13F7EE3DC3
:10A5D000B87AED3DA8FEEB3DE282EA3D6707E93D32
:10A5E000398CE73D5811E63DC496E43D7E1CE33DC1
:10A5F00087A2E13DE028E03D89AFDE3D8236DD3DCA
:10A60000CEBDDB3D6C45DA3D5DCDD83DA255D73D95
:10A610003BDED53D2A67D43D6EF0D23D0A7AD13D6E
:10A62000FD03D03D498ECE3DED18CD3DECA3CB3D95
:10A63000452FCA3DFABAC83D0B47C73D79D3C53D42
:10A640004560C43D70EDC23DFA7AC13DE508C03DAC
:10A650003197BE3DE025BD3DF1B4BB3D6644BA3DFA
:10A6600040D4B83D8064B73D27F5B53D3486B43D50
:10A67000AB17B33D8AA9B13DD43BB03D8ACEAE3DC8
:10A68000AB61AD3D3AF5AB3D3789AA3DA31DA93D70
:10A6900080B2A73DCD47A63D8DDDA43DC073A33D4F
:10A6A000680AA23D85A1A03D18399F3D23D19D3D5B
:10A6B000A7699C3DA5029B3D1D9C993D1236983D86
:10A6C00084D0963D746B953DE406943DD5A2923DB1
:10A6D000473F913D3DDC8F3DB8798E3DB8178D3DAC
:10A6E00040B68B3D50558A3DE9F4883D0E95873D37
:10A6F000BF35863DFDD6843DCB78833D291B823D09
:10A700001ABE803D3BC37E3D6C0B7C3DCA54793DF7
:10A71000589F763D19EB733D1038713D40866E3D74
:10A72000ADD56B3D5926693D4878663D7ECB633D8E
:10A73000FD1F613DCA755E3DE7CC5B3D5925593D26
:10A74000237F563D48DA533DCE36513DB6944E3DBB
:10A7500006F44B3DC254493DECB6463D8A1A443D91
:10A76000A07F413D32E63E3D434E3C3DDAB7393DA8
:10A77000FA22373DA88F343DE8FD313DC06D2F3DB5
:10A7800034DF2C3D49522A3D04C7273D6B3D253D12
:10A7900083B5223D512F203DDBAA1D3D26281B3DC0
:10A7A00039A7183D1928163DCBAA133D582F113D46
:10A7B000C3B50E3D163E0C3D54C8093D8754073DB8
:10A7C000B4E2043DE372023D1B05003DC832FB3C90
:10A7D0008B5FF63C8E90F13CE2C5EC3C97FFE73C8A
:10A7E000C03DE33C6D80DE3CB2C7D93CA013D53CF4
:10A7F0004C64D03CC9B9CB3C2B14C73C8973C23CD8
:10A80000F9D7BD3C9041B93C66B0B43C9424B03C0F
:10A81000349EAB3C5E1DA73C2EA2A23CC12C9E3CAC
:10A8200034BD993CA553953C33F0903C00938C3C4F
:10A830002D3C883CE0EB833C7B447F3CD9BE763C9E
:10A840002D476E3CCDDD653C13835D3C6037553C48
:10A8500018FB4C3CA5CE443C78B23C3C07A7343CAA
:10A86000D1AC2C3C5CC4243C37EE1C3CFC2A153C8F
:10A870004E7B0D3CDFDF053CD8B2FC3B88D1ED3B85
:10A880008D1DDF3BCE98D03B6445C23B9C25B43B3D
:10A89000023CA63B6F8B983B15178B3B27C57B3B38
:10A8A0001DE4613BA294483BF3E12F3B76D9173B73
:10A8B000788B003B8F18D43A23ECA83A4AB07F3A01
:10A8C0005483323A6A23D739D2F634390080008073
:10A8D00000A0B9B200C04ECAB9D2D6D900E071E525
:10A8E0004EEAB4EEB9F26BF6D6F906FD0000CC02E2
:10A8F0007005EF074D0A8D0CB30EC110B8129A14F3
:10A900006A162818D519741B051D881E00206B2196
:10A91000CC2223247025B326EF2722294D2A712B20
:10A920008D2CA32DB32EBD2FC130BF31B832AB3328
:10A930009A3484356A364B3728380039D539A73AE6
:10A94000743B3E3C053DC83D883E453F0040B74016
:10A950006B411D42CC4279432344CA44704513469F
:10A96000B3465247EF4789482249B8494D4AE04A21
:10A97000714B004C8D4C194DA34D2C4EB34E394F9D
:10A98000BD4F3F50C1504051BF513C52B85232535D
:10A99000AB5323549A5410558455F7556A56DB56D9
:10A9A0004B57BA572858945800596B59D5593E5AA5
:10A9B000A75A0E5B745BDA5B3E5CA25C055D675D6B
:10A9C000C85D295E885EE75E455FA35F00605B60EF
:10A9D000B76011616B61C4611D627562CC622363F3
:10A9E0007963CE6323647764CA641D657065C1654D
:10A9F00013666366B36603675267A167EF673C68D7
:10AA00008968D66822696D69B869036A4D6A966A71
:10AA1000E06A286B716BB86B006C476C8D6CD46C02
:10AA2000196D5F6DA36DE86D2C6E706EB36EF66E72
:10AA3000396F7B6FBD6FFE6F3F708070C1700171A9
:10AA400040718071BF71FD713C727A72B872F5729B
:10AA500032736F73AB73E77323745F749A74D57436
:10AA600010754A758475BE75F77531766A76A2766B
:10AA7000DB7613774B778277BA77F17728785E7831
:10AA80009478CB78007936796B79A079D5790A7A80
:10AA90003E7A737AA77ADA7A0E7B417B747BA77B46
:10AAA000DA7B0C7C3E7C707CA27CD37C057D367D81
:10AAB000677D987DC87DF87D297E597E887EB87E29
:10AAC000E77E167F457F747FA37FD17FD17F000013
:10AAD00000000000880FC93B900E493CB6C9963C67
:10AAE000B00AC93CBA49FB3C2CC3163D07E02F3DD8
:10AAF00030FB483D6914623D742B7B3D0A208A3D42
:10AB000005A9963D8C30A33D80B6AF3DC33ABC3D10
:10AB100036BDC83DB93DD53D2EBCE13D7638EE3D54
:10AB200073B2FA3D0295033E86CF093EB708103E48
:10AB30008340163EDE761C3EB6AB223EFCDE283E4F
:10AB4000A2102F3E9840353ECF6E3B3E379B413E94
:10AB5000C2C5473E60EE4D3E0115543E97395A3E00
:10AB6000135C603E667C663E7F9A6C3E51B6723ED8
:10AB7000CCCF783EE1E67E3EC07D823ECE86853EED
:10AB8000938E883E07958B3E229A8E3EDD9D913EA8
:10AB900031A0943E17A1973E86A09A3E789E9D3E96
:10ABA000E59AA03EC595A33E128FA63EC486A93E57
:10ABB000D47CAC3E3A71AF3EEF63B23EEC54B53E4E
:10ABC0002A44B83EA031BB3E4A1DBE3E1E07C13ED0
:10ABD00015EFC33E29D5C63E53B9C93E8B9BCC3E2B
:10ABE000CA7BCF3E095AD23E4136D53E6B10D83E85
:10ABF00080E8DA3E79BEDD3E4F92E03EFA63E33E06
:10AC00007533E63EB700E93EBBCBEB3E7994EE3EB2
:10AC1000EA5AF13E071FF43ECBE0F63E2DA0F93E86
:10AC2000275DFC3EB217FF3EE4E7003FB142023F22
:10AC30003D9C033F84F4043F824B063F36A1073F0F
:10AC40009BF5083FAD480A3F6B9A0B3FD0EA0C3F9B
:10AC5000DA390E3F84870F3FCDD3103FB01E123F2D
:10AC60002A68133F39B0143FD9F6153F073C173F08
:10AC7000C07F183F00C2193FC6021B3F0C421C3F59
:10AC8000D17F1D3F12BC1E3FCBF61F3FF92F213F46
:10AC90009967223FA99D233F25D2243F0A05263FDD
:10ACA0005636273F0566283F1594293F82C02A3F24
:10ACB0004AEB2B3F69142D3FDE3B2E3FA5612F3F12
:10ACC000BB85303F1DA8313FC9C8323FBCE7333F89
:10ACD000F304353F6C20363F233A373F1652383F56
:10ACE0004268393FA47C3A3F3B8F3B3F03A03C3F47
:10ACF000F9AE3D3F1BBC3E3F67C73F3FDAD0403F08
:10AD000070D8413F29DE423F00E2433FF5E3443F34
:10AD100003E4453F2AE2463F65DE473FB3D8483F5C
:10AD200012D1493F7FC74A3FF8BB4B3F79AE4C3FFA
:10AD3000029F4D3F908D4E3F1F7A4F3FAF64503F73
:10AD40003D4D513FC633523F4918533FC3FA533F1D
:10AD500031DB543F93B9553FE595563F2670573F39
:10AD60005348583F6A1E593F6AF2593F50C45A3FF0
:10AD70001A945B3FC7615C3F532D5D3FBEF65D3F5C
:10AD800005BE5E3F27835F3F2146603FF206613F7D
:10AD900098C5613F1082623F5A3C633F73F4633F42
:10ADA00059AA643F0B5E653F880F663FCCBE663F85
:10ADB000D86B673FA816683F3CBF683F9165693F05
:10ADC000A7096A3F7BAB6A3F0C4B6B3F58E86B3F70
:10ADD0005E836C3F1D1C6D3F93B26D3FBE466E3F60
:10ADE0009ED86E3F30686F3F73F56F3F6680703F4F
:10ADF0000809713F578F713F5213723FF894723FA9
:10AE00004714733F3F91733FDD0B743F2284743FBF
:10AE10000BFA743F976D753FC6DE753F974D763FD1
:10AE200007BA763F1724773FC58B773F10F1773FFE
:10AE3000F853783F7BB4783F9812793F4E6E793F54
:10AE40009DC7793F841E7A3F02737A3F16C57A3FC9
:10AE5000BE147B3FFC617B3FCDAC7B3F31F57B3F3C
:10AE6000283B7C3FB07E7C3FC9BF7C3F73FE7C3F6C
:10AE7000AC3A7D3F74747D3FCCAB7D3FB1E07D3F0C
:10AE800024137E3F23437E3FB0707E3FC99B7E3FAD
:10AE90006DC47E3F9DEA7E3F580E7F3F9D2F7F3FD2
:10AEA0006D4E7F3FC76A7F3FAB847F3F189C7F3FDB
:10AEB0000FB17F3F8FC37F3F98D37F3F29E17F3F13
:10AEC00043EC7F3FE6F47F3F11FB7F3FC4FE7F3FB3
:10AED0000000803FC4FE7F3F11FB7F3FE6F47F3FD1
:10AEE00043EC7F3F29E17F3F98D37F3F8FC37F3F74
:10AEF0000FB17F3F189C7F3FAB847F3FC76A7F3F86
:10AF00006D4E7F3F9D2F7F3F580E7F3F9DEA7E3FD6
:10AF10006DC47E3FC99B7E3FB0707E3F23437E3F22
:10AF200024137E3FB1E07D3FCCAB7D3F74747D3F09
:10AF3000AC3A7D3F73FE7C3FC9BF7C3FB07E7C3F17
:10AF4000283B7C3F31F57B3FCDAC7B3FFC617B3FB9
:10AF5000BE147B3F16C57A3F02737A3F841E7A3F48
:10AF60009DC7793F4E6E793F9812793F7BB4783F09
:10AF7000F853783F10F1773FC58B773F1724773F21
:10AF800007BA763F974D763FC6DE753F976D753FA2
:10AF90000BFA743F2284743FDD0B743F3F91733F83
:10AFA0004714733FF894723F5213723F578F713FAB
:10AFB0000809713F6680703F73F56F3F30686F3FDF
:10AFC0009ED86E3FBE466E3F93B26D3F1D1C6D3FD7
:10AFD0005E836C3F58E86B3F0C4B6B3F7BAB6A3F2B
:10AFE000A7096A3F9165693F3CBF683FA816683F63
:10AFF000D86B673FCCBE663F880F663F0B5E653FF0
:10B0000059AA643F73F4633F5A3C633F1082623F26
:10B0100098C5613FF206613F2146603F27835F3F4D
:10B0200005BE5E3FBEF65D3F532D5D3FC7615C3F91
:10B030001A945B3F50C45A3F6AF2593F6A1E593F07
:10B040005348583F2670573FE595563F93B9553FB3
:10B0500031DB543FC3FA533F4918533FC633523F85
:10B060003D4D513FAF64503F1F7A4F3F908D4E3F53
:10B07000029F4D3F79AE4C3FF8BB4B3F7FC74A3FE5
:10B0800012D1493FB3D8483F65DE473F2AE2463FE9
:10B0900003E4453FF5E3443F00E2433F29DE423FFE
:10B0A00070D8413FDAD0403F67C73F3F1BBC3E3FAF
:10B0B000F9AE3D3F03A03C3F3B8F3B3FA47C3A3F72
:10B0C0004268393F1652383F233A373F6C20363FAB
:10B0D000F304353FBCE7333FC9C8323F1DA8313FB9
:10B0E000BB85303FA5612F3FDE3B2E3F69142D3FCE
:10B0F0004AEB2B3F82C02A3F1594293F0566283F23
:10B100005636273F0A05263F25D2243FA99D233FD7
:10B110009967223FF92F213FCBF61F3F12BC1E3FFC
:10B12000D17F1D3F0C421C3FC6021B3F00C2193F8E
:10B13000C07F183F073C173FD9F6153F39B0143F81
:10B140002A68133FB01E123FCDD3103F84870F3FB4
:10B15000DA390E3FD0EA0C3F6B9A0B3FAD480A3FFD
:10B160009BF5083F36A1073F824B063F84F4043F1E
:10B170003D9C033FB142023FE4E7003FB217FF3E70
:10B18000275DFC3E2DA0F93ECBE0F63E071FF43EC6
:10B19000EA5AF13E7994EE3EBBCBEB3EB700E93E76
:10B1A0007533E63EFA63E33E4F92E03E79BEDD3E04
:10B1B00080E8DA3E6B10D83E4136D53E095AD23E81
:10B1C000CA7BCF3E8B9BCC3E53B9C93E29D5C63EE8
:10B1D00015EFC33E1E07C13E4A1DBE3EA031BB3E19
:10B1E0002A44B83EEC54B53EEF63B23E3A71AF3EEE
:10B1F000D47CAC3EC486A93E128FA63EC595A33E24
:10B20000E59AA03E789E9D3E86A09A3E17A1973E65
:10B2100031A0943EDD9D913E229A8E3E07958B3E55
:10B22000938E883ECE86853EC07D823EE1E67E3EA0
:10B23000CCCF783E51B6723E7F9A6C3E667C663EBD
:10B24000135C603E97395A3E0115543E60EE4D3E08
:10B25000C2C5473E379B413ECF6E3B3E9840353E90
:10B26000A2102F3EFCDE283EB6AB223EDE761C3E10
:10B270008340163EB708103E86CF093E0295033E36
:10B2800073B2FA3D7638EE3D2EBCE13DB93DD53D79
:10B2900036BDC83DC33ABC3D80B6AF3D8C30A33D02
:10B2A00005A9963D0A208A3D742B7B3D6914623DB9
:10B2B00030FB483D07E02F3D2CC3163DBA49FB3C0F
:10B2C000B00AC93CB6C9963C900E493C880FC93BB0
:10B2D00032310D25880FC9BB900E49BCB6C996BC4A
:10B2E000B00AC9BCBA49FBBC2CC316BD07E02FBDD0
:10B2F00030FB48BD691462BD742B7BBD0A208ABD3A
:10B3000005A996BD8C30A3BD80B6AFBDC33ABCBD08
:10B3100036BDC8BDB93DD5BD2EBCE1BD7638EEBD4C
:10B3200073B2FABD029503BE86CF09BEB70810BE40
:10B33000834016BEDE761CBEB6AB22BEFCDE28BE47
:10B34000A2102FBE984035BECF6E3BBE379B41BE8C
:10B35000C2C547BE60EE4DBE011554BE97395ABEF8
:10B36000135C60BE667C66BE7F9A6CBE51B672BED0
:10B37000CCCF78BEE1E67EBEC07D82BECE8685BEE5
:10B38000938E88BE07958BBE229A8EBEDD9D91BEA0
:10B3900031A094BE17A197BE86A09ABE789E9DBE8E
:10B3A000E59AA0BEC595A3BE128FA6BEC486A9BE4F
:10B3B000D47CACBE3A71AFBEEF63B2BEEC54B5BE46
:10B3C0002A44B8BEA031BBBE4A1DBEBE1E07C1BEC8
:10B3D00015EFC3BE29D5C6BE53B9C9BE8B9BCCBE23
:10B3E000CA7BCFBE095AD2BE4136D5BE6B10D8BE7D
:10B3F00080E8DABE79BEDDBE4F92E0BEFA63E3BEFE
:10B400007533E6BEB700E9BEBBCBEBBE7994EEBEAA
:10B41000EA5AF1BE071FF4BECBE0F6BE2DA0F9BE7E
:10B42000275DFCBEB217FFBEE4E700BFB14202BF1A
:10B430003D9C03BF84F404BF824B06BF36A107BF07
:10B440009BF508BFAD480ABF6B9A0BBFD0EA0CBF93
:10B45000DA390EBF84870FBFCDD310BFB01E12BF25
:10B460002A6813BF39B014BFD9F615BF073C17BF00
:10B47000C07F18BF00C219BFC6021BBF0C421CBF51
:10B48000D17F1DBF12BC1EBFCBF61FBFF92F21BF3E
:10B49000996722BFA99D23BF25D224BF0A0526BFD5
:10B4A000563627BF056628BF159429BF82C02ABF1C
:10B4B0004AEB2BBF69142DBFDE3B2EBFA5612FBF0A
:10B4C000BB8530BF1DA831BFC9C832BFBCE733BF81
:10B4D000F30435BF6C2036BF233A37BF165238BF4E
:10B4E000426839BFA47C3ABF3B8F3BBF03A03CBF3F
:10B4F000F9AE3DBF1BBC3EBF67C73FBFDAD040BF00
:10B5000070D841BF29DE42BF00E243BFF5E344BF2C
:10B5100003E445BF2AE246BF65DE47BFB3D848BF54
:10B5200012D149BF7FC74ABFF8BB4BBF79AE4CBFF2
:10B53000029F4DBF908D4EBF1F7A4FBFAF6450BF6B
:10B540003D4D51BFC63352BF491853BFC3FA53BF15
:10B5500031DB54BF93B955BFE59556BF267057BF31
:10B56000534858BF6A1E59BF6AF259BF50C45ABFE8
:10B570001A945BBFC7615CBF532D5DBFBEF65DBF54
:10B5800005BE5EBF27835FBF214660BFF20661BF75
:10B5900098C561BF108262BF5A3C63BF73F463BF3A
:10B5A00059AA64BF0B5E65BF880F66BFCCBE66BF7D
:10B5B000D86B67BFA81668BF3CBF68BF916569BFFD
:10B5C000A7096ABF7BAB6ABF0C4B6BBF58E86BBF68
:10B5D0005E836CBF1D1C6DBF93B26DBFBE466EBF58
:10B5E0009ED86EBF30686FBF73F56FBF668070BF47
:10B5F000080971BF578F71BF521372BFF89472BFA1
:10B60000471473BF3F9173BFDD0B74BF228474BFB7
:10B610000BFA74BF976D75BFC6DE75BF974D76BFC9
:10B6200007BA76BF172477BFC58B77BF10F177BFF6
:10B63000F85378BF7BB478BF981279BF4E6E79BF4C
:10B640009DC779BF841E7ABF02737ABF16C57ABFC1
:10B65000BE147BBFFC617BBFCDAC7BBF31F57BBF34
:10B66000283B7CBFB07E7CBFC9BF7CBF73FE7CBF64
:10B67000AC3A7DBF74747DBFCCAB7DBFB1E07DBF04
:10B6800024137EBF23437EBFB0707EBFC99B7EBFA5
:10B690006DC47EBF9DEA7EBF580E7FBF9D2F7FBFCA
:10B6A0006D4E7FBFC76A7FBFAB847FBF189C7FBFD3
:10B6B0000FB17FBF8FC37FBF98D37FBF29E17FBF0B
:10B6C00043EC7FBFE6F47FBF11FB7FBFC4FE7FBFAB
:10B6D000000080BFC4FE7FBF11FB7FBFE6F47FBFC9
:10B6E00043EC7FBF29E17FBF98D37FBF8FC37FBF6C
:10B6F0000FB17FBF189C7FBFAB847FBFC76A7FBF7E
:10B700006D4E7FBF9D2F7FBF580E7FBF9DEA7EBFCE
:10B710006DC47EBFC99B7EBFB0707EBF23437EBF1A
:10B7200024137EBFB1E07DBFCCAB7DBF74747DBF01
:10B73000AC3A7DBF73FE7CBFC9BF7CBFB07E7CBF0F
:10B74000283B7CBF31F57BBFCDAC7BBFFC617BBFB1
:10B75000BE147BBF16C57ABF02737ABF841E7ABF40
:10B760009DC779BF4E6E79BF981279BF7BB478BF01
:10B77000F85378BF10F177BFC58B77BF172477BF19
:10B7800007BA76BF974D76BFC6DE75BF976D75BF9A
:10B790000BFA74BF228474BFDD0B74BF3F9173BF7B
:10B7A000471473BFF89472BF521372BF578F71BFA3
:10B7B000080971BF668070BF73F56FBF30686FBFD7
:10B7C0009ED86EBFBE466EBF93B26DBF1D1C6DBFCF
:10B7D0005E836CBF58E86BBF0C4B6BBF7BAB6ABF23
:10B7E000A7096ABF916569BF3CBF68BFA81668BF5B
:10B7F000D86B67BFCCBE66BF880F66BF0B5E65BFE8
:10B8000059AA64BF73F463BF5A3C63BF108262BF1E
:10B8100098C561BFF20661BF214660BF27835FBF45
:10B8200005BE5EBFBEF65DBF532D5DBFC7615CBF89
:10B830001A945BBF50C45ABF6AF259BF6A1E59BFFF
:10B84000534858BF267057BFE59556BF93B955BFAB
:10B8500031DB54BFC3FA53BF491853BFC63352BF7D
:10B860003D4D51BFAF6450BF1F7A4FBF908D4EBF4B
:10B87000029F4DBF79AE4CBFF8BB4BBF7FC74ABFDD
:10B8800012D149BFB3D848BF65DE47BF2AE246BFE1
:10B8900003E445BFF5E344BF00E243BF29DE42BFF6
:10B8A00070D841BFDAD040BF67C73FBF1BBC3EBFA7
:10B8B000F9AE3DBF03A03CBF3B8F3BBFA47C3ABF6A
:10B8C000426839BF165238BF233A37BF6C2036BFA3
:10B8D000F30435BFBCE733BFC9C832BF1DA831BFB1
:10B8E000BB8530BFA5612FBFDE3B2EBF69142DBFC6
:10B8F0004AEB2BBF82C02ABF159429BF056628BF1B
:10B90000563627BF0A0526BF25D224BFA99D23BFCF
:10B91000996722BFF92F21BFCBF61FBF12BC1EBFF4
:10B92000D17F1DBF0C421CBFC6021BBF00C219BF86
:10B93000C07F18BF073C17BFD9F615BF39B014BF79
:10B940002A6813BFB01E12BFCDD310BF84870FBFAC
:10B95000DA390EBFD0EA0CBF6B9A0BBFAD480ABFF5
:10B960009BF508BF36A107BF824B06BF84F404BF16
:10B970003D9C03BFB14202BFE4E700BFB217FFBE68
:10B98000275DFCBE2DA0F9BECBE0F6BE071FF4BEBE
:10B99000EA5AF1BE7994EEBEBBCBEBBEB700E9BE6E
:10B9A0007533E6BEFA63E3BE4F92E0BE79BEDDBEFC
:10B9B00080E8DABE6B10D8BE4136D5BE095AD2BE79
:10B9C000CA7BCFBE8B9BCCBE53B9C9BE29D5C6BEE0
:10B9D00015EFC3BE1E07C1BE4A1DBEBEA031BBBE11
:10B9E0002A44B8BEEC54B5BEEF63B2BE3A71AFBEE6
:10B9F000D47CACBEC486A9BE128FA6BEC595A3BE1C
:10BA0000E59AA0BE789E9DBE86A09ABE17A197BE5D
:10BA100031A094BEDD9D91BE229A8EBE07958BBE4D
:10BA2000938E88BECE8685BEC07D82BEE1E67EBE98
:10BA3000CCCF78BE51B672BE7F9A6CBE667C66BEB5
:10BA4000135C60BE97395ABE011554BE60EE4DBE00
:10BA5000C2C547BE379B41BECF6E3BBE984035BE88
:10BA6000A2102FBEFCDE28BEB6AB22BEDE761CBE08
:10BA7000834016BEB70810BE86CF09BE029503BE2E
:10BA800073B2FABD7638EEBD2EBCE1BDB93DD5BD71
:10BA900036BDC8BDC33ABCBD80B6AFBD8C30A3BDFA
:10BAA00005A996BD0A208ABD742B7BBD691462BDB1
:10BAB00030FB48BD07E02FBD2CC316BDBA49FBBC07
:10BAC000B00AC9BCB6C996BC900E49BC880FC9BBA8
:10BAD00032318DA5880FC93B900E493CB6C9963CC2
:10BAE000B00AC93CBA49FB3C2CC3163D07E02F3DC8
:10BAF00030FB483D6914623D742B7B3D0A208A3D32
:10BB000005A9963D8C30A33D80B6AF3DC33ABC3D00
:10BB100036BDC83DB93DD53D2EBCE13D7638EE3D44
:10BB200073B2FA3D0295033E86CF093EB708103E38
:10BB30008340163EDE761C3EB6AB223EFCDE283E3F
:10BB4000A2102F3E9840353ECF6E3B3E379B413E84
:10BB5000C2C5473E60EE4D3E0115543E97395A3EF0
:10BB6000135C603E667C663E7F9A6C3E51B6723EC8
:10BB7000CCCF783EE1E67E3EC07D823ECE86853EDD
:10BB8000938E883E07958B3E229A8E3EDD9D913E98
:10BB900031A0943E17A1973E86A09A3E789E9D3E86
:10BBA000E59AA03EC595A33E128FA63EC486A93E47
:10BBB000D47CAC3E3A71AF3EEF63B23EEC54B53E3E
:10BBC0002A44B83EA031BB3E4A1DBE3E1E07C13EC0
:10BBD00015EFC33E29D5C63E53B9C93E8B9BCC3E1B
:10BBE000CA7BCF3E095AD23E4136D53E6B10D83E75
:10BBF00080E8DA3E79BEDD3E4F92E03EFA63E33EF6
:10BC00007533E63EB700E93EBBCBEB3E7994EE3EA2
:10BC1000EA5AF13E071FF43ECBE0F63E2DA0F93E76
:10BC2000275DFC3EB217FF3EE4E7003FB142023F12
:10BC30003D9C033F84F4043F824B063F36A1073FFF
:10BC40009BF5083FAD480A3F6B9A0B3FD0EA0C3F8B
:10BC5000DA390E3F84870F3FCDD3103FB01E123F1D
:10BC60002A68133F39B0143FD9F6153F073C173FF8
:10BC7000C07F183F00C2193FC6021B3F0C421C3F49
:10BC8000D17F1D3F12BC1E3FCBF61F3FF92F213F36
:10BC90009967223FA99D233F25D2243F0A05263FCD
:10BCA0005636273F0566283F1594293F82C02A3F14
:10BCB0004AEB2B3F69142D3FDE3B2E3FA5612F3F02
:10BCC000BB85303F1DA8313FC9C8323FBCE7333F79
:10BCD000F304353F6C20363F233A373F1652383F46
:10BCE0004268393FA47C3A3F3B8F3B3F03A03C3F37
:10BCF000F9AE3D3F1BBC3E3F67C73F3FDAD0403FF8
:10BD000070D8413F29DE423F00E2433FF5E3443F24
:10BD100003E4453F2AE2463F65DE473FB3D8483F4C
:10BD200012D1493F7FC74A3FF8BB4B3F79AE4C3FEA
:10BD3000029F4D3F908D4E3F1F7A4F3FAF64503F63
:10BD40003D4D513FC633523F4918533FC3FA533F0D
:10BD500031DB543F93B9553FE595563F2670573F29
:10BD60005348583F6A1E593F6AF2593F50C45A3FE0
:10BD70001A945B3FC7615C3F532D5D3FBEF65D3F4C
:10BD800005BE5E3F27835F3F2146603FF206613F6D
:10BD900098C5613F1082623F5A3C633F73F4633F32
:10BDA00059AA643F0B5E653F880F663FCCBE663F75
:10BDB000D86B673FA816683F3CBF683F9165693FF5
:10BDC000A7096A3F7BAB6A3F0C4B6B3F58E86B3F60
:10BDD0005E836C3F1D1C6D3F93B26D3FBE466E3F50
:10BDE0009ED86E3F30686F3F73F56F3F6680703F3F
:10BDF0000809713F578F713F5213723FF894723F99
:10BE00004714733F3F91733FDD0B743F2284743FAF
:10BE10000BFA743F976D753FC6DE753F974D763FC1
:10BE200007BA763F1724773FC58B773F10F1773FEE
:10BE3000F853783F7BB4783F9812793F4E6E793F44
:10BE40009DC7793F841E7A3F02737A3F16C57A3FB9
:10BE5000BE147B3FFC617B3FCDAC7B3F31F57B3F2C
:10BE6000283B7C3FB07E7C3FC9BF7C3F73FE7C3F5C
:10BE7000AC3A7D3F74747D3FCCAB7D3FB1E07D3FFC
:10BE800024137E3F23437E3FB0707E3FC99B7E3F9D
:10BE90006DC47E3F9DEA7E3F580E7F3F9D2F7F3FC2
:10BEA0006D4E7F3FC76A7F3FAB847F3F189C7F3FCB
:10BEB0000FB17F3F8FC37F3F98D37F3F29E17F3F03
:10BEC00043EC7F3FE6F47F3F11FB7F3FC4FE7F3FA3
:10BED0000000803F0000140028003D005100650074
:10BEE0007A008E00A200B700CB00E000F400080149
:10BEF0001D01310146015A016E0183019701AB0119
:10BF0000C001D401E901FD01110226023A024F02EB
:10BF1000630277028C02A002B502C902DD02F202BE
:10BF200006031B032F03440358036D03810395038A
:10BF3000AA03BE03D303E703FC031004250439045A
:10BF40004E04620477048B04A004B404C904DD0425
:10BF5000F20406051B052F05440558056D058105EE
:10BF60009605AB05BF05D405E805FD0512062606B6
:10BF70003B064F06640679068D06A206B706CB0679
:10BF8000E006F40609071E07330747075C07710739
:10BF900085079A07AF07C407D807ED0702081708F7
:10BFA0002B08400855086A087F089308A808BD08B0
:10BFB000D208E708FC08110926093A094F09640963
:10BFC00079098E09A309B809CD09E209F7090C0A14
:10BFD000210A360A4B0A600A750A8A0A9F0AB40ABD
:10BFE000C90ADF0AF40A090B1E0B330B480B5E0B60
:10BFF000730B880B9D0BB20BC80BDD0BF20B070C00
:10C000001D0C320C470C5D0C720C870C9D0CB20C95
:10C01000C80CDD0CF30C080D1D0D330D480D5E0D25
:10C02000730D890D9F0DB40DCA0DDF0DF50D0B0EAF
:10C03000200E360E4C0E610E770E8D0EA30EB80E2E
:10C04000CE0EE40EFA0E100F250F3B0F510F670FA7
:10C050007D0F930FA90FBF0FD50FEB0F0110171016
:10C060002D10431059106F1086109C10B210C8107C
:10C07000DE10F5100B11211138114E1164117B11D6
:10C080009111A811BE11D511EB11021218122F1225
:10C0900045125C1273128912A012B712CD12E4126B
:10C0A000FB12121329133F1356136D1384139B13A2
:10C0B000B213C913E013F7130E1426143D145414CD
:10C0C0006B1482149A14B114C814E014F7140E15EA
:10C0D00026153D1555156C1584159C15B315CB15F6
:10C0E000E315FA1512162A164216591671168916F4
:10C0F000A116B916D116E91601171A1732174A17E1
:10C1000062177A179317AB17C417DC17F4170D18BB
:10C1100025183E1857186F188818A118BA18D21881
:10C12000EB1804191D1936194F19681981199A1934
:10C13000B419CD19E619001A191A321A4C1A651ACF
:10C140007F1A991AB21ACC1AE61A001B191B331B54
:10C150004D1B671B811B9C1BB61BD01BEA1B051CC0
:10C160001F1C391C541C6E1C891CA41CBE1CD91C11
:10C17000F41C0F1D2A1D451D601D7B1D961DB21D43
:10C18000CD1DE81D041E1F1E3B1E571E731E8E1E56
:10C19000AA1EC61EE21EFE1E1A1F371F531F6F1F48
:10C1A0008C1FA81FC51FE21FFE1F1B203820552013
:10C1B00072208F20AD20CA20E720052123214021B5
:10C1C0005E217C219A21B821D621F421132231222B
:10C1D00050226E228D22AC22CB22EA220923282370
:10C1E000482367238723A723C623E623072427247E
:10C1F000472467248824A924CA24EB240C252D2550
:10C200004E2570259125B325D525F72519263C26E1
:10C210005E268126A426C726EA260E273127552723
:10C2200079279D27C127E5270A282F285428792810
:10C230009F28C428EA28102936295D298429AB299A
:10C24000D229F929212A492A712A9A2AC22AEC2AB2
:10C25000152B3E2B682B932BBD2BE82B132C3F2C3F
:10C260006B2C972CC42CF12C1E2D4C2D7A2DA82D27
:10C27000D82D072E372E672E982ECA2EFC2E2E2F45
:10C28000612F952FC92FFE2F34306A30A130D9305D
:10C2900011314A318431BF31FB3138327632B53217
:10C2A000F53237337933BD3303344A349334DD34D4
:10C2B0002A357835C9351D367336CC3629378A3755
:10C2C000EF375938C9384139C1394D3AE73A963BC9
:10C2D000653C733DFF3F0000446929414F1E6EC11C
:10C2E0006E69A9400000000065AAEAC00000104184
:10C2F0007155E5BF0000003E000000000000000096
:10C300000000803F00000000000000000000003F2F
:10C310000000003F0000000065AAEAC000001841CC
:10C32000ACAA1AC00000803E65AAEAC0000018410D
:10C33000ACAA1AC00000803E0000803F77BEFF3FDD
:10C340006F12033B0000803F6666A63F0000803FFF
:10C350000000803F0000803F000000000000003D22
:10C360000000003E0000003D0000003D0000404194
:10C37000000040410000804000008040000040403C
:10C3800000004040000000400000804000004040AD
:10C3900000008040000040400000804000008040DD
:10C3A000000000000000803D0000803E0000E040F2
:10C3B000000040410000C0410000E0400000E040BB
:10C3C0000000E0400000E0400000E0400000E040ED
:10C3D0000000E0400000E0400000E0400000E040DD
:10C3E0000000E0400000E040000000000000C03D10
:10C3F0000000C03E0000E1400080404100001042CB
:10C400000000984100004041000030410000204100
:10C4100000004041000040410000404100006041F8
:10C420000000604100008041000080410000804128
:10C430000000803D0000C03D0000003E0000403E86
:10C440000000803E0000C03E0000003F0000403F72
:10C450000000803F0000C03F00000040000040405E
:10C46000000080400000C04000000041000040414A
:10C47000008040C020A060E0109050D030B070F03C
:10C48000088848C828A868E8189858D838B878F8AC
:10C49000048444C424A464E4149454D434B474F4DC
:10C4A0000C8C4CCC2CAC6CEC1C9C5CDC3CBC7CFC4C
:10C4B000028242C222A262E2129252D232B272F2DC
:10C4C0000A8A4ACA2AAA6AEA1A9A5ADA3ABA7AFA4C
:10C4D000068646C626A666E6169656D636B676F67C
:10C4E0000E8E4ECE2EAE6EEE1E9E5EDE3EBE7EFEEC
:10C4F000018141C121A161E1119151D131B171F1AC
:10C50000098949C929A969E9199959D939B979F91B
:10C51000058545C525A565E5159555D535B575F54B
:10C520000D8D4DCD2DAD6DED1D9D5DDD3DBD7DFDBB
:10C53000038343C323A363E3139353D333B373F34B
:10C540000B8B4BCB2BAB6BEB1B9B5BDB3BBB7BFBBB
:10C55000078747C727A767E7179757D737B777F7EB
:10C560000F8F4FCF2FAF6FEF1F9F5FDF3FBF7FFF5B
:10C5700000000000F8B500BFF8BC08BC9E4670473C
:10C58000F8B500BFF8BC08BC9E467047000000002C
:10C5900004F01FE57402002000000000000000000D
:10C5A0000000000001020304010203040607080959
:10C5B0002100000084828486848A848E84928496FA
:10C5C000849A849E84A284A684AA84AE84B284B60B
:10C5D00084BA84BE84C184C384C584C784C984CB1F
:10C5E00084CD84CF84D184D384D584D784D984DB8B
:10C5F00084DD84DF04E104E204E304E404E504E60A
:10C6000004E704E804E904EA04EB04EC04ED04EEB6
:10C6100004EF04F0C4F044F1C4F144F2C4F244F372
:10C62000C4F344F4C4F444F5C4F544F6C4F644F742
:10C63000C4F744F8A4F8E4F824F964F9A4F9E4F997
:10C6400024FA64FAA4FAE4FA24FB64FBA4FBE4FBF6
:10C6500024FC64FC94FCB4FCD4FCF4FC14FD34FD18
:10C6600054FD74FD94FDB4FDD4FDF4FD14FE34FEC0
:10C6700054FE74FE8CFE9CFEACFEBCFECCFEDCFECA
:10C68000ECFEFCFE0CFF1CFF2CFF3CFF4CFF5CFF94
:10C690006CFF7CFF88FF90FF98FFA0FFA8FFB0FF12
:10C6A000B8FFC0FFC8FFD0FFD8FFE0FFE8FFF0FFF2
:10C6B000F8FF00007C7D7C797C757C717C6D7C69E9
:10C6C0007C657C617C5D7C597C557C517C4D7C49D2
:10C6D0007C457C417C3E7C3C7C3A7C387C367C349E
:10C6E0007C327C307C2E7C2C7C2A7C287C267C2412
:10C6F0007C227C20FC1EFC1DFC1CFC1BFC1AFC1973
:10C70000FC18FC17FC16FC15FC14FC13FC12FC11A5
:10C71000FC10FC0F3C0FBC0E3C0EBC0D3C0DBC0CC9
:10C720003C0CBC0B3C0BBC0A3C0ABC093C09BC08D9
:10C730003C08BC075C071C07DC069C065C061C0664
:10C74000DC059C055C051C05DC049C045C041C04E5
:10C75000DC039C036C034C032C030C03EC02CC02A3
:10C76000AC028C026C024C022C020C02EC01CC01DB
:10C77000AC018C01740164015401440134012401B1
:10C7800014010401F400E400D400C400B400A400C7
:10C790009400840078007000680060005800500029
:10C7A0004800400038003000280020001800100029
:10C7B0000800000001000000CDCC4C3D010000004D
:10C7C0000AD7233C000000000AD7233C00010000E8
:10C7D000CDCCCC3D000000000AD7233C0000000077
:10C7E0000000803F00000000CDCC4C3D0001000067
:10C7F000CDCC4C3E000000000AD7233C00010000D5
:10C800000AD7233CFF0000000000000000000000E9
:040000050800A42922
:00000001FF
